날짜,통화쌍,값,출처
2021-09-01,달러/유로,1.185,https://fred.stlouisfed.org/series/DEXUSEU
2021-09-02,달러/유로,1.1858,https://fred.stlouisfed.org/series/DEXUSEU
2021-09-03,달러/유로,1.1884,https://fred.stlouisfed.org/series/DEXUSEU
2021-09-07,달러/유로,1.1849,https://fred.stlouisfed.org/series/DEXUSEU
2021-09-08,달러/유로,1.1818,https://fred.stlouisfed.org/series/DEXUSEU
2021-09-09,달러/유로,1.1827,https://fred.stlouisfed.org/series/DEXUSEU
2021-09-10,달러/유로,1.1821,https://fred.stlouisfed.org/series/DEXUSEU
2021-09-13,달러/유로,1.1809,https://fred.stlouisfed.org/series/DEXUSEU
2021-09-14,달러/유로,1.1824,https://fred.stlouisfed.org/series/DEXUSEU
2021-09-15,달러/유로,1.1811,https://fred.stlouisfed.org/series/DEXUSEU
2021-09-16,달러/유로,1.1764,https://fred.stlouisfed.org/series/DEXUSEU
2021-09-17,달러/유로,1.1734,https://fred.stlouisfed.org/series/DEXUSEU
2021-09-20,달러/유로,1.1729,https://fred.stlouisfed.org/series/DEXUSEU
2021-09-21,달러/유로,1.1724,https://fred.stlouisfed.org/series/DEXUSEU
2021-09-22,달러/유로,1.1739,https://fred.stlouisfed.org/series/DEXUSEU
2021-09-23,달러/유로,1.1735,https://fred.stlouisfed.org/series/DEXUSEU
2021-09-24,달러/유로,1.1715,https://fred.stlouisfed.org/series/DEXUSEU
2021-09-27,달러/유로,1.1702,https://fred.stlouisfed.org/series/DEXUSEU
2021-09-28,달러/유로,1.1681,https://fred.stlouisfed.org/series/DEXUSEU
2021-09-29,달러/유로,1.1612,https://fred.stlouisfed.org/series/DEXUSEU
2021-09-30,달러/유로,1.1577,https://fred.stlouisfed.org/series/DEXUSEU
2021-10-01,달러/유로,1.1598,https://fred.stlouisfed.org/series/DEXUSEU
2021-10-04,달러/유로,1.1622,https://fred.stlouisfed.org/series/DEXUSEU
2021-10-05,달러/유로,1.1609,https://fred.stlouisfed.org/series/DEXUSEU
2021-10-06,달러/유로,1.1546,https://fred.stlouisfed.org/series/DEXUSEU
2021-10-07,달러/유로,1.1561,https://fred.stlouisfed.org/series/DEXUSEU
2021-10-08,달러/유로,1.1572,https://fred.stlouisfed.org/series/DEXUSEU
2021-10-12,달러/유로,1.1541,https://fred.stlouisfed.org/series/DEXUSEU
2021-10-13,달러/유로,1.1568,https://fred.stlouisfed.org/series/DEXUSEU
2021-10-14,달러/유로,1.1591,https://fred.stlouisfed.org/series/DEXUSEU
2021-10-15,달러/유로,1.1594,https://fred.stlouisfed.org/series/DEXUSEU
2021-10-18,달러/유로,1.1609,https://fred.stlouisfed.org/series/DEXUSEU
2021-10-19,달러/유로,1.1632,https://fred.stlouisfed.org/series/DEXUSEU
2021-10-20,달러/유로,1.1643,https://fred.stlouisfed.org/series/DEXUSEU
2021-10-21,달러/유로,1.1643,https://fred.stlouisfed.org/series/DEXUSEU
2021-10-22,달러/유로,1.1632,https://fred.stlouisfed.org/series/DEXUSEU
2021-10-25,달러/유로,1.1609,https://fred.stlouisfed.org/series/DEXUSEU
2021-10-26,달러/유로,1.159,https://fred.stlouisfed.org/series/DEXUSEU
2021-10-27,달러/유로,1.16,https://fred.stlouisfed.org/series/DEXUSEU
2021-10-28,달러/유로,1.1685,https://fred.stlouisfed.org/series/DEXUSEU
2021-10-29,달러/유로,1.1552,https://fred.stlouisfed.org/series/DEXUSEU
2021-11-01,달러/유로,1.1591,https://fred.stlouisfed.org/series/DEXUSEU
2021-11-02,달러/유로,1.1581,https://fred.stlouisfed.org/series/DEXUSEU
2021-11-03,달러/유로,1.1584,https://fred.stlouisfed.org/series/DEXUSEU
2021-11-04,달러/유로,1.1546,https://fred.stlouisfed.org/series/DEXUSEU
2021-11-05,달러/유로,1.1554,https://fred.stlouisfed.org/series/DEXUSEU
2021-11-08,달러/유로,1.159,https://fred.stlouisfed.org/series/DEXUSEU
2021-11-09,달러/유로,1.1589,https://fred.stlouisfed.org/series/DEXUSEU
2021-11-10,달러/유로,1.1517,https://fred.stlouisfed.org/series/DEXUSEU
2021-11-12,달러/유로,1.1443,https://fred.stlouisfed.org/series/DEXUSEU
2021-11-15,달러/유로,1.1421,https://fred.stlouisfed.org/series/DEXUSEU
2021-11-16,달러/유로,1.1333,https://fred.stlouisfed.org/series/DEXUSEU
2021-11-17,달러/유로,1.1322,https://fred.stlouisfed.org/series/DEXUSEU
2021-11-18,달러/유로,1.1358,https://fred.stlouisfed.org/series/DEXUSEU
2021-11-19,달러/유로,1.1318,https://fred.stlouisfed.org/series/DEXUSEU
2021-11-22,달러/유로,1.126,https://fred.stlouisfed.org/series/DEXUSEU
2021-11-23,달러/유로,1.1265,https://fred.stlouisfed.org/series/DEXUSEU
2021-11-24,달러/유로,1.1196,https://fred.stlouisfed.org/series/DEXUSEU
2021-11-26,달러/유로,1.1302,https://fred.stlouisfed.org/series/DEXUSEU
2021-11-29,달러/유로,1.1261,https://fred.stlouisfed.org/series/DEXUSEU
2021-11-30,달러/유로,1.1287,https://fred.stlouisfed.org/series/DEXUSEU
2021-12-01,달러/유로,1.1323,https://fred.stlouisfed.org/series/DEXUSEU
2021-12-02,달러/유로,1.1306,https://fred.stlouisfed.org/series/DEXUSEU
2021-12-03,달러/유로,1.1308,https://fred.stlouisfed.org/series/DEXUSEU
2021-12-06,달러/유로,1.1282,https://fred.stlouisfed.org/series/DEXUSEU
2021-12-07,달러/유로,1.1247,https://fred.stlouisfed.org/series/DEXUSEU
2021-12-08,달러/유로,1.133,https://fred.stlouisfed.org/series/DEXUSEU
2021-12-09,달러/유로,1.1285,https://fred.stlouisfed.org/series/DEXUSEU
2021-12-10,달러/유로,1.1312,https://fred.stlouisfed.org/series/DEXUSEU
2021-12-13,달러/유로,1.1298,https://fred.stlouisfed.org/series/DEXUSEU
2021-12-14,달러/유로,1.1267,https://fred.stlouisfed.org/series/DEXUSEU
2021-12-15,달러/유로,1.1261,https://fred.stlouisfed.org/series/DEXUSEU
2021-12-16,달러/유로,1.1309,https://fred.stlouisfed.org/series/DEXUSEU
2021-12-17,달러/유로,1.1277,https://fred.stlouisfed.org/series/DEXUSEU
2021-12-20,달러/유로,1.1298,https://fred.stlouisfed.org/series/DEXUSEU
2021-12-21,달러/유로,1.1272,https://fred.stlouisfed.org/series/DEXUSEU
2021-12-22,달러/유로,1.1324,https://fred.stlouisfed.org/series/DEXUSEU
2021-12-23,달러/유로,1.132,https://fred.stlouisfed.org/series/DEXUSEU
2021-12-27,달러/유로,1.1329,https://fred.stlouisfed.org/series/DEXUSEU
2021-12-28,달러/유로,1.1314,https://fred.stlouisfed.org/series/DEXUSEU
2021-12-29,달러/유로,1.1337,https://fred.stlouisfed.org/series/DEXUSEU
2021-12-30,달러/유로,1.1318,https://fred.stlouisfed.org/series/DEXUSEU
2022-01-03,달러/유로,1.129,https://fred.stlouisfed.org/series/DEXUSEU
2022-01-04,달러/유로,1.1296,https://fred.stlouisfed.org/series/DEXUSEU
2022-01-05,달러/유로,1.1335,https://fred.stlouisfed.org/series/DEXUSEU
2022-01-06,달러/유로,1.1307,https://fred.stlouisfed.org/series/DEXUSEU
2022-01-07,달러/유로,1.1358,https://fred.stlouisfed.org/series/DEXUSEU
2022-01-10,달러/유로,1.1328,https://fred.stlouisfed.org/series/DEXUSEU
2022-01-11,달러/유로,1.1363,https://fred.stlouisfed.org/series/DEXUSEU
2022-01-12,달러/유로,1.1431,https://fred.stlouisfed.org/series/DEXUSEU
2022-01-13,달러/유로,1.1464,https://fred.stlouisfed.org/series/DEXUSEU
2022-01-14,달러/유로,1.1414,https://fred.stlouisfed.org/series/DEXUSEU
2022-01-18,달러/유로,1.1336,https://fred.stlouisfed.org/series/DEXUSEU
2022-01-19,달러/유로,1.1346,https://fred.stlouisfed.org/series/DEXUSEU
2022-01-20,달러/유로,1.1336,https://fred.stlouisfed.org/series/DEXUSEU
2022-01-21,달러/유로,1.1346,https://fred.stlouisfed.org/series/DEXUSEU
2022-01-24,달러/유로,1.131,https://fred.stlouisfed.org/series/DEXUSEU
2022-01-25,달러/유로,1.1283,https://fred.stlouisfed.org/series/DEXUSEU
2022-01-26,달러/유로,1.1279,https://fred.stlouisfed.org/series/DEXUSEU
2022-01-27,달러/유로,1.1141,https://fred.stlouisfed.org/series/DEXUSEU
2022-01-28,달러/유로,1.116,https://fred.stlouisfed.org/series/DEXUSEU
2022-01-31,달러/유로,1.1212,https://fred.stlouisfed.org/series/DEXUSEU
2022-02-01,달러/유로,1.1239,https://fred.stlouisfed.org/series/DEXUSEU
2022-02-02,달러/유로,1.1299,https://fred.stlouisfed.org/series/DEXUSEU
2022-02-03,달러/유로,1.1425,https://fred.stlouisfed.org/series/DEXUSEU
2022-02-04,달러/유로,1.1455,https://fred.stlouisfed.org/series/DEXUSEU
2022-02-07,달러/유로,1.1434,https://fred.stlouisfed.org/series/DEXUSEU
2022-02-08,달러/유로,1.1416,https://fred.stlouisfed.org/series/DEXUSEU
2022-02-09,달러/유로,1.1435,https://fred.stlouisfed.org/series/DEXUSEU
2022-02-10,달러/유로,1.1487,https://fred.stlouisfed.org/series/DEXUSEU
2022-02-11,달러/유로,1.1404,https://fred.stlouisfed.org/series/DEXUSEU
2022-02-14,달러/유로,1.1306,https://fred.stlouisfed.org/series/DEXUSEU
2022-02-15,달러/유로,1.1363,https://fred.stlouisfed.org/series/DEXUSEU
2022-02-16,달러/유로,1.1381,https://fred.stlouisfed.org/series/DEXUSEU
2022-02-17,달러/유로,1.1364,https://fred.stlouisfed.org/series/DEXUSEU
2022-02-18,달러/유로,1.1327,https://fred.stlouisfed.org/series/DEXUSEU
2022-02-22,달러/유로,1.1342,https://fred.stlouisfed.org/series/DEXUSEU
2022-02-23,달러/유로,1.1316,https://fred.stlouisfed.org/series/DEXUSEU
2022-02-24,달러/유로,1.1154,https://fred.stlouisfed.org/series/DEXUSEU
2022-02-25,달러/유로,1.1261,https://fred.stlouisfed.org/series/DEXUSEU
2022-02-28,달러/유로,1.1224,https://fred.stlouisfed.org/series/DEXUSEU
2022-03-01,달러/유로,1.1103,https://fred.stlouisfed.org/series/DEXUSEU
2022-03-02,달러/유로,1.1102,https://fred.stlouisfed.org/series/DEXUSEU
2022-03-03,달러/유로,1.1053,https://fred.stlouisfed.org/series/DEXUSEU
2022-03-04,달러/유로,1.0912,https://fred.stlouisfed.org/series/DEXUSEU
2022-03-07,달러/유로,1.086,https://fred.stlouisfed.org/series/DEXUSEU
2022-03-08,달러/유로,1.0881,https://fred.stlouisfed.org/series/DEXUSEU
2022-03-09,달러/유로,1.1069,https://fred.stlouisfed.org/series/DEXUSEU
2022-03-10,달러/유로,1.1007,https://fred.stlouisfed.org/series/DEXUSEU
2022-03-11,달러/유로,1.0937,https://fred.stlouisfed.org/series/DEXUSEU
2022-03-14,달러/유로,1.0979,https://fred.stlouisfed.org/series/DEXUSEU
2022-03-15,달러/유로,1.0974,https://fred.stlouisfed.org/series/DEXUSEU
2022-03-16,달러/유로,1.0996,https://fred.stlouisfed.org/series/DEXUSEU
2022-03-17,달러/유로,1.111,https://fred.stlouisfed.org/series/DEXUSEU
2022-03-18,달러/유로,1.1044,https://fred.stlouisfed.org/series/DEXUSEU
2022-03-21,달러/유로,1.1048,https://fred.stlouisfed.org/series/DEXUSEU
2022-03-22,달러/유로,1.1022,https://fred.stlouisfed.org/series/DEXUSEU
2022-03-23,달러/유로,1.1001,https://fred.stlouisfed.org/series/DEXUSEU
2022-03-24,달러/유로,1.1006,https://fred.stlouisfed.org/series/DEXUSEU
2022-03-25,달러/유로,1.0985,https://fred.stlouisfed.org/series/DEXUSEU
2022-03-28,달러/유로,1.0977,https://fred.stlouisfed.org/series/DEXUSEU
2022-03-29,달러/유로,1.1104,https://fred.stlouisfed.org/series/DEXUSEU
2022-03-30,달러/유로,1.1163,https://fred.stlouisfed.org/series/DEXUSEU
2022-03-31,달러/유로,1.1093,https://fred.stlouisfed.org/series/DEXUSEU
2022-04-01,달러/유로,1.1043,https://fred.stlouisfed.org/series/DEXUSEU
2022-04-04,달러/유로,1.0992,https://fred.stlouisfed.org/series/DEXUSEU
2022-04-05,달러/유로,1.0921,https://fred.stlouisfed.org/series/DEXUSEU
2022-04-06,달러/유로,1.0913,https://fred.stlouisfed.org/series/DEXUSEU
2022-04-07,달러/유로,1.09,https://fred.stlouisfed.org/series/DEXUSEU
2022-04-08,달러/유로,1.0874,https://fred.stlouisfed.org/series/DEXUSEU
2022-04-11,달러/유로,1.0875,https://fred.stlouisfed.org/series/DEXUSEU
2022-04-12,달러/유로,1.0852,https://fred.stlouisfed.org/series/DEXUSEU
2022-04-13,달러/유로,1.0874,https://fred.stlouisfed.org/series/DEXUSEU
2022-04-14,달러/유로,1.0796,https://fred.stlouisfed.org/series/DEXUSEU
2022-04-15,달러/유로,1.0812,https://fred.stlouisfed.org/series/DEXUSEU
2022-04-18,달러/유로,1.0785,https://fred.stlouisfed.org/series/DEXUSEU
2022-04-19,달러/유로,1.0789,https://fred.stlouisfed.org/series/DEXUSEU
2022-04-20,달러/유로,1.0857,https://fred.stlouisfed.org/series/DEXUSEU
2022-04-21,달러/유로,1.0839,https://fred.stlouisfed.org/series/DEXUSEU
2022-04-22,달러/유로,1.079,https://fred.stlouisfed.org/series/DEXUSEU
2022-04-25,달러/유로,1.0703,https://fred.stlouisfed.org/series/DEXUSEU
2022-04-26,달러/유로,1.0661,https://fred.stlouisfed.org/series/DEXUSEU
2022-04-27,달러/유로,1.0549,https://fred.stlouisfed.org/series/DEXUSEU
2022-04-28,달러/유로,1.05,https://fred.stlouisfed.org/series/DEXUSEU
2022-04-29,달러/유로,1.0537,https://fred.stlouisfed.org/series/DEXUSEU
2022-05-02,달러/유로,1.0521,https://fred.stlouisfed.org/series/DEXUSEU
2022-05-03,달러/유로,1.0532,https://fred.stlouisfed.org/series/DEXUSEU
2022-05-04,달러/유로,1.0539,https://fred.stlouisfed.org/series/DEXUSEU
2022-05-05,달러/유로,1.0507,https://fred.stlouisfed.org/series/DEXUSEU
2022-05-06,달러/유로,1.0572,https://fred.stlouisfed.org/series/DEXUSEU
2022-05-09,달러/유로,1.0559,https://fred.stlouisfed.org/series/DEXUSEU
2022-05-10,달러/유로,1.0531,https://fred.stlouisfed.org/series/DEXUSEU
2022-05-11,달러/유로,1.0537,https://fred.stlouisfed.org/series/DEXUSEU
2022-05-12,달러/유로,1.0376,https://fred.stlouisfed.org/series/DEXUSEU
2022-05-13,달러/유로,1.041,https://fred.stlouisfed.org/series/DEXUSEU
2022-05-16,달러/유로,1.042,https://fred.stlouisfed.org/series/DEXUSEU
2022-05-17,달러/유로,1.0532,https://fred.stlouisfed.org/series/DEXUSEU
2022-05-18,달러/유로,1.0494,https://fred.stlouisfed.org/series/DEXUSEU
2022-05-19,달러/유로,1.0587,https://fred.stlouisfed.org/series/DEXUSEU
2022-05-20,달러/유로,1.0559,https://fred.stlouisfed.org/series/DEXUSEU
2022-05-23,달러/유로,1.0668,https://fred.stlouisfed.org/series/DEXUSEU
2022-05-24,달러/유로,1.0744,https://fred.stlouisfed.org/series/DEXUSEU
2022-05-25,달러/유로,1.0658,https://fred.stlouisfed.org/series/DEXUSEU
2022-05-26,달러/유로,1.0725,https://fred.stlouisfed.org/series/DEXUSEU
2022-05-27,달러/유로,1.0709,https://fred.stlouisfed.org/series/DEXUSEU
2022-05-31,달러/유로,1.0731,https://fred.stlouisfed.org/series/DEXUSEU
2022-06-01,달러/유로,1.0646,https://fred.stlouisfed.org/series/DEXUSEU
2022-06-02,달러/유로,1.0733,https://fred.stlouisfed.org/series/DEXUSEU
2022-06-03,달러/유로,1.0721,https://fred.stlouisfed.org/series/DEXUSEU
2022-06-06,달러/유로,1.0699,https://fred.stlouisfed.org/series/DEXUSEU
2022-06-07,달러/유로,1.0697,https://fred.stlouisfed.org/series/DEXUSEU
2022-06-08,달러/유로,1.074,https://fred.stlouisfed.org/series/DEXUSEU
2022-06-09,달러/유로,1.0656,https://fred.stlouisfed.org/series/DEXUSEU
2022-06-10,달러/유로,1.0521,https://fred.stlouisfed.org/series/DEXUSEU
2022-06-13,달러/유로,1.0436,https://fred.stlouisfed.org/series/DEXUSEU
2022-06-14,달러/유로,1.0416,https://fred.stlouisfed.org/series/DEXUSEU
2022-06-15,달러/유로,1.0388,https://fred.stlouisfed.org/series/DEXUSEU
2022-06-16,달러/유로,1.0531,https://fred.stlouisfed.org/series/DEXUSEU
2022-06-17,달러/유로,1.0473,https://fred.stlouisfed.org/series/DEXUSEU
2022-06-21,달러/유로,1.0548,https://fred.stlouisfed.org/series/DEXUSEU
2022-06-22,달러/유로,1.0583,https://fred.stlouisfed.org/series/DEXUSEU
2022-06-23,달러/유로,1.0503,https://fred.stlouisfed.org/series/DEXUSEU
2022-06-24,달러/유로,1.0539,https://fred.stlouisfed.org/series/DEXUSEU
2022-06-27,달러/유로,1.0601,https://fred.stlouisfed.org/series/DEXUSEU
2022-06-28,달러/유로,1.0534,https://fred.stlouisfed.org/series/DEXUSEU
2022-06-29,달러/유로,1.0477,https://fred.stlouisfed.org/series/DEXUSEU
2022-06-30,달러/유로,1.0469,https://fred.stlouisfed.org/series/DEXUSEU
2022-07-01,달러/유로,1.0409,https://fred.stlouisfed.org/series/DEXUSEU
2022-07-05,달러/유로,1.0254,https://fred.stlouisfed.org/series/DEXUSEU
2022-07-06,달러/유로,1.0173,https://fred.stlouisfed.org/series/DEXUSEU
2022-07-07,달러/유로,1.0159,https://fred.stlouisfed.org/series/DEXUSEU
2022-07-08,달러/유로,1.0178,https://fred.stlouisfed.org/series/DEXUSEU
2022-07-11,달러/유로,1.0088,https://fred.stlouisfed.org/series/DEXUSEU
2022-07-12,달러/유로,1.0069,https://fred.stlouisfed.org/series/DEXUSEU
2022-07-13,달러/유로,1.0081,https://fred.stlouisfed.org/series/DEXUSEU
2022-07-14,달러/유로,1.0028,https://fred.stlouisfed.org/series/DEXUSEU
2022-07-15,달러/유로,1.0089,https://fred.stlouisfed.org/series/DEXUSEU
2022-07-18,달러/유로,1.016,https://fred.stlouisfed.org/series/DEXUSEU
2022-07-19,달러/유로,1.0238,https://fred.stlouisfed.org/series/DEXUSEU
2022-07-20,달러/유로,1.0217,https://fred.stlouisfed.org/series/DEXUSEU
2022-07-21,달러/유로,1.0197,https://fred.stlouisfed.org/series/DEXUSEU
2022-07-22,달러/유로,1.0225,https://fred.stlouisfed.org/series/DEXUSEU
2022-07-25,달러/유로,1.0211,https://fred.stlouisfed.org/series/DEXUSEU
2022-07-26,달러/유로,1.0116,https://fred.stlouisfed.org/series/DEXUSEU
2022-07-27,달러/유로,1.0108,https://fred.stlouisfed.org/series/DEXUSEU
2022-07-28,달러/유로,1.0163,https://fred.stlouisfed.org/series/DEXUSEU
2022-07-29,달러/유로,1.0202,https://fred.stlouisfed.org/series/DEXUSEU
2022-08-01,달러/유로,1.027,https://fred.stlouisfed.org/series/DEXUSEU
2022-08-02,달러/유로,1.0194,https://fred.stlouisfed.org/series/DEXUSEU
2022-08-03,달러/유로,1.0146,https://fred.stlouisfed.org/series/DEXUSEU
2022-08-04,달러/유로,1.0221,https://fred.stlouisfed.org/series/DEXUSEU
2022-08-05,달러/유로,1.017,https://fred.stlouisfed.org/series/DEXUSEU
2022-08-08,달러/유로,1.0207,https://fred.stlouisfed.org/series/DEXUSEU
2022-08-09,달러/유로,1.0226,https://fred.stlouisfed.org/series/DEXUSEU
2022-08-10,달러/유로,1.0337,https://fred.stlouisfed.org/series/DEXUSEU
2022-08-11,달러/유로,1.0338,https://fred.stlouisfed.org/series/DEXUSEU
2022-08-12,달러/유로,1.0257,https://fred.stlouisfed.org/series/DEXUSEU
2022-08-15,달러/유로,1.0186,https://fred.stlouisfed.org/series/DEXUSEU
2022-08-16,달러/유로,1.0174,https://fred.stlouisfed.org/series/DEXUSEU
2022-08-17,달러/유로,1.0164,https://fred.stlouisfed.org/series/DEXUSEU
2022-08-18,달러/유로,1.0114,https://fred.stlouisfed.org/series/DEXUSEU
2022-08-19,달러/유로,1.0039,https://fred.stlouisfed.org/series/DEXUSEU
2022-08-22,달러/유로,0.9936,https://fred.stlouisfed.org/series/DEXUSEU
2022-08-23,달러/유로,0.9976,https://fred.stlouisfed.org/series/DEXUSEU
2022-08-24,달러/유로,0.9967,https://fred.stlouisfed.org/series/DEXUSEU
2022-08-25,달러/유로,0.9959,https://fred.stlouisfed.org/series/DEXUSEU
2022-08-26,달러/유로,0.9998,https://fred.stlouisfed.org/series/DEXUSEU
2022-08-29,달러/유로,1.0,https://fred.stlouisfed.org/series/DEXUSEU
2022-08-30,달러/유로,1.0018,https://fred.stlouisfed.org/series/DEXUSEU
2022-08-31,달러/유로,1.0065,https://fred.stlouisfed.org/series/DEXUSEU
2022-09-01,달러/유로,0.995,https://fred.stlouisfed.org/series/DEXUSEU
2022-09-02,달러/유로,1.003,https://fred.stlouisfed.org/series/DEXUSEU
2022-09-06,달러/유로,0.9914,https://fred.stlouisfed.org/series/DEXUSEU
2022-09-07,달러/유로,0.9942,https://fred.stlouisfed.org/series/DEXUSEU
2022-09-08,달러/유로,0.9956,https://fred.stlouisfed.org/series/DEXUSEU
2022-09-09,달러/유로,1.0046,https://fred.stlouisfed.org/series/DEXUSEU
2022-09-12,달러/유로,1.0129,https://fred.stlouisfed.org/series/DEXUSEU
2022-09-13,달러/유로,0.9997,https://fred.stlouisfed.org/series/DEXUSEU
2022-09-14,달러/유로,0.9993,https://fred.stlouisfed.org/series/DEXUSEU
2022-09-15,달러/유로,0.9991,https://fred.stlouisfed.org/series/DEXUSEU
2022-09-16,달러/유로,1.0013,https://fred.stlouisfed.org/series/DEXUSEU
2022-09-19,달러/유로,1.0003,https://fred.stlouisfed.org/series/DEXUSEU
2022-09-20,달러/유로,0.9994,https://fred.stlouisfed.org/series/DEXUSEU
2022-09-21,달러/유로,0.988,https://fred.stlouisfed.org/series/DEXUSEU
2022-09-22,달러/유로,0.9841,https://fred.stlouisfed.org/series/DEXUSEU
2022-09-23,달러/유로,0.9719,https://fred.stlouisfed.org/series/DEXUSEU
2022-09-26,달러/유로,0.9623,https://fred.stlouisfed.org/series/DEXUSEU
2022-09-27,달러/유로,0.9616,https://fred.stlouisfed.org/series/DEXUSEU
2022-09-28,달러/유로,0.9681,https://fred.stlouisfed.org/series/DEXUSEU
2022-09-29,달러/유로,0.9774,https://fred.stlouisfed.org/series/DEXUSEU
2022-09-30,달러/유로,0.9783,https://fred.stlouisfed.org/series/DEXUSEU
2022-10-03,달러/유로,0.9809,https://fred.stlouisfed.org/series/DEXUSEU
2022-10-04,달러/유로,0.9977,https://fred.stlouisfed.org/series/DEXUSEU
2022-10-05,달러/유로,0.9866,https://fred.stlouisfed.org/series/DEXUSEU
2022-10-06,달러/유로,0.9806,https://fred.stlouisfed.org/series/DEXUSEU
2022-10-07,달러/유로,0.9785,https://fred.stlouisfed.org/series/DEXUSEU
2022-10-11,달러/유로,0.9757,https://fred.stlouisfed.org/series/DEXUSEU
2022-10-12,달러/유로,0.9692,https://fred.stlouisfed.org/series/DEXUSEU
2022-10-13,달러/유로,0.978,https://fred.stlouisfed.org/series/DEXUSEU
2022-10-14,달러/유로,0.9739,https://fred.stlouisfed.org/series/DEXUSEU
2022-10-17,달러/유로,0.9843,https://fred.stlouisfed.org/series/DEXUSEU
2022-10-18,달러/유로,0.9842,https://fred.stlouisfed.org/series/DEXUSEU
2022-10-19,달러/유로,0.978,https://fred.stlouisfed.org/series/DEXUSEU
2022-10-20,달러/유로,0.9823,https://fred.stlouisfed.org/series/DEXUSEU
2022-10-21,달러/유로,0.9855,https://fred.stlouisfed.org/series/DEXUSEU
2022-10-24,달러/유로,0.9874,https://fred.stlouisfed.org/series/DEXUSEU
2022-10-25,달러/유로,0.9959,https://fred.stlouisfed.org/series/DEXUSEU
2022-10-26,달러/유로,1.0068,https://fred.stlouisfed.org/series/DEXUSEU
2022-10-27,달러/유로,0.9985,https://fred.stlouisfed.org/series/DEXUSEU
2022-10-28,달러/유로,0.9934,https://fred.stlouisfed.org/series/DEXUSEU
2022-10-31,달러/유로,0.9885,https://fred.stlouisfed.org/series/DEXUSEU
2022-11-01,달러/유로,0.9871,https://fred.stlouisfed.org/series/DEXUSEU
2022-11-02,달러/유로,0.9875,https://fred.stlouisfed.org/series/DEXUSEU
2022-11-03,달러/유로,0.9759,https://fred.stlouisfed.org/series/DEXUSEU
2022-11-04,달러/유로,0.9895,https://fred.stlouisfed.org/series/DEXUSEU
2022-11-07,달러/유로,0.9997,https://fred.stlouisfed.org/series/DEXUSEU
2022-11-08,달러/유로,1.0089,https://fred.stlouisfed.org/series/DEXUSEU
2022-11-09,달러/유로,1.0037,https://fred.stlouisfed.org/series/DEXUSEU
2022-11-10,달러/유로,1.0176,https://fred.stlouisfed.org/series/DEXUSEU
2022-11-14,달러/유로,1.0337,https://fred.stlouisfed.org/series/DEXUSEU
2022-11-15,달러/유로,1.0372,https://fred.stlouisfed.org/series/DEXUSEU
2022-11-16,달러/유로,1.0395,https://fred.stlouisfed.org/series/DEXUSEU
2022-11-17,달러/유로,1.0341,https://fred.stlouisfed.org/series/DEXUSEU
2022-11-18,달러/유로,1.0349,https://fred.stlouisfed.org/series/DEXUSEU
2022-11-21,달러/유로,1.0238,https://fred.stlouisfed.org/series/DEXUSEU
2022-11-22,달러/유로,1.0276,https://fred.stlouisfed.org/series/DEXUSEU
2022-11-23,달러/유로,1.0364,https://fred.stlouisfed.org/series/DEXUSEU
2022-11-25,달러/유로,1.0402,https://fred.stlouisfed.org/series/DEXUSEU
2022-11-28,달러/유로,1.0386,https://fred.stlouisfed.org/series/DEXUSEU
2022-11-29,달러/유로,1.0356,https://fred.stlouisfed.org/series/DEXUSEU
2022-11-30,달러/유로,1.0323,https://fred.stlouisfed.org/series/DEXUSEU
2022-12-01,달러/유로,1.0498,https://fred.stlouisfed.org/series/DEXUSEU
2022-12-02,달러/유로,1.0521,https://fred.stlouisfed.org/series/DEXUSEU
2022-12-05,달러/유로,1.0494,https://fred.stlouisfed.org/series/DEXUSEU
2022-12-06,달러/유로,1.0497,https://fred.stlouisfed.org/series/DEXUSEU
2022-12-07,달러/유로,1.0505,https://fred.stlouisfed.org/series/DEXUSEU
2022-12-08,달러/유로,1.0552,https://fred.stlouisfed.org/series/DEXUSEU
2022-12-09,달러/유로,1.055,https://fred.stlouisfed.org/series/DEXUSEU
2022-12-12,달러/유로,1.0545,https://fred.stlouisfed.org/series/DEXUSEU
2022-12-13,달러/유로,1.063,https://fred.stlouisfed.org/series/DEXUSEU
2022-12-14,달러/유로,1.0655,https://fred.stlouisfed.org/series/DEXUSEU
2022-12-15,달러/유로,1.0638,https://fred.stlouisfed.org/series/DEXUSEU
2022-12-16,달러/유로,1.061,https://fred.stlouisfed.org/series/DEXUSEU
2022-12-19,달러/유로,1.0624,https://fred.stlouisfed.org/series/DEXUSEU
2022-12-20,달러/유로,1.0635,https://fred.stlouisfed.org/series/DEXUSEU
2022-12-21,달러/유로,1.0599,https://fred.stlouisfed.org/series/DEXUSEU
2022-12-22,달러/유로,1.0588,https://fred.stlouisfed.org/series/DEXUSEU
2022-12-23,달러/유로,1.0621,https://fred.stlouisfed.org/series/DEXUSEU
2022-12-27,달러/유로,1.0654,https://fred.stlouisfed.org/series/DEXUSEU
2022-12-28,달러/유로,1.0622,https://fred.stlouisfed.org/series/DEXUSEU
2022-12-29,달러/유로,1.0668,https://fred.stlouisfed.org/series/DEXUSEU
2022-12-30,달러/유로,1.0698,https://fred.stlouisfed.org/series/DEXUSEU
2023-01-03,달러/유로,1.0559,https://fred.stlouisfed.org/series/DEXUSEU
2023-01-04,달러/유로,1.062,https://fred.stlouisfed.org/series/DEXUSEU
2023-01-05,달러/유로,1.0522,https://fred.stlouisfed.org/series/DEXUSEU
2023-01-06,달러/유로,1.0619,https://fred.stlouisfed.org/series/DEXUSEU
2023-01-09,달러/유로,1.0759,https://fred.stlouisfed.org/series/DEXUSEU
2023-01-10,달러/유로,1.0737,https://fred.stlouisfed.org/series/DEXUSEU
2023-01-11,달러/유로,1.074,https://fred.stlouisfed.org/series/DEXUSEU
2023-01-12,달러/유로,1.0823,https://fred.stlouisfed.org/series/DEXUSEU
2023-01-13,달러/유로,1.0811,https://fred.stlouisfed.org/series/DEXUSEU
2023-01-17,달러/유로,1.0793,https://fred.stlouisfed.org/series/DEXUSEU
2023-01-18,달러/유로,1.0827,https://fred.stlouisfed.org/series/DEXUSEU
2023-01-19,달러/유로,1.081,https://fred.stlouisfed.org/series/DEXUSEU
2023-01-20,달러/유로,1.0831,https://fred.stlouisfed.org/series/DEXUSEU
2023-01-23,달러/유로,1.0865,https://fred.stlouisfed.org/series/DEXUSEU
2023-01-24,달러/유로,1.0873,https://fred.stlouisfed.org/series/DEXUSEU
2023-01-25,달러/유로,1.0901,https://fred.stlouisfed.org/series/DEXUSEU
2023-01-26,달러/유로,1.0866,https://fred.stlouisfed.org/series/DEXUSEU
2023-01-27,달러/유로,1.0857,https://fred.stlouisfed.org/series/DEXUSEU
2023-01-30,달러/유로,1.0867,https://fred.stlouisfed.org/series/DEXUSEU
2023-01-31,달러/유로,1.0858,https://fred.stlouisfed.org/series/DEXUSEU
2023-02-01,달러/유로,1.0917,https://fred.stlouisfed.org/series/DEXUSEU
2023-02-02,달러/유로,1.0918,https://fred.stlouisfed.org/series/DEXUSEU
2023-02-03,달러/유로,1.0825,https://fred.stlouisfed.org/series/DEXUSEU
2023-02-06,달러/유로,1.0722,https://fred.stlouisfed.org/series/DEXUSEU
2023-02-07,달러/유로,1.0705,https://fred.stlouisfed.org/series/DEXUSEU
2023-02-08,달러/유로,1.0734,https://fred.stlouisfed.org/series/DEXUSEU
2023-02-09,달러/유로,1.0761,https://fred.stlouisfed.org/series/DEXUSEU
2023-02-10,달러/유로,1.067,https://fred.stlouisfed.org/series/DEXUSEU
2023-02-13,달러/유로,1.0718,https://fred.stlouisfed.org/series/DEXUSEU
2023-02-14,달러/유로,1.0722,https://fred.stlouisfed.org/series/DEXUSEU
2023-02-15,달러/유로,1.0683,https://fred.stlouisfed.org/series/DEXUSEU
2023-02-16,달러/유로,1.0684,https://fred.stlouisfed.org/series/DEXUSEU
2023-02-17,달러/유로,1.0678,https://fred.stlouisfed.org/series/DEXUSEU
2023-02-21,달러/유로,1.0657,https://fred.stlouisfed.org/series/DEXUSEU
2023-02-22,달러/유로,1.0623,https://fred.stlouisfed.org/series/DEXUSEU
2023-02-23,달러/유로,1.0583,https://fred.stlouisfed.org/series/DEXUSEU
2023-02-24,달러/유로,1.0545,https://fred.stlouisfed.org/series/DEXUSEU
2023-02-27,달러/유로,1.0596,https://fred.stlouisfed.org/series/DEXUSEU
2023-02-28,달러/유로,1.0602,https://fred.stlouisfed.org/series/DEXUSEU
2023-03-01,달러/유로,1.0674,https://fred.stlouisfed.org/series/DEXUSEU
2023-03-02,달러/유로,1.0595,https://fred.stlouisfed.org/series/DEXUSEU
2023-03-03,달러/유로,1.0616,https://fred.stlouisfed.org/series/DEXUSEU
2023-03-06,달러/유로,1.0694,https://fred.stlouisfed.org/series/DEXUSEU
2023-03-07,달러/유로,1.0573,https://fred.stlouisfed.org/series/DEXUSEU
2023-03-08,달러/유로,1.0549,https://fred.stlouisfed.org/series/DEXUSEU
2023-03-09,달러/유로,1.0577,https://fred.stlouisfed.org/series/DEXUSEU
2023-03-10,달러/유로,1.0659,https://fred.stlouisfed.org/series/DEXUSEU
2023-03-13,달러/유로,1.0733,https://fred.stlouisfed.org/series/DEXUSEU
2023-03-14,달러/유로,1.0722,https://fred.stlouisfed.org/series/DEXUSEU
2023-03-15,달러/유로,1.0535,https://fred.stlouisfed.org/series/DEXUSEU
2023-03-16,달러/유로,1.0622,https://fred.stlouisfed.org/series/DEXUSEU
2023-03-17,달러/유로,1.0647,https://fred.stlouisfed.org/series/DEXUSEU
2023-03-20,달러/유로,1.0722,https://fred.stlouisfed.org/series/DEXUSEU
2023-03-21,달러/유로,1.0769,https://fred.stlouisfed.org/series/DEXUSEU
2023-03-22,달러/유로,1.0792,https://fred.stlouisfed.org/series/DEXUSEU
2023-03-23,달러/유로,1.089,https://fred.stlouisfed.org/series/DEXUSEU
2023-03-24,달러/유로,1.0762,https://fred.stlouisfed.org/series/DEXUSEU
2023-03-27,달러/유로,1.0789,https://fred.stlouisfed.org/series/DEXUSEU
2023-03-28,달러/유로,1.0844,https://fred.stlouisfed.org/series/DEXUSEU
2023-03-29,달러/유로,1.0826,https://fred.stlouisfed.org/series/DEXUSEU
2023-03-30,달러/유로,1.0899,https://fred.stlouisfed.org/series/DEXUSEU
2023-03-31,달러/유로,1.0872,https://fred.stlouisfed.org/series/DEXUSEU
2023-04-03,달러/유로,1.0891,https://fred.stlouisfed.org/series/DEXUSEU
2023-04-04,달러/유로,1.0951,https://fred.stlouisfed.org/series/DEXUSEU
2023-04-05,달러/유로,1.0918,https://fred.stlouisfed.org/series/DEXUSEU
2023-04-06,달러/유로,1.0927,https://fred.stlouisfed.org/series/DEXUSEU
2023-04-07,달러/유로,1.0913,https://fred.stlouisfed.org/series/DEXUSEU
2023-04-10,달러/유로,1.084,https://fred.stlouisfed.org/series/DEXUSEU
2023-04-11,달러/유로,1.0906,https://fred.stlouisfed.org/series/DEXUSEU
2023-04-12,달러/유로,1.0987,https://fred.stlouisfed.org/series/DEXUSEU
2023-04-13,달러/유로,1.1054,https://fred.stlouisfed.org/series/DEXUSEU
2023-04-14,달러/유로,1.098,https://fred.stlouisfed.org/series/DEXUSEU
2023-04-17,달러/유로,1.0915,https://fred.stlouisfed.org/series/DEXUSEU
2023-04-18,달러/유로,1.0958,https://fred.stlouisfed.org/series/DEXUSEU
2023-04-19,달러/유로,1.0953,https://fred.stlouisfed.org/series/DEXUSEU
2023-04-20,달러/유로,1.097,https://fred.stlouisfed.org/series/DEXUSEU
2023-04-21,달러/유로,1.0973,https://fred.stlouisfed.org/series/DEXUSEU
2023-04-24,달러/유로,1.1027,https://fred.stlouisfed.org/series/DEXUSEU
2023-04-25,달러/유로,1.0968,https://fred.stlouisfed.org/series/DEXUSEU
2023-04-26,달러/유로,1.1052,https://fred.stlouisfed.org/series/DEXUSEU
2023-04-27,달러/유로,1.1017,https://fred.stlouisfed.org/series/DEXUSEU
2023-04-28,달러/유로,1.104,https://fred.stlouisfed.org/series/DEXUSEU
2023-05-01,달러/유로,1.097,https://fred.stlouisfed.org/series/DEXUSEU
2023-05-02,달러/유로,1.0997,https://fred.stlouisfed.org/series/DEXUSEU
2023-05-03,달러/유로,1.1049,https://fred.stlouisfed.org/series/DEXUSEU
2023-05-04,달러/유로,1.1009,https://fred.stlouisfed.org/series/DEXUSEU
2023-05-05,달러/유로,1.1026,https://fred.stlouisfed.org/series/DEXUSEU
2023-05-08,달러/유로,1.102,https://fred.stlouisfed.org/series/DEXUSEU
2023-05-09,달러/유로,1.0953,https://fred.stlouisfed.org/series/DEXUSEU
2023-05-10,달러/유로,1.0966,https://fred.stlouisfed.org/series/DEXUSEU
2023-05-11,달러/유로,1.0916,https://fred.stlouisfed.org/series/DEXUSEU
2023-05-12,달러/유로,1.0856,https://fred.stlouisfed.org/series/DEXUSEU
2023-05-15,달러/유로,1.0874,https://fred.stlouisfed.org/series/DEXUSEU
2023-05-16,달러/유로,1.0866,https://fred.stlouisfed.org/series/DEXUSEU
2023-05-17,달러/유로,1.083,https://fred.stlouisfed.org/series/DEXUSEU
2023-05-18,달러/유로,1.0776,https://fred.stlouisfed.org/series/DEXUSEU
2023-05-19,달러/유로,1.0819,https://fred.stlouisfed.org/series/DEXUSEU
2023-05-22,달러/유로,1.0806,https://fred.stlouisfed.org/series/DEXUSEU
2023-05-23,달러/유로,1.0771,https://fred.stlouisfed.org/series/DEXUSEU
2023-05-24,달러/유로,1.0758,https://fred.stlouisfed.org/series/DEXUSEU
2023-05-25,달러/유로,1.0725,https://fred.stlouisfed.org/series/DEXUSEU
2023-05-26,달러/유로,1.0713,https://fred.stlouisfed.org/series/DEXUSEU
2023-05-30,달러/유로,1.0722,https://fred.stlouisfed.org/series/DEXUSEU
2023-05-31,달러/유로,1.0654,https://fred.stlouisfed.org/series/DEXUSEU
2023-06-01,달러/유로,1.0752,https://fred.stlouisfed.org/series/DEXUSEU
2023-06-02,달러/유로,1.0724,https://fred.stlouisfed.org/series/DEXUSEU
2023-06-05,달러/유로,1.0721,https://fred.stlouisfed.org/series/DEXUSEU
2023-06-06,달러/유로,1.0695,https://fred.stlouisfed.org/series/DEXUSEU
2023-06-07,달러/유로,1.0702,https://fred.stlouisfed.org/series/DEXUSEU
2023-06-08,달러/유로,1.078,https://fred.stlouisfed.org/series/DEXUSEU
2023-06-09,달러/유로,1.0749,https://fred.stlouisfed.org/series/DEXUSEU
2023-06-12,달러/유로,1.0747,https://fred.stlouisfed.org/series/DEXUSEU
2023-06-13,달러/유로,1.0792,https://fred.stlouisfed.org/series/DEXUSEU
2023-06-14,달러/유로,1.0859,https://fred.stlouisfed.org/series/DEXUSEU
2023-06-15,달러/유로,1.0933,https://fred.stlouisfed.org/series/DEXUSEU
2023-06-16,달러/유로,1.0925,https://fred.stlouisfed.org/series/DEXUSEU
2023-06-20,달러/유로,1.09,https://fred.stlouisfed.org/series/DEXUSEU
2023-06-21,달러/유로,1.0951,https://fred.stlouisfed.org/series/DEXUSEU
2023-06-22,달러/유로,1.0953,https://fred.stlouisfed.org/series/DEXUSEU
2023-06-23,달러/유로,1.0887,https://fred.stlouisfed.org/series/DEXUSEU
2023-06-26,달러/유로,1.091,https://fred.stlouisfed.org/series/DEXUSEU
2023-06-27,달러/유로,1.0961,https://fred.stlouisfed.org/series/DEXUSEU
2023-06-28,달러/유로,1.0904,https://fred.stlouisfed.org/series/DEXUSEU
2023-06-29,달러/유로,1.0881,https://fred.stlouisfed.org/series/DEXUSEU
2023-06-30,달러/유로,1.092,https://fred.stlouisfed.org/series/DEXUSEU
2023-07-03,달러/유로,1.0919,https://fred.stlouisfed.org/series/DEXUSEU
2023-07-05,달러/유로,1.0868,https://fred.stlouisfed.org/series/DEXUSEU
2023-07-06,달러/유로,1.0873,https://fred.stlouisfed.org/series/DEXUSEU
2023-07-07,달러/유로,1.0964,https://fred.stlouisfed.org/series/DEXUSEU
2023-07-10,달러/유로,1.0991,https://fred.stlouisfed.org/series/DEXUSEU
2023-07-11,달러/유로,1.0992,https://fred.stlouisfed.org/series/DEXUSEU
2023-07-12,달러/유로,1.1123,https://fred.stlouisfed.org/series/DEXUSEU
2023-07-13,달러/유로,1.1194,https://fred.stlouisfed.org/series/DEXUSEU
2023-07-14,달러/유로,1.1237,https://fred.stlouisfed.org/series/DEXUSEU
2023-07-17,달러/유로,1.1236,https://fred.stlouisfed.org/series/DEXUSEU
2023-07-18,달러/유로,1.1223,https://fred.stlouisfed.org/series/DEXUSEU
2023-07-19,달러/유로,1.1195,https://fred.stlouisfed.org/series/DEXUSEU
2023-07-20,달러/유로,1.1135,https://fred.stlouisfed.org/series/DEXUSEU
2023-07-21,달러/유로,1.112,https://fred.stlouisfed.org/series/DEXUSEU
2023-07-24,달러/유로,1.1083,https://fred.stlouisfed.org/series/DEXUSEU
2023-07-25,달러/유로,1.105,https://fred.stlouisfed.org/series/DEXUSEU
2023-07-26,달러/유로,1.1078,https://fred.stlouisfed.org/series/DEXUSEU
2023-07-27,달러/유로,1.0998,https://fred.stlouisfed.org/series/DEXUSEU
2023-07-28,달러/유로,1.1039,https://fred.stlouisfed.org/series/DEXUSEU
2023-07-31,달러/유로,1.102,https://fred.stlouisfed.org/series/DEXUSEU
2023-08-01,달러/유로,1.0971,https://fred.stlouisfed.org/series/DEXUSEU
2023-08-02,달러/유로,1.0939,https://fred.stlouisfed.org/series/DEXUSEU
2023-08-03,달러/유로,1.0947,https://fred.stlouisfed.org/series/DEXUSEU
2023-08-04,달러/유로,1.1036,https://fred.stlouisfed.org/series/DEXUSEU
2023-08-07,달러/유로,1.1,https://fred.stlouisfed.org/series/DEXUSEU
2023-08-08,달러/유로,1.0951,https://fred.stlouisfed.org/series/DEXUSEU
2023-08-09,달러/유로,1.0975,https://fred.stlouisfed.org/series/DEXUSEU
2023-08-10,달러/유로,1.1016,https://fred.stlouisfed.org/series/DEXUSEU
2023-08-11,달러/유로,1.0957,https://fred.stlouisfed.org/series/DEXUSEU
2023-08-14,달러/유로,1.0922,https://fred.stlouisfed.org/series/DEXUSEU
2023-08-15,달러/유로,1.0928,https://fred.stlouisfed.org/series/DEXUSEU
2023-08-16,달러/유로,1.0904,https://fred.stlouisfed.org/series/DEXUSEU
2023-08-17,달러/유로,1.0874,https://fred.stlouisfed.org/series/DEXUSEU
2023-08-18,달러/유로,1.0875,https://fred.stlouisfed.org/series/DEXUSEU
2023-08-21,달러/유로,1.0888,https://fred.stlouisfed.org/series/DEXUSEU
2023-08-22,달러/유로,1.0846,https://fred.stlouisfed.org/series/DEXUSEU
2023-08-23,달러/유로,1.0862,https://fred.stlouisfed.org/series/DEXUSEU
2023-08-24,달러/유로,1.0826,https://fred.stlouisfed.org/series/DEXUSEU
2023-08-25,달러/유로,1.0787,https://fred.stlouisfed.org/series/DEXUSEU
2023-08-28,달러/유로,1.081,https://fred.stlouisfed.org/series/DEXUSEU
2023-08-29,달러/유로,1.0851,https://fred.stlouisfed.org/series/DEXUSEU
2023-08-30,달러/유로,1.0926,https://fred.stlouisfed.org/series/DEXUSEU
2023-08-31,달러/유로,1.0839,https://fred.stlouisfed.org/series/DEXUSEU
2023-09-01,달러/유로,1.0787,https://fred.stlouisfed.org/series/DEXUSEU
2023-09-05,달러/유로,1.0727,https://fred.stlouisfed.org/series/DEXUSEU
2023-09-06,달러/유로,1.0714,https://fred.stlouisfed.org/series/DEXUSEU
2023-09-07,달러/유로,1.0704,https://fred.stlouisfed.org/series/DEXUSEU
2023-09-08,달러/유로,1.0709,https://fred.stlouisfed.org/series/DEXUSEU
2023-09-11,달러/유로,1.0744,https://fred.stlouisfed.org/series/DEXUSEU
2023-09-12,달러/유로,1.0726,https://fred.stlouisfed.org/series/DEXUSEU
2023-09-13,달러/유로,1.0737,https://fred.stlouisfed.org/series/DEXUSEU
2023-09-14,달러/유로,1.066,https://fred.stlouisfed.org/series/DEXUSEU
2023-09-15,달러/유로,1.0673,https://fred.stlouisfed.org/series/DEXUSEU
2023-09-18,달러/유로,1.0695,https://fred.stlouisfed.org/series/DEXUSEU
2023-09-19,달러/유로,1.0684,https://fred.stlouisfed.org/series/DEXUSEU
2023-09-20,달러/유로,1.0715,https://fred.stlouisfed.org/series/DEXUSEU
2023-09-21,달러/유로,1.0664,https://fred.stlouisfed.org/series/DEXUSEU
2023-09-22,달러/유로,1.066,https://fred.stlouisfed.org/series/DEXUSEU
2023-09-25,달러/유로,1.0591,https://fred.stlouisfed.org/series/DEXUSEU
2023-09-26,달러/유로,1.0573,https://fred.stlouisfed.org/series/DEXUSEU
2023-09-27,달러/유로,1.051,https://fred.stlouisfed.org/series/DEXUSEU
2023-09-28,달러/유로,1.0578,https://fred.stlouisfed.org/series/DEXUSEU
2023-09-29,달러/유로,1.0584,https://fred.stlouisfed.org/series/DEXUSEU
2023-10-02,달러/유로,1.05,https://fred.stlouisfed.org/series/DEXUSEU
2023-10-03,달러/유로,1.0453,https://fred.stlouisfed.org/series/DEXUSEU
2023-10-04,달러/유로,1.0518,https://fred.stlouisfed.org/series/DEXUSEU
2023-10-05,달러/유로,1.0527,https://fred.stlouisfed.org/series/DEXUSEU
2023-10-06,달러/유로,1.0596,https://fred.stlouisfed.org/series/DEXUSEU
2023-10-10,달러/유로,1.0618,https://fred.stlouisfed.org/series/DEXUSEU
2023-10-11,달러/유로,1.062,https://fred.stlouisfed.org/series/DEXUSEU
2023-10-12,달러/유로,1.0553,https://fred.stlouisfed.org/series/DEXUSEU
2023-10-13,달러/유로,1.0502,https://fred.stlouisfed.org/series/DEXUSEU
2023-10-16,달러/유로,1.0546,https://fred.stlouisfed.org/series/DEXUSEU
2023-10-17,달러/유로,1.0593,https://fred.stlouisfed.org/series/DEXUSEU
2023-10-18,달러/유로,1.0532,https://fred.stlouisfed.org/series/DEXUSEU
2023-10-19,달러/유로,1.057,https://fred.stlouisfed.org/series/DEXUSEU
2023-10-20,달러/유로,1.0592,https://fred.stlouisfed.org/series/DEXUSEU
2023-10-23,달러/유로,1.0646,https://fred.stlouisfed.org/series/DEXUSEU
2023-10-24,달러/유로,1.0595,https://fred.stlouisfed.org/series/DEXUSEU
2023-10-25,달러/유로,1.0583,https://fred.stlouisfed.org/series/DEXUSEU
2023-10-26,달러/유로,1.0532,https://fred.stlouisfed.org/series/DEXUSEU
2023-10-27,달러/유로,1.0592,https://fred.stlouisfed.org/series/DEXUSEU
2023-10-30,달러/유로,1.062,https://fred.stlouisfed.org/series/DEXUSEU
2023-10-31,달러/유로,1.0568,https://fred.stlouisfed.org/series/DEXUSEU
2023-11-01,달러/유로,1.0538,https://fred.stlouisfed.org/series/DEXUSEU
2023-11-02,달러/유로,1.0618,https://fred.stlouisfed.org/series/DEXUSEU
2023-11-03,달러/유로,1.0733,https://fred.stlouisfed.org/series/DEXUSEU
2023-11-06,달러/유로,1.0747,https://fred.stlouisfed.org/series/DEXUSEU
2023-11-07,달러/유로,1.0687,https://fred.stlouisfed.org/series/DEXUSEU
2023-11-08,달러/유로,1.0715,https://fred.stlouisfed.org/series/DEXUSEU
2023-11-09,달러/유로,1.071,https://fred.stlouisfed.org/series/DEXUSEU
2023-11-13,달러/유로,1.07,https://fred.stlouisfed.org/series/DEXUSEU
2023-11-14,달러/유로,1.0861,https://fred.stlouisfed.org/series/DEXUSEU
2023-11-15,달러/유로,1.0853,https://fred.stlouisfed.org/series/DEXUSEU
2023-11-16,달러/유로,1.0851,https://fred.stlouisfed.org/series/DEXUSEU
2023-11-17,달러/유로,1.0879,https://fred.stlouisfed.org/series/DEXUSEU
2023-11-20,달러/유로,1.0945,https://fred.stlouisfed.org/series/DEXUSEU
2023-11-21,달러/유로,1.0923,https://fred.stlouisfed.org/series/DEXUSEU
2023-11-22,달러/유로,1.0871,https://fred.stlouisfed.org/series/DEXUSEU
2023-11-24,달러/유로,1.0934,https://fred.stlouisfed.org/series/DEXUSEU
2023-11-27,달러/유로,1.0937,https://fred.stlouisfed.org/series/DEXUSEU
2023-11-28,달러/유로,1.1007,https://fred.stlouisfed.org/series/DEXUSEU
2023-11-29,달러/유로,1.0969,https://fred.stlouisfed.org/series/DEXUSEU
2023-11-30,달러/유로,1.0908,https://fred.stlouisfed.org/series/DEXUSEU
2023-12-01,달러/유로,1.0878,https://fred.stlouisfed.org/series/DEXUSEU
2023-12-04,달러/유로,1.0824,https://fred.stlouisfed.org/series/DEXUSEU
2023-12-05,달러/유로,1.0787,https://fred.stlouisfed.org/series/DEXUSEU
2023-12-06,달러/유로,1.079,https://fred.stlouisfed.org/series/DEXUSEU
2023-12-07,달러/유로,1.0794,https://fred.stlouisfed.org/series/DEXUSEU
2023-12-08,달러/유로,1.0746,https://fred.stlouisfed.org/series/DEXUSEU
2023-12-11,달러/유로,1.0747,https://fred.stlouisfed.org/series/DEXUSEU
2023-12-12,달러/유로,1.079,https://fred.stlouisfed.org/series/DEXUSEU
2023-12-13,달러/유로,1.0793,https://fred.stlouisfed.org/series/DEXUSEU
2023-12-14,달러/유로,1.0997,https://fred.stlouisfed.org/series/DEXUSEU
2023-12-15,달러/유로,1.0906,https://fred.stlouisfed.org/series/DEXUSEU
2023-12-18,달러/유로,1.092,https://fred.stlouisfed.org/series/DEXUSEU
2023-12-19,달러/유로,1.0977,https://fred.stlouisfed.org/series/DEXUSEU
2023-12-20,달러/유로,1.0957,https://fred.stlouisfed.org/series/DEXUSEU
2023-12-21,달러/유로,1.099,https://fred.stlouisfed.org/series/DEXUSEU
2023-12-22,달러/유로,1.1008,https://fred.stlouisfed.org/series/DEXUSEU
2023-12-26,달러/유로,1.1035,https://fred.stlouisfed.org/series/DEXUSEU
2023-12-27,달러/유로,1.1114,https://fred.stlouisfed.org/series/DEXUSEU
2023-12-28,달러/유로,1.1073,https://fred.stlouisfed.org/series/DEXUSEU
2023-12-29,달러/유로,1.1062,https://fred.stlouisfed.org/series/DEXUSEU
2024-01-02,달러/유로,1.0957,https://fred.stlouisfed.org/series/DEXUSEU
2024-01-03,달러/유로,1.0909,https://fred.stlouisfed.org/series/DEXUSEU
2024-01-04,달러/유로,1.0957,https://fred.stlouisfed.org/series/DEXUSEU
2024-01-05,달러/유로,1.0957,https://fred.stlouisfed.org/series/DEXUSEU
2024-01-08,달러/유로,1.0976,https://fred.stlouisfed.org/series/DEXUSEU
2024-01-09,달러/유로,1.0935,https://fred.stlouisfed.org/series/DEXUSEU
2024-01-10,달러/유로,1.096,https://fred.stlouisfed.org/series/DEXUSEU
2024-01-11,달러/유로,1.0943,https://fred.stlouisfed.org/series/DEXUSEU
2024-01-12,달러/유로,1.0959,https://fred.stlouisfed.org/series/DEXUSEU
2024-01-16,달러/유로,1.0882,https://fred.stlouisfed.org/series/DEXUSEU
2024-01-17,달러/유로,1.0858,https://fred.stlouisfed.org/series/DEXUSEU
2024-01-18,달러/유로,1.0863,https://fred.stlouisfed.org/series/DEXUSEU
2024-01-19,달러/유로,1.0887,https://fred.stlouisfed.org/series/DEXUSEU
2024-01-22,달러/유로,1.0895,https://fred.stlouisfed.org/series/DEXUSEU
2024-01-23,달러/유로,1.0829,https://fred.stlouisfed.org/series/DEXUSEU
2024-01-24,달러/유로,1.0901,https://fred.stlouisfed.org/series/DEXUSEU
2024-01-25,달러/유로,1.0837,https://fred.stlouisfed.org/series/DEXUSEU
2024-01-26,달러/유로,1.0866,https://fred.stlouisfed.org/series/DEXUSEU
2024-01-29,달러/유로,1.0807,https://fred.stlouisfed.org/series/DEXUSEU
2024-01-30,달러/유로,1.0844,https://fred.stlouisfed.org/series/DEXUSEU
2024-01-31,달러/유로,1.0855,https://fred.stlouisfed.org/series/DEXUSEU
2024-02-01,달러/유로,1.0865,https://fred.stlouisfed.org/series/DEXUSEU
2024-02-02,달러/유로,1.0787,https://fred.stlouisfed.org/series/DEXUSEU
2024-02-05,달러/유로,1.0736,https://fred.stlouisfed.org/series/DEXUSEU
2024-02-06,달러/유로,1.0751,https://fred.stlouisfed.org/series/DEXUSEU
2024-02-07,달러/유로,1.0769,https://fred.stlouisfed.org/series/DEXUSEU
2024-02-08,달러/유로,1.0774,https://fred.stlouisfed.org/series/DEXUSEU
2024-02-09,달러/유로,1.0782,https://fred.stlouisfed.org/series/DEXUSEU
2024-02-12,달러/유로,1.0774,https://fred.stlouisfed.org/series/DEXUSEU
2024-02-13,달러/유로,1.072,https://fred.stlouisfed.org/series/DEXUSEU
2024-02-14,달러/유로,1.0735,https://fred.stlouisfed.org/series/DEXUSEU
2024-02-15,달러/유로,1.0761,https://fred.stlouisfed.org/series/DEXUSEU
2024-02-16,달러/유로,1.0769,https://fred.stlouisfed.org/series/DEXUSEU
2024-02-20,달러/유로,1.0814,https://fred.stlouisfed.org/series/DEXUSEU
2024-02-21,달러/유로,1.0818,https://fred.stlouisfed.org/series/DEXUSEU
2024-02-22,달러/유로,1.0815,https://fred.stlouisfed.org/series/DEXUSEU
2024-02-23,달러/유로,1.0828,https://fred.stlouisfed.org/series/DEXUSEU
2024-02-26,달러/유로,1.0855,https://fred.stlouisfed.org/series/DEXUSEU
2024-02-27,달러/유로,1.0857,https://fred.stlouisfed.org/series/DEXUSEU
2024-02-28,달러/유로,1.0843,https://fred.stlouisfed.org/series/DEXUSEU
2024-02-29,달러/유로,1.0807,https://fred.stlouisfed.org/series/DEXUSEU
2024-03-01,달러/유로,1.0832,https://fred.stlouisfed.org/series/DEXUSEU
2024-03-04,달러/유로,1.0862,https://fred.stlouisfed.org/series/DEXUSEU
2024-03-05,달러/유로,1.0861,https://fred.stlouisfed.org/series/DEXUSEU
2024-03-06,달러/유로,1.0913,https://fred.stlouisfed.org/series/DEXUSEU
2024-03-07,달러/유로,1.0941,https://fred.stlouisfed.org/series/DEXUSEU
2024-03-08,달러/유로,1.0941,https://fred.stlouisfed.org/series/DEXUSEU
2024-03-11,달러/유로,1.0928,https://fred.stlouisfed.org/series/DEXUSEU
2024-03-12,달러/유로,1.0918,https://fred.stlouisfed.org/series/DEXUSEU
2024-03-13,달러/유로,1.0944,https://fred.stlouisfed.org/series/DEXUSEU
2024-03-14,달러/유로,1.0888,https://fred.stlouisfed.org/series/DEXUSEU
2024-03-15,달러/유로,1.0888,https://fred.stlouisfed.org/series/DEXUSEU
2024-03-18,달러/유로,1.0886,https://fred.stlouisfed.org/series/DEXUSEU
2024-03-19,달러/유로,1.0859,https://fred.stlouisfed.org/series/DEXUSEU
2024-03-20,달러/유로,1.0856,https://fred.stlouisfed.org/series/DEXUSEU
2024-03-21,달러/유로,1.0861,https://fred.stlouisfed.org/series/DEXUSEU
2024-03-22,달러/유로,1.0817,https://fred.stlouisfed.org/series/DEXUSEU
2024-03-25,달러/유로,1.0837,https://fred.stlouisfed.org/series/DEXUSEU
2024-03-26,달러/유로,1.0829,https://fred.stlouisfed.org/series/DEXUSEU
2024-03-27,달러/유로,1.0821,https://fred.stlouisfed.org/series/DEXUSEU
2024-03-28,달러/유로,1.0801,https://fred.stlouisfed.org/series/DEXUSEU
2024-03-29,달러/유로,1.0791,https://fred.stlouisfed.org/series/DEXUSEU
2024-04-01,달러/유로,1.0733,https://fred.stlouisfed.org/series/DEXUSEU
2024-04-02,달러/유로,1.0769,https://fred.stlouisfed.org/series/DEXUSEU
2024-04-03,달러/유로,1.0827,https://fred.stlouisfed.org/series/DEXUSEU
2024-04-04,달러/유로,1.0865,https://fred.stlouisfed.org/series/DEXUSEU
2024-04-05,달러/유로,1.0841,https://fred.stlouisfed.org/series/DEXUSEU
2024-04-08,달러/유로,1.0853,https://fred.stlouisfed.org/series/DEXUSEU
2024-04-09,달러/유로,1.0856,https://fred.stlouisfed.org/series/DEXUSEU
2024-04-10,달러/유로,1.0737,https://fred.stlouisfed.org/series/DEXUSEU
2024-04-11,달러/유로,1.0722,https://fred.stlouisfed.org/series/DEXUSEU
2024-04-12,달러/유로,1.0647,https://fred.stlouisfed.org/series/DEXUSEU
2024-04-15,달러/유로,1.0644,https://fred.stlouisfed.org/series/DEXUSEU
2024-04-16,달러/유로,1.0628,https://fred.stlouisfed.org/series/DEXUSEU
2024-04-17,달러/유로,1.0644,https://fred.stlouisfed.org/series/DEXUSEU
2024-04-18,달러/유로,1.066,https://fred.stlouisfed.org/series/DEXUSEU
2024-04-19,달러/유로,1.0655,https://fred.stlouisfed.org/series/DEXUSEU
2024-04-22,달러/유로,1.0655,https://fred.stlouisfed.org/series/DEXUSEU
2024-04-23,달러/유로,1.0695,https://fred.stlouisfed.org/series/DEXUSEU
2024-04-24,달러/유로,1.0687,https://fred.stlouisfed.org/series/DEXUSEU
2024-04-25,달러/유로,1.0721,https://fred.stlouisfed.org/series/DEXUSEU
2024-04-26,달러/유로,1.0686,https://fred.stlouisfed.org/series/DEXUSEU
2024-04-29,달러/유로,1.0717,https://fred.stlouisfed.org/series/DEXUSEU
2024-04-30,달러/유로,1.0684,https://fred.stlouisfed.org/series/DEXUSEU
2024-05-01,달러/유로,1.068,https://fred.stlouisfed.org/series/DEXUSEU
2024-05-02,달러/유로,1.0706,https://fred.stlouisfed.org/series/DEXUSEU
2024-05-03,달러/유로,1.077,https://fred.stlouisfed.org/series/DEXUSEU
2024-05-06,달러/유로,1.0779,https://fred.stlouisfed.org/series/DEXUSEU
2024-05-07,달러/유로,1.0767,https://fred.stlouisfed.org/series/DEXUSEU
2024-05-08,달러/유로,1.0755,https://fred.stlouisfed.org/series/DEXUSEU
2024-05-09,달러/유로,1.0771,https://fred.stlouisfed.org/series/DEXUSEU
2024-05-10,달러/유로,1.0773,https://fred.stlouisfed.org/series/DEXUSEU
2024-05-13,달러/유로,1.0796,https://fred.stlouisfed.org/series/DEXUSEU
2024-05-14,달러/유로,1.0818,https://fred.stlouisfed.org/series/DEXUSEU
2024-05-15,달러/유로,1.086,https://fred.stlouisfed.org/series/DEXUSEU
2024-05-16,달러/유로,1.0875,https://fred.stlouisfed.org/series/DEXUSEU
2024-05-17,달러/유로,1.0869,https://fred.stlouisfed.org/series/DEXUSEU
2024-05-20,달러/유로,1.0861,https://fred.stlouisfed.org/series/DEXUSEU
2024-05-21,달러/유로,1.0855,https://fred.stlouisfed.org/series/DEXUSEU
2024-05-22,달러/유로,1.0836,https://fred.stlouisfed.org/series/DEXUSEU
2024-05-23,달러/유로,1.0827,https://fred.stlouisfed.org/series/DEXUSEU
2024-05-24,달러/유로,1.0852,https://fred.stlouisfed.org/series/DEXUSEU
2024-05-28,달러/유로,1.0879,https://fred.stlouisfed.org/series/DEXUSEU
2024-05-29,달러/유로,1.0811,https://fred.stlouisfed.org/series/DEXUSEU
2024-05-30,달러/유로,1.0837,https://fred.stlouisfed.org/series/DEXUSEU
2024-05-31,달러/유로,1.0846,https://fred.stlouisfed.org/series/DEXUSEU
2024-06-03,달러/유로,1.089,https://fred.stlouisfed.org/series/DEXUSEU
2024-06-04,달러/유로,1.0878,https://fred.stlouisfed.org/series/DEXUSEU
2024-06-05,달러/유로,1.0865,https://fred.stlouisfed.org/series/DEXUSEU
2024-06-06,달러/유로,1.0883,https://fred.stlouisfed.org/series/DEXUSEU
2024-06-07,달러/유로,1.0807,https://fred.stlouisfed.org/series/DEXUSEU
2024-06-10,달러/유로,1.0751,https://fred.stlouisfed.org/series/DEXUSEU
2024-06-11,달러/유로,1.0733,https://fred.stlouisfed.org/series/DEXUSEU
2024-06-12,달러/유로,1.0843,https://fred.stlouisfed.org/series/DEXUSEU
2024-06-13,달러/유로,1.0756,https://fred.stlouisfed.org/series/DEXUSEU
2024-06-14,달러/유로,1.0699,https://fred.stlouisfed.org/series/DEXUSEU
2024-06-17,달러/유로,1.0723,https://fred.stlouisfed.org/series/DEXUSEU
2024-06-18,달러/유로,1.0739,https://fred.stlouisfed.org/series/DEXUSEU
2024-06-20,달러/유로,1.0708,https://fred.stlouisfed.org/series/DEXUSEU
2024-06-21,달러/유로,1.0694,https://fred.stlouisfed.org/series/DEXUSEU
2024-06-24,달러/유로,1.0727,https://fred.stlouisfed.org/series/DEXUSEU
2024-06-25,달러/유로,1.0705,https://fred.stlouisfed.org/series/DEXUSEU
2024-06-26,달러/유로,1.0682,https://fred.stlouisfed.org/series/DEXUSEU
2024-06-27,달러/유로,1.0708,https://fred.stlouisfed.org/series/DEXUSEU
2024-06-28,달러/유로,1.0711,https://fred.stlouisfed.org/series/DEXUSEU
2024-07-01,달러/유로,1.0728,https://fred.stlouisfed.org/series/DEXUSEU
2024-07-02,달러/유로,1.0737,https://fred.stlouisfed.org/series/DEXUSEU
2024-07-03,달러/유로,1.0799,https://fred.stlouisfed.org/series/DEXUSEU
2024-07-05,달러/유로,1.0828,https://fred.stlouisfed.org/series/DEXUSEU
2024-07-08,달러/유로,1.0835,https://fred.stlouisfed.org/series/DEXUSEU
2024-07-09,달러/유로,1.0813,https://fred.stlouisfed.org/series/DEXUSEU
2024-07-10,달러/유로,1.0823,https://fred.stlouisfed.org/series/DEXUSEU
2024-07-11,달러/유로,1.087,https://fred.stlouisfed.org/series/DEXUSEU
2024-07-12,달러/유로,1.0902,https://fred.stlouisfed.org/series/DEXUSEU
2024-07-15,달러/유로,1.0912,https://fred.stlouisfed.org/series/DEXUSEU
2024-07-16,달러/유로,1.0885,https://fred.stlouisfed.org/series/DEXUSEU
2024-07-17,달러/유로,1.0933,https://fred.stlouisfed.org/series/DEXUSEU
2024-07-18,달러/유로,1.0913,https://fred.stlouisfed.org/series/DEXUSEU
2024-07-19,달러/유로,1.0888,https://fred.stlouisfed.org/series/DEXUSEU
2024-07-22,달러/유로,1.088,https://fred.stlouisfed.org/series/DEXUSEU
2024-07-23,달러/유로,1.0855,https://fred.stlouisfed.org/series/DEXUSEU
2024-07-24,달러/유로,1.0853,https://fred.stlouisfed.org/series/DEXUSEU
2024-07-25,달러/유로,1.0861,https://fred.stlouisfed.org/series/DEXUSEU
2024-07-26,달러/유로,1.0859,https://fred.stlouisfed.org/series/DEXUSEU
2024-07-29,달러/유로,1.0819,https://fred.stlouisfed.org/series/DEXUSEU
2024-07-30,달러/유로,1.0809,https://fred.stlouisfed.org/series/DEXUSEU
2024-07-31,달러/유로,1.0823,https://fred.stlouisfed.org/series/DEXUSEU
2024-08-01,달러/유로,1.0789,https://fred.stlouisfed.org/series/DEXUSEU
2024-08-02,달러/유로,1.0914,https://fred.stlouisfed.org/series/DEXUSEU
2024-08-05,달러/유로,1.0957,https://fred.stlouisfed.org/series/DEXUSEU
2024-08-06,달러/유로,1.0926,https://fred.stlouisfed.org/series/DEXUSEU
2024-08-07,달러/유로,1.0925,https://fred.stlouisfed.org/series/DEXUSEU
2024-08-08,달러/유로,1.0914,https://fred.stlouisfed.org/series/DEXUSEU
2024-08-09,달러/유로,1.0925,https://fred.stlouisfed.org/series/DEXUSEU
2024-08-12,달러/유로,1.0928,https://fred.stlouisfed.org/series/DEXUSEU
2024-08-13,달러/유로,1.0954,https://fred.stlouisfed.org/series/DEXUSEU
2024-08-14,달러/유로,1.1024,https://fred.stlouisfed.org/series/DEXUSEU
2024-08-15,달러/유로,1.0986,https://fred.stlouisfed.org/series/DEXUSEU
2024-08-16,달러/유로,1.0996,https://fred.stlouisfed.org/series/DEXUSEU
2024-08-19,달러/유로,1.107,https://fred.stlouisfed.org/series/DEXUSEU
2024-08-20,달러/유로,1.1106,https://fred.stlouisfed.org/series/DEXUSEU
2024-08-21,달러/유로,1.1143,https://fred.stlouisfed.org/series/DEXUSEU
2024-08-22,달러/유로,1.1114,https://fred.stlouisfed.org/series/DEXUSEU
2024-08-23,달러/유로,1.1176,https://fred.stlouisfed.org/series/DEXUSEU
2024-08-26,달러/유로,1.1164,https://fred.stlouisfed.org/series/DEXUSEU
2024-08-27,달러/유로,1.116,https://fred.stlouisfed.org/series/DEXUSEU
2024-08-28,달러/유로,1.1127,https://fred.stlouisfed.org/series/DEXUSEU
2024-08-29,달러/유로,1.1086,https://fred.stlouisfed.org/series/DEXUSEU
2024-08-30,달러/유로,1.106,https://fred.stlouisfed.org/series/DEXUSEU
2024-09-03,달러/유로,1.1043,https://fred.stlouisfed.org/series/DEXUSEU
2024-09-04,달러/유로,1.1081,https://fred.stlouisfed.org/series/DEXUSEU
2024-09-05,달러/유로,1.1096,https://fred.stlouisfed.org/series/DEXUSEU
2024-09-06,달러/유로,1.1086,https://fred.stlouisfed.org/series/DEXUSEU
2024-09-09,달러/유로,1.1042,https://fred.stlouisfed.org/series/DEXUSEU
2024-09-10,달러/유로,1.1025,https://fred.stlouisfed.org/series/DEXUSEU
2024-09-11,달러/유로,1.1012,https://fred.stlouisfed.org/series/DEXUSEU
2024-09-12,달러/유로,1.1041,https://fred.stlouisfed.org/series/DEXUSEU
2024-09-13,달러/유로,1.1085,https://fred.stlouisfed.org/series/DEXUSEU
2024-09-16,달러/유로,1.1123,https://fred.stlouisfed.org/series/DEXUSEU
2024-09-17,달러/유로,1.1118,https://fred.stlouisfed.org/series/DEXUSEU
2024-09-18,달러/유로,1.1116,https://fred.stlouisfed.org/series/DEXUSEU
2024-09-19,달러/유로,1.1147,https://fred.stlouisfed.org/series/DEXUSEU
2024-09-20,달러/유로,1.1159,https://fred.stlouisfed.org/series/DEXUSEU
2024-09-23,달러/유로,1.113,https://fred.stlouisfed.org/series/DEXUSEU
2024-09-24,달러/유로,1.115,https://fred.stlouisfed.org/series/DEXUSEU
2024-09-25,달러/유로,1.1143,https://fred.stlouisfed.org/series/DEXUSEU
2024-09-26,달러/유로,1.1184,https://fred.stlouisfed.org/series/DEXUSEU
2024-09-27,달러/유로,1.1159,https://fred.stlouisfed.org/series/DEXUSEU
2024-09-30,달러/유로,1.1145,https://fred.stlouisfed.org/series/DEXUSEU
2024-10-01,달러/유로,1.1067,https://fred.stlouisfed.org/series/DEXUSEU
2024-10-02,달러/유로,1.105,https://fred.stlouisfed.org/series/DEXUSEU
2024-10-03,달러/유로,1.1015,https://fred.stlouisfed.org/series/DEXUSEU
2024-10-04,달러/유로,1.0961,https://fred.stlouisfed.org/series/DEXUSEU
2024-10-07,달러/유로,1.0976,https://fred.stlouisfed.org/series/DEXUSEU
2024-10-08,달러/유로,1.097,https://fred.stlouisfed.org/series/DEXUSEU
2024-10-09,달러/유로,1.0951,https://fred.stlouisfed.org/series/DEXUSEU
2024-10-10,달러/유로,1.0925,https://fred.stlouisfed.org/series/DEXUSEU
2024-10-11,달러/유로,1.0942,https://fred.stlouisfed.org/series/DEXUSEU
2024-10-15,달러/유로,1.0899,https://fred.stlouisfed.org/series/DEXUSEU
2024-10-16,달러/유로,1.0873,https://fred.stlouisfed.org/series/DEXUSEU
2024-10-17,달러/유로,1.0837,https://fred.stlouisfed.org/series/DEXUSEU
2024-10-18,달러/유로,1.0854,https://fred.stlouisfed.org/series/DEXUSEU
2024-10-21,달러/유로,1.082,https://fred.stlouisfed.org/series/DEXUSEU
2024-10-22,달러/유로,1.0805,https://fred.stlouisfed.org/series/DEXUSEU
2024-10-23,달러/유로,1.0779,https://fred.stlouisfed.org/series/DEXUSEU
2024-10-24,달러/유로,1.0806,https://fred.stlouisfed.org/series/DEXUSEU
2024-10-25,달러/유로,1.0813,https://fred.stlouisfed.org/series/DEXUSEU
2024-10-28,달러/유로,1.0819,https://fred.stlouisfed.org/series/DEXUSEU
2024-10-29,달러/유로,1.0798,https://fred.stlouisfed.org/series/DEXUSEU
2024-10-30,달러/유로,1.0864,https://fred.stlouisfed.org/series/DEXUSEU
2024-10-31,달러/유로,1.0855,https://fred.stlouisfed.org/series/DEXUSEU
2024-11-01,달러/유로,1.0848,https://fred.stlouisfed.org/series/DEXUSEU
2024-11-04,달러/유로,1.0884,https://fred.stlouisfed.org/series/DEXUSEU
2024-11-05,달러/유로,1.092,https://fred.stlouisfed.org/series/DEXUSEU
2024-11-06,달러/유로,1.0732,https://fred.stlouisfed.org/series/DEXUSEU
2024-11-07,달러/유로,1.0792,https://fred.stlouisfed.org/series/DEXUSEU
2024-11-08,달러/유로,1.071,https://fred.stlouisfed.org/series/DEXUSEU
2024-11-12,달러/유로,1.0598,https://fred.stlouisfed.org/series/DEXUSEU
2024-11-13,달러/유로,1.0567,https://fred.stlouisfed.org/series/DEXUSEU
2024-11-14,달러/유로,1.0562,https://fred.stlouisfed.org/series/DEXUSEU
2024-11-15,달러/유로,1.0552,https://fred.stlouisfed.org/series/DEXUSEU
2024-11-18,달러/유로,1.0586,https://fred.stlouisfed.org/series/DEXUSEU
2024-11-19,달러/유로,1.0578,https://fred.stlouisfed.org/series/DEXUSEU
2024-11-20,달러/유로,1.0521,https://fred.stlouisfed.org/series/DEXUSEU
2024-11-21,달러/유로,1.0475,https://fred.stlouisfed.org/series/DEXUSEU
2024-11-22,달러/유로,1.0399,https://fred.stlouisfed.org/series/DEXUSEU
2024-11-25,달러/유로,1.0478,https://fred.stlouisfed.org/series/DEXUSEU
2024-11-26,달러/유로,1.0481,https://fred.stlouisfed.org/series/DEXUSEU
2024-11-27,달러/유로,1.0575,https://fred.stlouisfed.org/series/DEXUSEU
2024-11-29,달러/유로,1.0547,https://fred.stlouisfed.org/series/DEXUSEU
2024-12-02,달러/유로,1.0484,https://fred.stlouisfed.org/series/DEXUSEU
2024-12-03,달러/유로,1.0518,https://fred.stlouisfed.org/series/DEXUSEU
2024-12-04,달러/유로,1.0527,https://fred.stlouisfed.org/series/DEXUSEU
2024-12-05,달러/유로,1.0571,https://fred.stlouisfed.org/series/DEXUSEU
2024-12-06,달러/유로,1.0563,https://fred.stlouisfed.org/series/DEXUSEU
2024-12-09,달러/유로,1.057,https://fred.stlouisfed.org/series/DEXUSEU
2024-12-10,달러/유로,1.0512,https://fred.stlouisfed.org/series/DEXUSEU
2024-12-11,달러/유로,1.0508,https://fred.stlouisfed.org/series/DEXUSEU
2024-12-12,달러/유로,1.0514,https://fred.stlouisfed.org/series/DEXUSEU
2024-12-13,달러/유로,1.0498,https://fred.stlouisfed.org/series/DEXUSEU
2024-12-16,달러/유로,1.0512,https://fred.stlouisfed.org/series/DEXUSEU
2024-12-17,달러/유로,1.0506,https://fred.stlouisfed.org/series/DEXUSEU
2024-12-18,달러/유로,1.0469,https://fred.stlouisfed.org/series/DEXUSEU
2024-12-19,달러/유로,1.0357,https://fred.stlouisfed.org/series/DEXUSEU
2024-12-20,달러/유로,1.043,https://fred.stlouisfed.org/series/DEXUSEU
2024-12-23,달러/유로,1.0409,https://fred.stlouisfed.org/series/DEXUSEU
2024-12-24,달러/유로,1.0388,https://fred.stlouisfed.org/series/DEXUSEU
2024-12-26,달러/유로,1.0423,https://fred.stlouisfed.org/series/DEXUSEU
2024-12-27,달러/유로,1.0423,https://fred.stlouisfed.org/series/DEXUSEU
2024-12-30,달러/유로,1.0386,https://fred.stlouisfed.org/series/DEXUSEU
2024-12-31,달러/유로,1.0351,https://fred.stlouisfed.org/series/DEXUSEU
2025-01-02,달러/유로,1.0261,https://fred.stlouisfed.org/series/DEXUSEU
2025-01-03,달러/유로,1.0292,https://fred.stlouisfed.org/series/DEXUSEU
2025-01-06,달러/유로,1.0397,https://fred.stlouisfed.org/series/DEXUSEU
2025-01-07,달러/유로,1.0369,https://fred.stlouisfed.org/series/DEXUSEU
2025-01-08,달러/유로,1.0313,https://fred.stlouisfed.org/series/DEXUSEU
2025-01-09,달러/유로,1.0298,https://fred.stlouisfed.org/series/DEXUSEU
2025-01-10,달러/유로,1.0238,https://fred.stlouisfed.org/series/DEXUSEU
2025-01-13,달러/유로,1.0209,https://fred.stlouisfed.org/series/DEXUSEU
2025-01-14,달러/유로,1.0292,https://fred.stlouisfed.org/series/DEXUSEU
2025-01-15,달러/유로,1.0282,https://fred.stlouisfed.org/series/DEXUSEU
2025-01-16,달러/유로,1.0303,https://fred.stlouisfed.org/series/DEXUSEU
2025-01-17,달러/유로,1.0287,https://fred.stlouisfed.org/series/DEXUSEU
2025-01-21,달러/유로,1.0423,https://fred.stlouisfed.org/series/DEXUSEU
2025-01-22,달러/유로,1.042,https://fred.stlouisfed.org/series/DEXUSEU
2025-01-23,달러/유로,1.042,https://fred.stlouisfed.org/series/DEXUSEU
2025-01-24,달러/유로,1.0515,https://fred.stlouisfed.org/series/DEXUSEU
2025-01-27,달러/유로,1.0492,https://fred.stlouisfed.org/series/DEXUSEU
2025-01-28,달러/유로,1.0427,https://fred.stlouisfed.org/series/DEXUSEU
2025-01-29,달러/유로,1.0416,https://fred.stlouisfed.org/series/DEXUSEU
2025-01-30,달러/유로,1.042,https://fred.stlouisfed.org/series/DEXUSEU
2025-01-31,달러/유로,1.04,https://fred.stlouisfed.org/series/DEXUSEU
2025-02-03,달러/유로,1.0277,https://fred.stlouisfed.org/series/DEXUSEU
2025-02-04,달러/유로,1.0379,https://fred.stlouisfed.org/series/DEXUSEU
2025-02-05,달러/유로,1.0419,https://fred.stlouisfed.org/series/DEXUSEU
2025-02-06,달러/유로,1.0368,https://fred.stlouisfed.org/series/DEXUSEU
2025-02-07,달러/유로,1.0329,https://fred.stlouisfed.org/series/DEXUSEU
2025-02-10,달러/유로,1.0312,https://fred.stlouisfed.org/series/DEXUSEU
2025-02-11,달러/유로,1.0346,https://fred.stlouisfed.org/series/DEXUSEU
2025-02-12,달러/유로,1.0392,https://fred.stlouisfed.org/series/DEXUSEU
2025-02-13,달러/유로,1.0428,https://fred.stlouisfed.org/series/DEXUSEU
2025-02-14,달러/유로,1.0498,https://fred.stlouisfed.org/series/DEXUSEU
2025-02-18,달러/유로,1.0457,https://fred.stlouisfed.org/series/DEXUSEU
2025-02-19,달러/유로,1.0406,https://fred.stlouisfed.org/series/DEXUSEU
2025-02-20,달러/유로,1.0475,https://fred.stlouisfed.org/series/DEXUSEU
2025-02-21,달러/유로,1.0455,https://fred.stlouisfed.org/series/DEXUSEU
2025-02-24,달러/유로,1.0478,https://fred.stlouisfed.org/series/DEXUSEU
2025-02-25,달러/유로,1.0498,https://fred.stlouisfed.org/series/DEXUSEU
2025-02-26,달러/유로,1.0514,https://fred.stlouisfed.org/series/DEXUSEU
2025-02-27,달러/유로,1.0414,https://fred.stlouisfed.org/series/DEXUSEU
2025-02-28,달러/유로,1.0402,https://fred.stlouisfed.org/series/DEXUSEU
2025-03-03,달러/유로,1.0496,https://fred.stlouisfed.org/series/DEXUSEU
2025-03-04,달러/유로,1.0534,https://fred.stlouisfed.org/series/DEXUSEU
2025-03-05,달러/유로,1.0768,https://fred.stlouisfed.org/series/DEXUSEU
2025-03-06,달러/유로,1.0818,https://fred.stlouisfed.org/series/DEXUSEU
2025-03-07,달러/유로,1.0859,https://fred.stlouisfed.org/series/DEXUSEU
2025-03-10,달러/유로,1.0837,https://fred.stlouisfed.org/series/DEXUSEU
2025-03-11,달러/유로,1.0927,https://fred.stlouisfed.org/series/DEXUSEU
2025-03-12,달러/유로,1.0925,https://fred.stlouisfed.org/series/DEXUSEU
2025-03-13,달러/유로,1.0859,https://fred.stlouisfed.org/series/DEXUSEU
2025-03-14,달러/유로,1.0872,https://fred.stlouisfed.org/series/DEXUSEU
2025-03-17,달러/유로,1.0922,https://fred.stlouisfed.org/series/DEXUSEU
2025-03-18,달러/유로,1.0927,https://fred.stlouisfed.org/series/DEXUSEU
2025-03-19,달러/유로,1.0877,https://fred.stlouisfed.org/series/DEXUSEU
2025-03-20,달러/유로,1.0848,https://fred.stlouisfed.org/series/DEXUSEU
2025-03-21,달러/유로,1.0806,https://fred.stlouisfed.org/series/DEXUSEU
2025-03-24,달러/유로,1.0794,https://fred.stlouisfed.org/series/DEXUSEU
2025-03-25,달러/유로,1.0804,https://fred.stlouisfed.org/series/DEXUSEU
2025-03-26,달러/유로,1.0781,https://fred.stlouisfed.org/series/DEXUSEU
2025-03-27,달러/유로,1.08,https://fred.stlouisfed.org/series/DEXUSEU
2025-03-28,달러/유로,1.0826,https://fred.stlouisfed.org/series/DEXUSEU
2025-03-31,달러/유로,1.0796,https://fred.stlouisfed.org/series/DEXUSEU
2025-04-01,달러/유로,1.08,https://fred.stlouisfed.org/series/DEXUSEU
2025-04-02,달러/유로,1.0868,https://fred.stlouisfed.org/series/DEXUSEU
2025-04-03,달러/유로,1.1052,https://fred.stlouisfed.org/series/DEXUSEU
2025-04-04,달러/유로,1.1014,https://fred.stlouisfed.org/series/DEXUSEU
2025-04-07,달러/유로,1.0912,https://fred.stlouisfed.org/series/DEXUSEU
2025-04-08,달러/유로,1.0912,https://fred.stlouisfed.org/series/DEXUSEU
2025-04-09,달러/유로,1.104,https://fred.stlouisfed.org/series/DEXUSEU
2025-04-10,달러/유로,1.1192,https://fred.stlouisfed.org/series/DEXUSEU
2025-04-11,달러/유로,1.1325,https://fred.stlouisfed.org/series/DEXUSEU
2025-04-14,달러/유로,1.1358,https://fred.stlouisfed.org/series/DEXUSEU
2025-04-15,달러/유로,1.129,https://fred.stlouisfed.org/series/DEXUSEU
2025-04-16,달러/유로,1.1382,https://fred.stlouisfed.org/series/DEXUSEU
2025-04-17,달러/유로,1.1364,https://fred.stlouisfed.org/series/DEXUSEU
2025-04-18,달러/유로,1.139,https://fred.stlouisfed.org/series/DEXUSEU
2025-04-21,달러/유로,1.1508,https://fred.stlouisfed.org/series/DEXUSEU
2025-04-22,달러/유로,1.1466,https://fred.stlouisfed.org/series/DEXUSEU
2025-04-23,달러/유로,1.135,https://fred.stlouisfed.org/series/DEXUSEU
2025-04-24,달러/유로,1.1363,https://fred.stlouisfed.org/series/DEXUSEU
2025-04-25,달러/유로,1.1381,https://fred.stlouisfed.org/series/DEXUSEU
2025-04-28,달러/유로,1.1387,https://fred.stlouisfed.org/series/DEXUSEU
2025-04-29,달러/유로,1.1396,https://fred.stlouisfed.org/series/DEXUSEU
2025-04-30,달러/유로,1.1349,https://fred.stlouisfed.org/series/DEXUSEU
2025-05-01,달러/유로,1.1279,https://fred.stlouisfed.org/series/DEXUSEU
2025-05-02,달러/유로,1.133,https://fred.stlouisfed.org/series/DEXUSEU
2025-05-05,달러/유로,1.1315,https://fred.stlouisfed.org/series/DEXUSEU
2025-05-06,달러/유로,1.1345,https://fred.stlouisfed.org/series/DEXUSEU
2025-05-07,달러/유로,1.1348,https://fred.stlouisfed.org/series/DEXUSEU
2025-05-08,달러/유로,1.1249,https://fred.stlouisfed.org/series/DEXUSEU
2025-05-09,달러/유로,1.127,https://fred.stlouisfed.org/series/DEXUSEU
2025-05-12,달러/유로,1.1106,https://fred.stlouisfed.org/series/DEXUSEU
2025-05-13,달러/유로,1.1176,https://fred.stlouisfed.org/series/DEXUSEU
2025-05-14,달러/유로,1.1206,https://fred.stlouisfed.org/series/DEXUSEU
2025-05-15,달러/유로,1.1189,https://fred.stlouisfed.org/series/DEXUSEU
2025-05-16,달러/유로,1.1141,https://fred.stlouisfed.org/series/DEXUSEU
2025-05-19,달러/유로,1.1236,https://fred.stlouisfed.org/series/DEXUSEU
2025-05-20,달러/유로,1.1254,https://fred.stlouisfed.org/series/DEXUSEU
2025-05-21,달러/유로,1.1343,https://fred.stlouisfed.org/series/DEXUSEU
2025-05-22,달러/유로,1.1281,https://fred.stlouisfed.org/series/DEXUSEU
2025-05-23,달러/유로,1.135,https://fred.stlouisfed.org/series/DEXUSEU
2025-05-27,달러/유로,1.1326,https://fred.stlouisfed.org/series/DEXUSEU
2025-05-28,달러/유로,1.1286,https://fred.stlouisfed.org/series/DEXUSEU
2025-05-29,달러/유로,1.137,https://fred.stlouisfed.org/series/DEXUSEU
2025-05-30,달러/유로,1.1347,https://fred.stlouisfed.org/series/DEXUSEU
2025-06-02,달러/유로,1.1432,https://fred.stlouisfed.org/series/DEXUSEU
2025-06-03,달러/유로,1.1373,https://fred.stlouisfed.org/series/DEXUSEU
2025-06-04,달러/유로,1.1424,https://fred.stlouisfed.org/series/DEXUSEU
2025-06-05,달러/유로,1.144,https://fred.stlouisfed.org/series/DEXUSEU
2025-06-06,달러/유로,1.1397,https://fred.stlouisfed.org/series/DEXUSEU
2025-06-09,달러/유로,1.1425,https://fred.stlouisfed.org/series/DEXUSEU
2025-06-10,달러/유로,1.1423,https://fred.stlouisfed.org/series/DEXUSEU
2025-06-11,달러/유로,1.149,https://fred.stlouisfed.org/series/DEXUSEU
2025-06-12,달러/유로,1.1578,https://fred.stlouisfed.org/series/DEXUSEU
2025-06-13,달러/유로,1.1557,https://fred.stlouisfed.org/series/DEXUSEU
2025-06-16,달러/유로,1.1581,https://fred.stlouisfed.org/series/DEXUSEU
2025-06-17,달러/유로,1.1535,https://fred.stlouisfed.org/series/DEXUSEU
2025-06-18,달러/유로,1.1521,https://fred.stlouisfed.org/series/DEXUSEU
2025-06-20,달러/유로,1.152,https://fred.stlouisfed.org/series/DEXUSEU
2025-06-23,달러/유로,1.1538,https://fred.stlouisfed.org/series/DEXUSEU
2025-06-24,달러/유로,1.1608,https://fred.stlouisfed.org/series/DEXUSEU
2025-06-25,달러/유로,1.162,https://fred.stlouisfed.org/series/DEXUSEU
2025-06-26,달러/유로,1.1717,https://fred.stlouisfed.org/series/DEXUSEU
2025-06-27,달러/유로,1.1724,https://fred.stlouisfed.org/series/DEXUSEU
2025-06-30,달러/유로,1.177,https://fred.stlouisfed.org/series/DEXUSEU
2025-07-01,달러/유로,1.1776,https://fred.stlouisfed.org/series/DEXUSEU
2025-07-02,달러/유로,1.179,https://fred.stlouisfed.org/series/DEXUSEU
2025-07-03,달러/유로,1.1758,https://fred.stlouisfed.org/series/DEXUSEU
2025-07-07,달러/유로,1.1733,https://fred.stlouisfed.org/series/DEXUSEU
2025-07-08,달러/유로,1.1707,https://fred.stlouisfed.org/series/DEXUSEU
2025-07-09,달러/유로,1.1707,https://fred.stlouisfed.org/series/DEXUSEU
2025-07-10,달러/유로,1.1688,https://fred.stlouisfed.org/series/DEXUSEU
2025-07-11,달러/유로,1.1696,https://fred.stlouisfed.org/series/DEXUSEU
2025-07-14,달러/유로,1.1672,https://fred.stlouisfed.org/series/DEXUSEU
2025-07-15,달러/유로,1.1619,https://fred.stlouisfed.org/series/DEXUSEU
2025-07-16,달러/유로,1.1629,https://fred.stlouisfed.org/series/DEXUSEU
2025-07-17,달러/유로,1.1597,https://fred.stlouisfed.org/series/DEXUSEU
2025-07-18,달러/유로,1.1645,https://fred.stlouisfed.org/series/DEXUSEU
2025-07-21,달러/유로,1.1705,https://fred.stlouisfed.org/series/DEXUSEU
2025-07-22,달러/유로,1.1749,https://fred.stlouisfed.org/series/DEXUSEU
2025-07-23,달러/유로,1.1748,https://fred.stlouisfed.org/series/DEXUSEU
2025-07-24,달러/유로,1.1765,https://fred.stlouisfed.org/series/DEXUSEU
2025-07-25,달러/유로,1.173,https://fred.stlouisfed.org/series/DEXUSEU
2025-07-28,달러/유로,1.1609,https://fred.stlouisfed.org/series/DEXUSEU
2025-07-29,달러/유로,1.1534,https://fred.stlouisfed.org/series/DEXUSEU
2025-07-30,달러/유로,1.147,https://fred.stlouisfed.org/series/DEXUSEU
2025-07-31,달러/유로,1.1431,https://fred.stlouisfed.org/series/DEXUSEU
2025-08-01,달러/유로,1.1555,https://fred.stlouisfed.org/series/DEXUSEU
2025-08-04,달러/유로,1.1568,https://fred.stlouisfed.org/series/DEXUSEU
2025-08-05,달러/유로,1.158,https://fred.stlouisfed.org/series/DEXUSEU
2025-08-06,달러/유로,1.1647,https://fred.stlouisfed.org/series/DEXUSEU
2025-08-07,달러/유로,1.1641,https://fred.stlouisfed.org/series/DEXUSEU
2025-08-08,달러/유로,1.166,https://fred.stlouisfed.org/series/DEXUSEU
2025-08-11,달러/유로,1.1607,https://fred.stlouisfed.org/series/DEXUSEU
2025-08-12,달러/유로,1.1673,https://fred.stlouisfed.org/series/DEXUSEU
2025-08-13,달러/유로,1.1715,https://fred.stlouisfed.org/series/DEXUSEU
2025-08-14,달러/유로,1.1644,https://fred.stlouisfed.org/series/DEXUSEU
2025-08-15,달러/유로,1.1708,https://fred.stlouisfed.org/series/DEXUSEU
2025-08-18,달러/유로,1.1667,https://fred.stlouisfed.org/series/DEXUSEU
2025-08-19,달러/유로,1.166,https://fred.stlouisfed.org/series/DEXUSEU
2025-08-20,달러/유로,1.1649,https://fred.stlouisfed.org/series/DEXUSEU
2025-08-21,달러/유로,1.1605,https://fred.stlouisfed.org/series/DEXUSEU
2025-08-22,달러/유로,1.1713,https://fred.stlouisfed.org/series/DEXUSEU
2025-08-25,달러/유로,1.167,https://fred.stlouisfed.org/series/DEXUSEU
2025-08-26,달러/유로,1.1657,https://fred.stlouisfed.org/series/DEXUSEU
2025-08-27,달러/유로,1.1611,https://fred.stlouisfed.org/series/DEXUSEU
2025-08-28,달러/유로,1.1672,https://fred.stlouisfed.org/series/DEXUSEU
2025-08-29,달러/유로,1.1695,https://fred.stlouisfed.org/series/DEXUSEU
2025-09-02,달러/유로,1.1653,https://fred.stlouisfed.org/series/DEXUSEU
2025-09-03,달러/유로,1.1676,https://fred.stlouisfed.org/series/DEXUSEU
2025-09-04,달러/유로,1.1648,https://fred.stlouisfed.org/series/DEXUSEU
2025-09-05,달러/유로,1.1759,https://fred.stlouisfed.org/series/DEXUSEU
2025-09-08,달러/유로,1.1751,https://fred.stlouisfed.org/series/DEXUSEU
2025-09-09,달러/유로,1.1723,https://fred.stlouisfed.org/series/DEXUSEU
2025-09-10,달러/유로,1.1714,https://fred.stlouisfed.org/series/DEXUSEU
2025-09-11,달러/유로,1.1732,https://fred.stlouisfed.org/series/DEXUSEU
2025-09-12,달러/유로,1.1714,https://fred.stlouisfed.org/series/DEXUSEU
2025-09-15,달러/유로,1.1772,https://fred.stlouisfed.org/series/DEXUSEU
2025-09-16,달러/유로,1.1848,https://fred.stlouisfed.org/series/DEXUSEU
2025-09-17,달러/유로,1.1845,https://fred.stlouisfed.org/series/DEXUSEU
2025-09-18,달러/유로,1.178,https://fred.stlouisfed.org/series/DEXUSEU
2025-09-19,달러/유로,1.1753,https://fred.stlouisfed.org/series/DEXUSEU
2025-09-22,달러/유로,1.1773,https://fred.stlouisfed.org/series/DEXUSEU
2025-09-23,달러/유로,1.18,https://fred.stlouisfed.org/series/DEXUSEU
2025-09-24,달러/유로,1.1742,https://fred.stlouisfed.org/series/DEXUSEU
2025-09-25,달러/유로,1.1673,https://fred.stlouisfed.org/series/DEXUSEU
2025-09-26,달러/유로,1.1692,https://fred.stlouisfed.org/series/DEXUSEU
2025-09-29,달러/유로,1.173,https://fred.stlouisfed.org/series/DEXUSEU
2025-09-30,달러/유로,1.1735,https://fred.stlouisfed.org/series/DEXUSEU
2025-10-01,달러/유로,1.1723,https://fred.stlouisfed.org/series/DEXUSEU
2025-10-02,달러/유로,1.1696,https://fred.stlouisfed.org/series/DEXUSEU
2025-10-03,달러/유로,1.1747,https://fred.stlouisfed.org/series/DEXUSEU
2025-10-06,달러/유로,1.1707,https://fred.stlouisfed.org/series/DEXUSEU
2025-10-07,달러/유로,1.1674,https://fred.stlouisfed.org/series/DEXUSEU
2025-10-08,달러/유로,1.1606,https://fred.stlouisfed.org/series/DEXUSEU
2025-10-09,달러/유로,1.1559,https://fred.stlouisfed.org/series/DEXUSEU
2025-10-10,달러/유로,1.1613,https://fred.stlouisfed.org/series/DEXUSEU
2025-10-14,달러/유로,1.1608,https://fred.stlouisfed.org/series/DEXUSEU
2025-10-15,달러/유로,1.1638,https://fred.stlouisfed.org/series/DEXUSEU
2025-10-16,달러/유로,1.1665,https://fred.stlouisfed.org/series/DEXUSEU
2025-10-17,달러/유로,1.1674,https://fred.stlouisfed.org/series/DEXUSEU
2025-10-20,달러/유로,1.1656,https://fred.stlouisfed.org/series/DEXUSEU
2025-10-21,달러/유로,1.1616,https://fred.stlouisfed.org/series/DEXUSEU
2025-10-22,달러/유로,1.1612,https://fred.stlouisfed.org/series/DEXUSEU
2025-10-23,달러/유로,1.1612,https://fred.stlouisfed.org/series/DEXUSEU
2025-10-24,달러/유로,1.1626,https://fred.stlouisfed.org/series/DEXUSEU
2025-10-27,달러/유로,1.1636,https://fred.stlouisfed.org/series/DEXUSEU
2025-10-28,달러/유로,1.1659,https://fred.stlouisfed.org/series/DEXUSEU
2025-10-29,달러/유로,1.1664,https://fred.stlouisfed.org/series/DEXUSEU
2025-10-30,달러/유로,1.1564,https://fred.stlouisfed.org/series/DEXUSEU
2025-10-31,달러/유로,1.1541,https://fred.stlouisfed.org/series/DEXUSEU
2025-11-03,달러/유로,1.1531,https://fred.stlouisfed.org/series/DEXUSEU
2025-11-04,달러/유로,1.1491,https://fred.stlouisfed.org/series/DEXUSEU
2025-11-05,달러/유로,1.1485,https://fred.stlouisfed.org/series/DEXUSEU
2025-11-06,달러/유로,1.1539,https://fred.stlouisfed.org/series/DEXUSEU
2025-11-07,달러/유로,1.1578,https://fred.stlouisfed.org/series/DEXUSEU
2025-11-10,달러/유로,1.1545,https://fred.stlouisfed.org/series/DEXUSEU
2025-11-12,달러/유로,1.1592,https://fred.stlouisfed.org/series/DEXUSEU
2025-11-13,달러/유로,1.1649,https://fred.stlouisfed.org/series/DEXUSEU
2025-11-14,달러/유로,1.1617,https://fred.stlouisfed.org/series/DEXUSEU
2025-11-17,달러/유로,1.1598,https://fred.stlouisfed.org/series/DEXUSEU
2025-11-18,달러/유로,1.1579,https://fred.stlouisfed.org/series/DEXUSEU
2025-11-19,달러/유로,1.154,https://fred.stlouisfed.org/series/DEXUSEU
2025-11-20,달러/유로,1.1534,https://fred.stlouisfed.org/series/DEXUSEU
2025-11-21,달러/유로,1.1506,https://fred.stlouisfed.org/series/DEXUSEU
2025-11-24,달러/유로,1.1518,https://fred.stlouisfed.org/series/DEXUSEU
2025-11-25,달러/유로,1.1553,https://fred.stlouisfed.org/series/DEXUSEU
2025-11-26,달러/유로,1.1591,https://fred.stlouisfed.org/series/DEXUSEU
2025-11-28,달러/유로,1.16,https://fred.stlouisfed.org/series/DEXUSEU
2025-12-01,달러/유로,1.1623,https://fred.stlouisfed.org/series/DEXUSEU
2025-12-02,달러/유로,1.1596,https://fred.stlouisfed.org/series/DEXUSEU
2025-12-03,달러/유로,1.166,https://fred.stlouisfed.org/series/DEXUSEU
2025-12-04,달러/유로,1.1659,https://fred.stlouisfed.org/series/DEXUSEU
2025-12-05,달러/유로,1.1635,https://fred.stlouisfed.org/series/DEXUSEU
2025-12-08,달러/유로,1.1626,https://fred.stlouisfed.org/series/DEXUSEU
2025-12-09,달러/유로,1.1639,https://fred.stlouisfed.org/series/DEXUSEU
2025-12-10,달러/유로,1.165,https://fred.stlouisfed.org/series/DEXUSEU
2025-12-11,달러/유로,1.1756,https://fred.stlouisfed.org/series/DEXUSEU
2025-12-12,달러/유로,1.1731,https://fred.stlouisfed.org/series/DEXUSEU
2025-12-15,달러/유로,1.1756,https://fred.stlouisfed.org/series/DEXUSEU
2025-12-16,달러/유로,1.177,https://fred.stlouisfed.org/series/DEXUSEU
2025-12-17,달러/유로,1.1748,https://fred.stlouisfed.org/series/DEXUSEU
2025-12-18,달러/유로,1.1729,https://fred.stlouisfed.org/series/DEXUSEU
2025-12-19,달러/유로,1.1721,https://fred.stlouisfed.org/series/DEXUSEU
2025-12-22,달러/유로,1.175,https://fred.stlouisfed.org/series/DEXUSEU
2025-12-23,달러/유로,1.1776,https://fred.stlouisfed.org/series/DEXUSEU
2025-12-24,달러/유로,1.178,https://fred.stlouisfed.org/series/DEXUSEU
2025-12-26,달러/유로,1.1766,https://fred.stlouisfed.org/series/DEXUSEU
2025-12-29,달러/유로,1.1756,https://fred.stlouisfed.org/series/DEXUSEU
2025-12-30,달러/유로,1.1765,https://fred.stlouisfed.org/series/DEXUSEU
2025-12-31,달러/유로,1.1736,https://fred.stlouisfed.org/series/DEXUSEU
2026-01-02,달러/유로,1.1738,https://fred.stlouisfed.org/series/DEXUSEU
2026-01-05,달러/유로,1.1715,https://fred.stlouisfed.org/series/DEXUSEU
2026-01-06,달러/유로,1.1689,https://fred.stlouisfed.org/series/DEXUSEU
2026-01-07,달러/유로,1.169,https://fred.stlouisfed.org/series/DEXUSEU
2026-01-08,달러/유로,1.1655,https://fred.stlouisfed.org/series/DEXUSEU
2026-01-09,달러/유로,1.1634,https://fred.stlouisfed.org/series/DEXUSEU
2026-01-12,달러/유로,1.1672,https://fred.stlouisfed.org/series/DEXUSEU
2026-01-13,달러/유로,1.1646,https://fred.stlouisfed.org/series/DEXUSEU
2026-01-14,달러/유로,1.1655,https://fred.stlouisfed.org/series/DEXUSEU
2026-01-15,달러/유로,1.1605,https://fred.stlouisfed.org/series/DEXUSEU
2026-01-16,달러/유로,1.1599,https://fred.stlouisfed.org/series/DEXUSEU
2026-01-20,달러/유로,1.1739,https://fred.stlouisfed.org/series/DEXUSEU
2026-01-21,달러/유로,1.1705,https://fred.stlouisfed.org/series/DEXUSEU
2026-01-22,달러/유로,1.1738,https://fred.stlouisfed.org/series/DEXUSEU
2026-01-23,달러/유로,1.1771,https://fred.stlouisfed.org/series/DEXUSEU
2026-01-26,달러/유로,1.1886,https://fred.stlouisfed.org/series/DEXUSEU
2026-01-27,달러/유로,1.198,https://fred.stlouisfed.org/series/DEXUSEU
2026-01-28,달러/유로,1.1941,https://fred.stlouisfed.org/series/DEXUSEU
2026-01-29,달러/유로,1.1943,https://fred.stlouisfed.org/series/DEXUSEU
2026-01-30,달러/유로,1.1885,https://fred.stlouisfed.org/series/DEXUSEU
2026-02-02,달러/유로,1.1807,https://fred.stlouisfed.org/series/DEXUSEU
2026-02-03,달러/유로,1.1819,https://fred.stlouisfed.org/series/DEXUSEU
2026-02-04,달러/유로,1.1803,https://fred.stlouisfed.org/series/DEXUSEU
2026-02-05,달러/유로,1.1802,https://fred.stlouisfed.org/series/DEXUSEU
2026-02-06,달러/유로,1.1812,https://fred.stlouisfed.org/series/DEXUSEU
2026-02-09,달러/유로,1.1898,https://fred.stlouisfed.org/series/DEXUSEU
2026-02-10,달러/유로,1.1898,https://fred.stlouisfed.org/series/DEXUSEU
2026-02-11,달러/유로,1.1884,https://fred.stlouisfed.org/series/DEXUSEU
2026-02-12,달러/유로,1.187,https://fred.stlouisfed.org/series/DEXUSEU
2026-02-13,달러/유로,1.187,https://fred.stlouisfed.org/series/DEXUSEU
2026-02-17,달러/유로,1.1831,https://fred.stlouisfed.org/series/DEXUSEU
2026-02-18,달러/유로,1.181,https://fred.stlouisfed.org/series/DEXUSEU
2026-02-19,달러/유로,1.1762,https://fred.stlouisfed.org/series/DEXUSEU
2026-02-20,달러/유로,1.1781,https://fred.stlouisfed.org/series/DEXUSEU
2026-02-23,달러/유로,1.1804,https://fred.stlouisfed.org/series/DEXUSEU
2026-02-24,달러/유로,1.1789,https://fred.stlouisfed.org/series/DEXUSEU
2026-02-25,달러/유로,1.1804,https://fred.stlouisfed.org/series/DEXUSEU
2026-02-26,달러/유로,1.1792,https://fred.stlouisfed.org/series/DEXUSEU
2026-02-27,달러/유로,1.1822,https://fred.stlouisfed.org/series/DEXUSEU
2026-03-02,달러/유로,1.169,https://fred.stlouisfed.org/series/DEXUSEU
2026-03-03,달러/유로,1.1604,https://fred.stlouisfed.org/series/DEXUSEU
2026-03-04,달러/유로,1.1638,https://fred.stlouisfed.org/series/DEXUSEU
2026-03-05,달러/유로,1.1585,https://fred.stlouisfed.org/series/DEXUSEU
2026-03-06,달러/유로,1.1606,https://fred.stlouisfed.org/series/DEXUSEU
2026-03-09,달러/유로,1.1592,https://fred.stlouisfed.org/series/DEXUSEU
2026-03-10,달러/유로,1.1648,https://fred.stlouisfed.org/series/DEXUSEU
2026-03-11,달러/유로,1.1566,https://fred.stlouisfed.org/series/DEXUSEU
2026-03-12,달러/유로,1.1522,https://fred.stlouisfed.org/series/DEXUSEU
2026-03-13,달러/유로,1.1444,https://fred.stlouisfed.org/series/DEXUSEU
2026-03-16,달러/유로,1.1487,https://fred.stlouisfed.org/series/DEXUSEU
2026-03-17,달러/유로,1.1525,https://fred.stlouisfed.org/series/DEXUSEU
2026-03-18,달러/유로,1.1513,https://fred.stlouisfed.org/series/DEXUSEU
2026-03-19,달러/유로,1.1515,https://fred.stlouisfed.org/series/DEXUSEU
2026-03-20,달러/유로,1.1543,https://fred.stlouisfed.org/series/DEXUSEU
2026-03-23,달러/유로,1.1587,https://fred.stlouisfed.org/series/DEXUSEU
2026-03-24,달러/유로,1.1578,https://fred.stlouisfed.org/series/DEXUSEU
2026-03-25,달러/유로,1.157,https://fred.stlouisfed.org/series/DEXUSEU
2026-03-26,달러/유로,1.1542,https://fred.stlouisfed.org/series/DEXUSEU
2026-03-27,달러/유로,1.152,https://fred.stlouisfed.org/series/DEXUSEU
2026-03-30,달러/유로,1.1454,https://fred.stlouisfed.org/series/DEXUSEU
2026-03-31,달러/유로,1.1518,https://fred.stlouisfed.org/series/DEXUSEU
2026-04-01,달러/유로,1.1614,https://fred.stlouisfed.org/series/DEXUSEU
2026-04-02,달러/유로,1.1546,https://fred.stlouisfed.org/series/DEXUSEU
2026-04-03,달러/유로,1.1523,https://fred.stlouisfed.org/series/DEXUSEU
2026-04-06,달러/유로,1.1545,https://fred.stlouisfed.org/series/DEXUSEU
2026-04-07,달러/유로,1.1571,https://fred.stlouisfed.org/series/DEXUSEU
2026-04-08,달러/유로,1.1686,https://fred.stlouisfed.org/series/DEXUSEU
2026-04-09,달러/유로,1.1706,https://fred.stlouisfed.org/series/DEXUSEU
2026-04-10,달러/유로,1.1723,https://fred.stlouisfed.org/series/DEXUSEU
2026-04-13,달러/유로,1.171,https://fred.stlouisfed.org/series/DEXUSEU
2026-04-14,달러/유로,1.1791,https://fred.stlouisfed.org/series/DEXUSEU
2026-04-15,달러/유로,1.1799,https://fred.stlouisfed.org/series/DEXUSEU
2026-04-16,달러/유로,1.1783,https://fred.stlouisfed.org/series/DEXUSEU
2026-04-17,달러/유로,1.1801,https://fred.stlouisfed.org/series/DEXUSEU
2026-04-20,달러/유로,1.1785,https://fred.stlouisfed.org/series/DEXUSEU
2026-04-21,달러/유로,1.1752,https://fred.stlouisfed.org/series/DEXUSEU
2026-04-22,달러/유로,1.1714,https://fred.stlouisfed.org/series/DEXUSEU
2026-04-23,달러/유로,1.1704,https://fred.stlouisfed.org/series/DEXUSEU
2026-04-24,달러/유로,1.1718,https://fred.stlouisfed.org/series/DEXUSEU
2026-04-27,달러/유로,1.1731,https://fred.stlouisfed.org/series/DEXUSEU
2026-04-28,달러/유로,1.1715,https://fred.stlouisfed.org/series/DEXUSEU
2026-04-29,달러/유로,1.1695,https://fred.stlouisfed.org/series/DEXUSEU
2026-04-30,달러/유로,1.1729,https://fred.stlouisfed.org/series/DEXUSEU
2026-05-01,달러/유로,1.1755,https://fred.stlouisfed.org/series/DEXUSEU
2026-05-04,달러/유로,1.1698,https://fred.stlouisfed.org/series/DEXUSEU
2026-05-05,달러/유로,1.1707,https://fred.stlouisfed.org/series/DEXUSEU
2026-05-06,달러/유로,1.1753,https://fred.stlouisfed.org/series/DEXUSEU
2026-05-07,달러/유로,1.1764,https://fred.stlouisfed.org/series/DEXUSEU
2026-05-08,달러/유로,1.1773,https://fred.stlouisfed.org/series/DEXUSEU
2026-05-11,달러/유로,1.178,https://fred.stlouisfed.org/series/DEXUSEU
2026-05-12,달러/유로,1.1733,https://fred.stlouisfed.org/series/DEXUSEU
2026-05-13,달러/유로,1.1711,https://fred.stlouisfed.org/series/DEXUSEU
2026-05-14,달러/유로,1.1678,https://fred.stlouisfed.org/series/DEXUSEU
2026-05-15,달러/유로,1.1627,https://fred.stlouisfed.org/series/DEXUSEU
2026-05-18,달러/유로,1.1649,https://fred.stlouisfed.org/series/DEXUSEU
2026-05-19,달러/유로,1.1602,https://fred.stlouisfed.org/series/DEXUSEU
2026-05-20,달러/유로,1.162,https://fred.stlouisfed.org/series/DEXUSEU
2026-05-21,달러/유로,1.1589,https://fred.stlouisfed.org/series/DEXUSEU
2026-05-22,달러/유로,1.1603,https://fred.stlouisfed.org/series/DEXUSEU
2026-05-26,달러/유로,1.162,https://fred.stlouisfed.org/series/DEXUSEU
2026-05-27,달러/유로,1.1631,https://fred.stlouisfed.org/series/DEXUSEU
2026-05-28,달러/유로,1.1649,https://fred.stlouisfed.org/series/DEXUSEU
2026-05-29,달러/유로,1.1679,https://fred.stlouisfed.org/series/DEXUSEU
2026-06-01,달러/유로,1.1624,https://fred.stlouisfed.org/series/DEXUSEU
2026-06-02,달러/유로,1.1642,https://fred.stlouisfed.org/series/DEXUSEU
2026-06-03,달러/유로,1.1605,https://fred.stlouisfed.org/series/DEXUSEU
2026-06-04,달러/유로,1.1629,https://fred.stlouisfed.org/series/DEXUSEU
2026-06-05,달러/유로,1.1533,https://fred.stlouisfed.org/series/DEXUSEU
2026-06-08,달러/유로,1.1545,https://fred.stlouisfed.org/series/DEXUSEU
2026-06-09,달러/유로,1.1556,https://fred.stlouisfed.org/series/DEXUSEU
2026-06-10,달러/유로,1.155,https://fred.stlouisfed.org/series/DEXUSEU
2026-06-11,달러/유로,1.1515,https://fred.stlouisfed.org/series/DEXUSEU
2026-06-12,달러/유로,1.1573,https://fred.stlouisfed.org/series/DEXUSEU
2026-06-15,달러/유로,1.1599,https://fred.stlouisfed.org/series/DEXUSEU
2026-06-16,달러/유로,1.1615,https://fred.stlouisfed.org/series/DEXUSEU
2026-06-17,달러/유로,1.1593,https://fred.stlouisfed.org/series/DEXUSEU
2026-06-18,달러/유로,1.147,https://fred.stlouisfed.org/series/DEXUSEU
2026-06-22,달러/유로,1.1432,https://fred.stlouisfed.org/series/DEXUSEU
2026-06-23,달러/유로,1.1383,https://fred.stlouisfed.org/series/DEXUSEU
2026-06-24,달러/유로,1.1348,https://fred.stlouisfed.org/series/DEXUSEU
2026-06-25,달러/유로,1.1385,https://fred.stlouisfed.org/series/DEXUSEU
2026-06-26,달러/유로,1.1403,https://fred.stlouisfed.org/series/DEXUSEU
2026-06-29,달러/유로,1.1425,https://fred.stlouisfed.org/series/DEXUSEU
2026-06-30,달러/유로,1.1417,https://fred.stlouisfed.org/series/DEXUSEU
2026-07-01,달러/유로,1.1384,https://fred.stlouisfed.org/series/DEXUSEU
2026-07-02,달러/유로,1.1448,https://fred.stlouisfed.org/series/DEXUSEU
2026-07-06,달러/유로,1.1426,https://fred.stlouisfed.org/series/DEXUSEU
2026-07-07,달러/유로,1.1423,https://fred.stlouisfed.org/series/DEXUSEU
2026-07-08,달러/유로,1.1396,https://fred.stlouisfed.org/series/DEXUSEU
2026-07-09,달러/유로,1.1439,https://fred.stlouisfed.org/series/DEXUSEU
2026-07-10,달러/유로,1.1438,https://fred.stlouisfed.org/series/DEXUSEU
2026-07-13,달러/유로,1.1402,https://fred.stlouisfed.org/series/DEXUSEU
2026-07-14,달러/유로,1.1428,https://fred.stlouisfed.org/series/DEXUSEU
2026-07-15,달러/유로,1.1436,https://fred.stlouisfed.org/series/DEXUSEU
2026-07-16,달러/유로,1.1447,https://fred.stlouisfed.org/series/DEXUSEU
2026-07-17,달러/유로,1.144,https://fred.stlouisfed.org/series/DEXUSEU
2026-07-20,달러/유로,1.1411,https://fred.stlouisfed.org/series/DEXUSEU
2026-07-21,달러/유로,1.1408,https://fred.stlouisfed.org/series/DEXUSEU
2026-07-22,달러/유로,1.1414,https://fred.stlouisfed.org/series/DEXUSEU
2026-07-23,달러/유로,1.1373,https://fred.stlouisfed.org/series/DEXUSEU
2026-07-24,달러/유로,1.1385,https://fred.stlouisfed.org/series/DEXUSEU
2026-07-27,달러/유로,1.1376,https://fred.stlouisfed.org/series/DEXUSEU
2026-07-28,달러/유로,1.1401,https://fred.stlouisfed.org/series/DEXUSEU
2026-07-29,달러/유로,1.1384,https://fred.stlouisfed.org/series/DEXUSEU
2026-07-30,달러/유로,1.1522,https://fred.stlouisfed.org/series/DEXUSEU
2026-07-31,달러/유로,1.1519,https://fred.stlouisfed.org/series/DEXUSEU
2026-08-03,달러/유로,1.1509,https://fred.stlouisfed.org/series/DEXUSEU
2026-08-04,달러/유로,1.1527,https://fred.stlouisfed.org/series/DEXUSEU
2026-08-05,달러/유로,1.1547,https://fred.stlouisfed.org/series/DEXUSEU
2026-08-06,달러/유로,1.1521,https://fred.stlouisfed.org/series/DEXUSEU
2026-08-07,달러/유로,1.1559,https://fred.stlouisfed.org/series/DEXUSEU
2026-08-10,달러/유로,1.1552,https://fred.stlouisfed.org/series/DEXUSEU
2026-08-11,달러/유로,1.1543,https://fred.stlouisfed.org/series/DEXUSEU
2026-08-12,달러/유로,1.154,https://fred.stlouisfed.org/series/DEXUSEU
2026-08-13,달러/유로,1.1531,https://fred.stlouisfed.org/series/DEXUSEU
2026-08-14,달러/유로,1.1581,https://fred.stlouisfed.org/series/DEXUSEU
2026-08-17,달러/유로,1.1591,https://fred.stlouisfed.org/series/DEXUSEU
2026-08-18,달러/유로,1.158,https://fred.stlouisfed.org/series/DEXUSEU
2026-08-19,달러/유로,1.1664,https://fred.stlouisfed.org/series/DEXUSEU
2026-08-20,달러/유로,1.1679,https://fred.stlouisfed.org/series/DEXUSEU
2026-08-21,달러/유로,1.1684,https://fred.stlouisfed.org/series/DEXUSEU
2026-08-24,달러/유로,1.1665,https://fred.stlouisfed.org/series/DEXUSEU
2026-08-25,달러/유로,1.1673,https://fred.stlouisfed.org/series/DEXUSEU
2026-08-26,달러/유로,1.1651,https://fred.stlouisfed.org/series/DEXUSEU
2026-08-27,달러/유로,1.1654,https://fred.stlouisfed.org/series/DEXUSEU
2026-08-28,달러/유로,1.1598,https://fred.stlouisfed.org/series/DEXUSEU
2026-08-31,달러/유로,1.1617,https://fred.stlouisfed.org/series/DEXUSEU
2026-09-01,달러/유로,1.1593,https://fred.stlouisfed.org/series/DEXUSEU
2026-09-02,달러/유로,1.1592,https://fred.stlouisfed.org/series/DEXUSEU
2026-09-03,달러/유로,1.1623,https://fred.stlouisfed.org/series/DEXUSEU
2026-09-04,달러/유로,1.1618,https://fred.stlouisfed.org/series/DEXUSEU
2026-09-08,달러/유로,1.1627,https://fred.stlouisfed.org/series/DEXUSEU
2026-09-09,달러/유로,1.1627,https://fred.stlouisfed.org/series/DEXUSEU
2026-09-10,달러/유로,1.1629,https://fred.stlouisfed.org/series/DEXUSEU
2026-09-11,달러/유로,1.1604,https://fred.stlouisfed.org/series/DEXUSEU
2021-09-01,달러지수(광의),112.8732,https://fred.stlouisfed.org/series/DTWEXBGS
2021-09-02,달러지수(광의),112.7863,https://fred.stlouisfed.org/series/DTWEXBGS
2021-09-03,달러지수(광의),112.5476,https://fred.stlouisfed.org/series/DTWEXBGS
2021-09-07,달러지수(광의),112.9795,https://fred.stlouisfed.org/series/DTWEXBGS
2021-09-08,달러지수(광의),113.2319,https://fred.stlouisfed.org/series/DTWEXBGS
2021-09-09,달러지수(광의),113.043,https://fred.stlouisfed.org/series/DTWEXBGS
2021-09-10,달러지수(광의),112.9425,https://fred.stlouisfed.org/series/DTWEXBGS
2021-09-13,달러지수(광의),113.0341,https://fred.stlouisfed.org/series/DTWEXBGS
2021-09-14,달러지수(광의),113.0061,https://fred.stlouisfed.org/series/DTWEXBGS
2021-09-15,달러지수(광의),112.9773,https://fred.stlouisfed.org/series/DTWEXBGS
2021-09-16,달러지수(광의),113.3036,https://fred.stlouisfed.org/series/DTWEXBGS
2021-09-17,달러지수(광의),113.5989,https://fred.stlouisfed.org/series/DTWEXBGS
2021-09-20,달러지수(광의),113.9422,https://fred.stlouisfed.org/series/DTWEXBGS
2021-09-21,달러지수(광의),113.8179,https://fred.stlouisfed.org/series/DTWEXBGS
2021-09-22,달러지수(광의),113.6223,https://fred.stlouisfed.org/series/DTWEXBGS
2021-09-23,달러지수(광의),113.513,https://fred.stlouisfed.org/series/DTWEXBGS
2021-09-24,달러지수(광의),113.7597,https://fred.stlouisfed.org/series/DTWEXBGS
2021-09-27,달러지수(광의),113.7432,https://fred.stlouisfed.org/series/DTWEXBGS
2021-09-28,달러지수(광의),114.2469,https://fred.stlouisfed.org/series/DTWEXBGS
2021-09-29,달러지수(광의),114.7092,https://fred.stlouisfed.org/series/DTWEXBGS
2021-09-30,달러지수(광의),114.6403,https://fred.stlouisfed.org/series/DTWEXBGS
2021-10-01,달러지수(광의),114.3798,https://fred.stlouisfed.org/series/DTWEXBGS
2021-10-04,달러지수(광의),114.2739,https://fred.stlouisfed.org/series/DTWEXBGS
2021-10-05,달러지수(광의),114.3654,https://fred.stlouisfed.org/series/DTWEXBGS
2021-10-06,달러지수(광의),114.7185,https://fred.stlouisfed.org/series/DTWEXBGS
2021-10-07,달러지수(광의),114.5044,https://fred.stlouisfed.org/series/DTWEXBGS
2021-10-08,달러지수(광의),114.5986,https://fred.stlouisfed.org/series/DTWEXBGS
2021-10-12,달러지수(광의),114.7542,https://fred.stlouisfed.org/series/DTWEXBGS
2021-10-13,달러지수(광의),114.4705,https://fred.stlouisfed.org/series/DTWEXBGS
2021-10-14,달러지수(광의),114.2053,https://fred.stlouisfed.org/series/DTWEXBGS
2021-10-15,달러지수(광의),114.0905,https://fred.stlouisfed.org/series/DTWEXBGS
2021-10-18,달러지수(광의),113.9899,https://fred.stlouisfed.org/series/DTWEXBGS
2021-10-19,달러지수(광의),113.647,https://fred.stlouisfed.org/series/DTWEXBGS
2021-10-20,달러지수(광의),113.5083,https://fred.stlouisfed.org/series/DTWEXBGS
2021-10-21,달러지수(광의),113.6188,https://fred.stlouisfed.org/series/DTWEXBGS
2021-10-22,달러지수(광의),113.67,https://fred.stlouisfed.org/series/DTWEXBGS
2021-10-25,달러지수(광의),113.605,https://fred.stlouisfed.org/series/DTWEXBGS
2021-10-26,달러지수(광의),113.674,https://fred.stlouisfed.org/series/DTWEXBGS
2021-10-27,달러지수(광의),113.6218,https://fred.stlouisfed.org/series/DTWEXBGS
2021-10-28,달러지수(광의),113.4389,https://fred.stlouisfed.org/series/DTWEXBGS
2021-10-29,달러지수(광의),114.1349,https://fred.stlouisfed.org/series/DTWEXBGS
2021-11-01,달러지수(광의),114.2067,https://fred.stlouisfed.org/series/DTWEXBGS
2021-11-02,달러지수(광의),114.2847,https://fred.stlouisfed.org/series/DTWEXBGS
2021-11-03,달러지수(광의),114.3593,https://fred.stlouisfed.org/series/DTWEXBGS
2021-11-04,달러지수(광의),114.3558,https://fred.stlouisfed.org/series/DTWEXBGS
2021-11-05,달러지수(광의),114.0732,https://fred.stlouisfed.org/series/DTWEXBGS
2021-11-08,달러지수(광의),113.8256,https://fred.stlouisfed.org/series/DTWEXBGS
2021-11-09,달러지수(광의),113.762,https://fred.stlouisfed.org/series/DTWEXBGS
2021-11-10,달러지수(광의),114.1484,https://fred.stlouisfed.org/series/DTWEXBGS
2021-11-12,달러지수(광의),114.5144,https://fred.stlouisfed.org/series/DTWEXBGS
2021-11-15,달러지수(광의),114.5876,https://fred.stlouisfed.org/series/DTWEXBGS
2021-11-16,달러지수(광의),115.136,https://fred.stlouisfed.org/series/DTWEXBGS
2021-11-17,달러지수(광의),115.0263,https://fred.stlouisfed.org/series/DTWEXBGS
2021-11-18,달러지수(광의),115.0678,https://fred.stlouisfed.org/series/DTWEXBGS
2021-11-19,달러지수(광의),115.2187,https://fred.stlouisfed.org/series/DTWEXBGS
2021-11-22,달러지수(광의),115.6481,https://fred.stlouisfed.org/series/DTWEXBGS
2021-11-23,달러지수(광의),116.0118,https://fred.stlouisfed.org/series/DTWEXBGS
2021-11-24,달러지수(광의),116.2711,https://fred.stlouisfed.org/series/DTWEXBGS
2021-11-26,달러지수(광의),116.5103,https://fred.stlouisfed.org/series/DTWEXBGS
2021-11-29,달러지수(광의),116.581,https://fred.stlouisfed.org/series/DTWEXBGS
2021-11-30,달러지수(광의),116.2071,https://fred.stlouisfed.org/series/DTWEXBGS
2021-12-01,달러지수(광의),115.889,https://fred.stlouisfed.org/series/DTWEXBGS
2021-12-02,달러지수(광의),116.018,https://fred.stlouisfed.org/series/DTWEXBGS
2021-12-03,달러지수(광의),116.2377,https://fred.stlouisfed.org/series/DTWEXBGS
2021-12-06,달러지수(광의),116.1538,https://fred.stlouisfed.org/series/DTWEXBGS
2021-12-07,달러지수(광의),115.8555,https://fred.stlouisfed.org/series/DTWEXBGS
2021-12-08,달러지수(광의),115.4418,https://fred.stlouisfed.org/series/DTWEXBGS
2021-12-09,달러지수(광의),115.7784,https://fred.stlouisfed.org/series/DTWEXBGS
2021-12-10,달러지수(광의),115.5732,https://fred.stlouisfed.org/series/DTWEXBGS
2021-12-13,달러지수(광의),115.842,https://fred.stlouisfed.org/series/DTWEXBGS
2021-12-14,달러지수(광의),116.2397,https://fred.stlouisfed.org/series/DTWEXBGS
2021-12-15,달러지수(광의),116.4219,https://fred.stlouisfed.org/series/DTWEXBGS
2021-12-16,달러지수(광의),115.7146,https://fred.stlouisfed.org/series/DTWEXBGS
2021-12-17,달러지수(광의),115.791,https://fred.stlouisfed.org/series/DTWEXBGS
2021-12-20,달러지수(광의),116.0092,https://fred.stlouisfed.org/series/DTWEXBGS
2021-12-21,달러지수(광의),116.1089,https://fred.stlouisfed.org/series/DTWEXBGS
2021-12-22,달러지수(광의),115.7485,https://fred.stlouisfed.org/series/DTWEXBGS
2021-12-23,달러지수(광의),115.5337,https://fred.stlouisfed.org/series/DTWEXBGS
2021-12-27,달러지수(광의),115.4684,https://fred.stlouisfed.org/series/DTWEXBGS
2021-12-28,달러지수(광의),115.4192,https://fred.stlouisfed.org/series/DTWEXBGS
2021-12-29,달러지수(광의),115.3678,https://fred.stlouisfed.org/series/DTWEXBGS
2021-12-30,달러지수(광의),115.283,https://fred.stlouisfed.org/series/DTWEXBGS
2022-01-03,달러지수(광의),115.4101,https://fred.stlouisfed.org/series/DTWEXBGS
2022-01-04,달러지수(광의),115.3103,https://fred.stlouisfed.org/series/DTWEXBGS
2022-01-05,달러지수(광의),115.137,https://fred.stlouisfed.org/series/DTWEXBGS
2022-01-06,달러지수(광의),115.4046,https://fred.stlouisfed.org/series/DTWEXBGS
2022-01-07,달러지수(광의),115.0451,https://fred.stlouisfed.org/series/DTWEXBGS
2022-01-10,달러지수(광의),115.2216,https://fred.stlouisfed.org/series/DTWEXBGS
2022-01-11,달러지수(광의),114.8332,https://fred.stlouisfed.org/series/DTWEXBGS
2022-01-12,달러지수(광의),114.355,https://fred.stlouisfed.org/series/DTWEXBGS
2022-01-13,달러지수(광의),114.177,https://fred.stlouisfed.org/series/DTWEXBGS
2022-01-14,달러지수(광의),114.3825,https://fred.stlouisfed.org/series/DTWEXBGS
2022-01-18,달러지수(광의),114.7373,https://fred.stlouisfed.org/series/DTWEXBGS
2022-01-19,달러지수(광의),114.6109,https://fred.stlouisfed.org/series/DTWEXBGS
2022-01-20,달러지수(광의),114.4642,https://fred.stlouisfed.org/series/DTWEXBGS
2022-01-21,달러지수(광의),114.6125,https://fred.stlouisfed.org/series/DTWEXBGS
2022-01-24,달러지수(광의),115.2034,https://fred.stlouisfed.org/series/DTWEXBGS
2022-01-25,달러지수(광의),115.1654,https://fred.stlouisfed.org/series/DTWEXBGS
2022-01-26,달러지수(광의),115.0922,https://fred.stlouisfed.org/series/DTWEXBGS
2022-01-27,달러지수(광의),115.978,https://fred.stlouisfed.org/series/DTWEXBGS
2022-01-28,달러지수(광의),116.0393,https://fred.stlouisfed.org/series/DTWEXBGS
2022-01-31,달러지수(광의),115.566,https://fred.stlouisfed.org/series/DTWEXBGS
2022-02-01,달러지수(광의),115.3685,https://fred.stlouisfed.org/series/DTWEXBGS
2022-02-02,달러지수(광의),115.1538,https://fred.stlouisfed.org/series/DTWEXBGS
2022-02-03,달러지수(광의),114.9065,https://fred.stlouisfed.org/series/DTWEXBGS
2022-02-04,달러지수(광의),115.1362,https://fred.stlouisfed.org/series/DTWEXBGS
2022-02-07,달러지수(광의),115.0098,https://fred.stlouisfed.org/series/DTWEXBGS
2022-02-08,달러지수(광의),115.0892,https://fred.stlouisfed.org/series/DTWEXBGS
2022-02-09,달러지수(광의),114.8232,https://fred.stlouisfed.org/series/DTWEXBGS
2022-02-10,달러지수(광의),114.5527,https://fred.stlouisfed.org/series/DTWEXBGS
2022-02-11,달러지수(광의),114.8413,https://fred.stlouisfed.org/series/DTWEXBGS
2022-02-14,달러지수(광의),115.1946,https://fred.stlouisfed.org/series/DTWEXBGS
2022-02-15,달러지수(광의),114.93,https://fred.stlouisfed.org/series/DTWEXBGS
2022-02-16,달러지수(광의),114.6886,https://fred.stlouisfed.org/series/DTWEXBGS
2022-02-17,달러지수(광의),114.6755,https://fred.stlouisfed.org/series/DTWEXBGS
2022-02-18,달러지수(광의),114.7982,https://fred.stlouisfed.org/series/DTWEXBGS
2022-02-22,달러지수(광의),114.7002,https://fred.stlouisfed.org/series/DTWEXBGS
2022-02-23,달러지수(광의),114.6668,https://fred.stlouisfed.org/series/DTWEXBGS
2022-02-24,달러지수(광의),115.9419,https://fred.stlouisfed.org/series/DTWEXBGS
2022-02-25,달러지수(광의),115.2577,https://fred.stlouisfed.org/series/DTWEXBGS
2022-02-28,달러지수(광의),115.2224,https://fred.stlouisfed.org/series/DTWEXBGS
2022-03-01,달러지수(광의),115.7962,https://fred.stlouisfed.org/series/DTWEXBGS
2022-03-02,달러지수(광의),115.7623,https://fred.stlouisfed.org/series/DTWEXBGS
2022-03-03,달러지수(광의),115.9495,https://fred.stlouisfed.org/series/DTWEXBGS
2022-03-04,달러지수(광의),116.6503,https://fred.stlouisfed.org/series/DTWEXBGS
2022-03-07,달러지수(광의),117.3278,https://fred.stlouisfed.org/series/DTWEXBGS
2022-03-08,달러지수(광의),117.6176,https://fred.stlouisfed.org/series/DTWEXBGS
2022-03-09,달러지수(광의),116.5961,https://fred.stlouisfed.org/series/DTWEXBGS
2022-03-10,달러지수(광의),116.7401,https://fred.stlouisfed.org/series/DTWEXBGS
2022-03-11,달러지수(광의),117.0192,https://fred.stlouisfed.org/series/DTWEXBGS
2022-03-14,달러지수(광의),117.1506,https://fred.stlouisfed.org/series/DTWEXBGS
2022-03-15,달러지수(광의),117.246,https://fred.stlouisfed.org/series/DTWEXBGS
2022-03-16,달러지수(광의),116.8073,https://fred.stlouisfed.org/series/DTWEXBGS
2022-03-17,달러지수(광의),116.0467,https://fred.stlouisfed.org/series/DTWEXBGS
2022-03-18,달러지수(광의),116.1378,https://fred.stlouisfed.org/series/DTWEXBGS
2022-03-21,달러지수(광의),115.9398,https://fred.stlouisfed.org/series/DTWEXBGS
2022-03-22,달러지수(광의),116.0824,https://fred.stlouisfed.org/series/DTWEXBGS
2022-03-23,달러지수(광의),116.005,https://fred.stlouisfed.org/series/DTWEXBGS
2022-03-24,달러지수(광의),115.9599,https://fred.stlouisfed.org/series/DTWEXBGS
2022-03-25,달러지수(광의),115.7921,https://fred.stlouisfed.org/series/DTWEXBGS
2022-03-28,달러지수(광의),116.1911,https://fred.stlouisfed.org/series/DTWEXBGS
2022-03-29,달러지수(광의),115.5679,https://fred.stlouisfed.org/series/DTWEXBGS
2022-03-30,달러지수(광의),115.0818,https://fred.stlouisfed.org/series/DTWEXBGS
2022-03-31,달러지수(광의),115.2218,https://fred.stlouisfed.org/series/DTWEXBGS
2022-04-01,달러지수(광의),115.4814,https://fred.stlouisfed.org/series/DTWEXBGS
2022-04-04,달러지수(광의),115.4112,https://fred.stlouisfed.org/series/DTWEXBGS
2022-04-05,달러지수(광의),115.73,https://fred.stlouisfed.org/series/DTWEXBGS
2022-04-06,달러지수(광의),115.9995,https://fred.stlouisfed.org/series/DTWEXBGS
2022-04-07,달러지수(광의),116.3512,https://fred.stlouisfed.org/series/DTWEXBGS
2022-04-08,달러지수(광의),116.4176,https://fred.stlouisfed.org/series/DTWEXBGS
2022-04-11,달러지수(광의),116.5401,https://fred.stlouisfed.org/series/DTWEXBGS
2022-04-12,달러지수(광의),116.3866,https://fred.stlouisfed.org/series/DTWEXBGS
2022-04-13,달러지수(광의),116.2796,https://fred.stlouisfed.org/series/DTWEXBGS
2022-04-14,달러지수(광의),116.7558,https://fred.stlouisfed.org/series/DTWEXBGS
2022-04-15,달러지수(광의),116.7017,https://fred.stlouisfed.org/series/DTWEXBGS
2022-04-18,달러지수(광의),116.8441,https://fred.stlouisfed.org/series/DTWEXBGS
2022-04-19,달러지수(광의),117.1324,https://fred.stlouisfed.org/series/DTWEXBGS
2022-04-20,달러지수(광의),116.7306,https://fred.stlouisfed.org/series/DTWEXBGS
2022-04-21,달러지수(광의),117.1432,https://fred.stlouisfed.org/series/DTWEXBGS
2022-04-22,달러지수(광의),118.0186,https://fred.stlouisfed.org/series/DTWEXBGS
2022-04-25,달러지수(광의),118.6271,https://fred.stlouisfed.org/series/DTWEXBGS
2022-04-26,달러지수(광의),118.9624,https://fred.stlouisfed.org/series/DTWEXBGS
2022-04-27,달러지수(광의),119.4708,https://fred.stlouisfed.org/series/DTWEXBGS
2022-04-28,달러지수(광의),120.0675,https://fred.stlouisfed.org/series/DTWEXBGS
2022-04-29,달러지수(광의),119.4933,https://fred.stlouisfed.org/series/DTWEXBGS
2022-05-02,달러지수(광의),119.8825,https://fred.stlouisfed.org/series/DTWEXBGS
2022-05-03,달러지수(광의),119.7043,https://fred.stlouisfed.org/series/DTWEXBGS
2022-05-04,달러지수(광의),119.5592,https://fred.stlouisfed.org/series/DTWEXBGS
2022-05-05,달러지수(광의),120.0068,https://fred.stlouisfed.org/series/DTWEXBGS
2022-05-06,달러지수(광의),119.8577,https://fred.stlouisfed.org/series/DTWEXBGS
2022-05-09,달러지수(광의),120.4972,https://fred.stlouisfed.org/series/DTWEXBGS
2022-05-10,달러지수(광의),120.7742,https://fred.stlouisfed.org/series/DTWEXBGS
2022-05-11,달러지수(광의),120.3925,https://fred.stlouisfed.org/series/DTWEXBGS
2022-05-12,달러지수(광의),121.2796,https://fred.stlouisfed.org/series/DTWEXBGS
2022-05-13,달러지수(광의),120.8442,https://fred.stlouisfed.org/series/DTWEXBGS
2022-05-16,달러지수(광의),120.6881,https://fred.stlouisfed.org/series/DTWEXBGS
2022-05-17,달러지수(광의),119.8871,https://fred.stlouisfed.org/series/DTWEXBGS
2022-05-18,달러지수(광의),120.0274,https://fred.stlouisfed.org/series/DTWEXBGS
2022-05-19,달러지수(광의),119.4278,https://fred.stlouisfed.org/series/DTWEXBGS
2022-05-20,달러지수(광의),119.3677,https://fred.stlouisfed.org/series/DTWEXBGS
2022-05-23,달러지수(광의),118.7169,https://fred.stlouisfed.org/series/DTWEXBGS
2022-05-24,달러지수(광의),118.6245,https://fred.stlouisfed.org/series/DTWEXBGS
2022-05-25,달러지수(광의),118.9598,https://fred.stlouisfed.org/series/DTWEXBGS
2022-05-26,달러지수(광의),118.7687,https://fred.stlouisfed.org/series/DTWEXBGS
2022-05-27,달러지수(광의),118.2834,https://fred.stlouisfed.org/series/DTWEXBGS
2022-05-31,달러지수(광의),118.0704,https://fred.stlouisfed.org/series/DTWEXBGS
2022-06-01,달러지수(광의),118.6954,https://fred.stlouisfed.org/series/DTWEXBGS
2022-06-02,달러지수(광의),118.0658,https://fred.stlouisfed.org/series/DTWEXBGS
2022-06-03,달러지수(광의),118.2153,https://fred.stlouisfed.org/series/DTWEXBGS
2022-06-06,달러지수(광의),118.3081,https://fred.stlouisfed.org/series/DTWEXBGS
2022-06-07,달러지수(광의),118.4414,https://fred.stlouisfed.org/series/DTWEXBGS
2022-06-08,달러지수(광의),118.3951,https://fred.stlouisfed.org/series/DTWEXBGS
2022-06-09,달러지수(광의),118.9226,https://fred.stlouisfed.org/series/DTWEXBGS
2022-06-10,달러지수(광의),119.9981,https://fred.stlouisfed.org/series/DTWEXBGS
2022-06-13,달러지수(광의),121.1523,https://fred.stlouisfed.org/series/DTWEXBGS
2022-06-14,달러지수(광의),121.6669,https://fred.stlouisfed.org/series/DTWEXBGS
2022-06-15,달러지수(광의),121.6403,https://fred.stlouisfed.org/series/DTWEXBGS
2022-06-16,달러지수(광의),120.6714,https://fred.stlouisfed.org/series/DTWEXBGS
2022-06-17,달러지수(광의),121.2369,https://fred.stlouisfed.org/series/DTWEXBGS
2022-06-21,달러지수(광의),120.6427,https://fred.stlouisfed.org/series/DTWEXBGS
2022-06-22,달러지수(광의),120.5197,https://fred.stlouisfed.org/series/DTWEXBGS
2022-06-23,달러지수(광의),120.7622,https://fred.stlouisfed.org/series/DTWEXBGS
2022-06-24,달러지수(광의),120.4853,https://fred.stlouisfed.org/series/DTWEXBGS
2022-06-27,달러지수(광의),120.1736,https://fred.stlouisfed.org/series/DTWEXBGS
2022-06-28,달러지수(광의),120.62,https://fred.stlouisfed.org/series/DTWEXBGS
2022-06-29,달러지수(광의),120.9616,https://fred.stlouisfed.org/series/DTWEXBGS
2022-06-30,달러지수(광의),120.9652,https://fred.stlouisfed.org/series/DTWEXBGS
2022-07-01,달러지수(광의),121.5058,https://fred.stlouisfed.org/series/DTWEXBGS
2022-07-05,달러지수(광의),122.6203,https://fred.stlouisfed.org/series/DTWEXBGS
2022-07-06,달러지수(광의),123.0073,https://fred.stlouisfed.org/series/DTWEXBGS
2022-07-07,달러지수(광의),122.7257,https://fred.stlouisfed.org/series/DTWEXBGS
2022-07-08,달러지수(광의),122.4662,https://fred.stlouisfed.org/series/DTWEXBGS
2022-07-11,달러지수(광의),123.2974,https://fred.stlouisfed.org/series/DTWEXBGS
2022-07-12,달러지수(광의),123.4524,https://fred.stlouisfed.org/series/DTWEXBGS
2022-07-13,달러지수(광의),123.2834,https://fred.stlouisfed.org/series/DTWEXBGS
2022-07-14,달러지수(광의),124.0622,https://fred.stlouisfed.org/series/DTWEXBGS
2022-07-15,달러지수(광의),123.4765,https://fred.stlouisfed.org/series/DTWEXBGS
2022-07-18,달러지수(광의),122.7727,https://fred.stlouisfed.org/series/DTWEXBGS
2022-07-19,달러지수(광의),122.4819,https://fred.stlouisfed.org/series/DTWEXBGS
2022-07-20,달러지수(광의),122.5997,https://fred.stlouisfed.org/series/DTWEXBGS
2022-07-21,달러지수(광의),122.9032,https://fred.stlouisfed.org/series/DTWEXBGS
2022-07-22,달러지수(광의),122.451,https://fred.stlouisfed.org/series/DTWEXBGS
2022-07-25,달러지수(광의),122.4594,https://fred.stlouisfed.org/series/DTWEXBGS
2022-07-26,달러지수(광의),122.7581,https://fred.stlouisfed.org/series/DTWEXBGS
2022-07-27,달러지수(광의),122.8169,https://fred.stlouisfed.org/series/DTWEXBGS
2022-07-28,달러지수(광의),122.1161,https://fred.stlouisfed.org/series/DTWEXBGS
2022-07-29,달러지수(광의),121.7678,https://fred.stlouisfed.org/series/DTWEXBGS
2022-08-01,달러지수(광의),121.4109,https://fred.stlouisfed.org/series/DTWEXBGS
2022-08-02,달러지수(광의),121.9486,https://fred.stlouisfed.org/series/DTWEXBGS
2022-08-03,달러지수(광의),122.3888,https://fred.stlouisfed.org/series/DTWEXBGS
2022-08-04,달러지수(광의),121.8333,https://fred.stlouisfed.org/series/DTWEXBGS
2022-08-05,달러지수(광의),122.321,https://fred.stlouisfed.org/series/DTWEXBGS
2022-08-08,달러지수(광의),121.8783,https://fred.stlouisfed.org/series/DTWEXBGS
2022-08-09,달러지수(광의),121.8614,https://fred.stlouisfed.org/series/DTWEXBGS
2022-08-10,달러지수(광의),120.7543,https://fred.stlouisfed.org/series/DTWEXBGS
2022-08-11,달러지수(광의),120.7163,https://fred.stlouisfed.org/series/DTWEXBGS
2022-08-12,달러지수(광의),121.018,https://fred.stlouisfed.org/series/DTWEXBGS
2022-08-15,달러지수(광의),121.4315,https://fred.stlouisfed.org/series/DTWEXBGS
2022-08-16,달러지수(광의),121.6807,https://fred.stlouisfed.org/series/DTWEXBGS
2022-08-17,달러지수(광의),122.0711,https://fred.stlouisfed.org/series/DTWEXBGS
2022-08-18,달러지수(광의),122.3627,https://fred.stlouisfed.org/series/DTWEXBGS
2022-08-19,달러지수(광의),123.0501,https://fred.stlouisfed.org/series/DTWEXBGS
2022-08-22,달러지수(광의),123.605,https://fred.stlouisfed.org/series/DTWEXBGS
2022-08-23,달러지수(광의),123.0547,https://fred.stlouisfed.org/series/DTWEXBGS
2022-08-24,달러지수(광의),123.109,https://fred.stlouisfed.org/series/DTWEXBGS
2022-08-25,달러지수(광의),123.0586,https://fred.stlouisfed.org/series/DTWEXBGS
2022-08-26,달러지수(광의),123.0656,https://fred.stlouisfed.org/series/DTWEXBGS
2022-08-29,달러지수(광의),123.4686,https://fred.stlouisfed.org/series/DTWEXBGS
2022-08-30,달러지수(광의),123.6848,https://fred.stlouisfed.org/series/DTWEXBGS
2022-08-31,달러지수(광의),123.535,https://fred.stlouisfed.org/series/DTWEXBGS
2022-09-01,달러지수(광의),124.4006,https://fred.stlouisfed.org/series/DTWEXBGS
2022-09-02,달러지수(광의),123.7743,https://fred.stlouisfed.org/series/DTWEXBGS
2022-09-06,달러지수(광의),124.767,https://fred.stlouisfed.org/series/DTWEXBGS
2022-09-07,달러지수(광의),124.8408,https://fred.stlouisfed.org/series/DTWEXBGS
2022-09-08,달러지수(광의),124.578,https://fred.stlouisfed.org/series/DTWEXBGS
2022-09-09,달러지수(광의),123.7874,https://fred.stlouisfed.org/series/DTWEXBGS
2022-09-12,달러지수(광의),123.3332,https://fred.stlouisfed.org/series/DTWEXBGS
2022-09-13,달러지수(광의),124.4242,https://fred.stlouisfed.org/series/DTWEXBGS
2022-09-14,달러지수(광의),124.4509,https://fred.stlouisfed.org/series/DTWEXBGS
2022-09-15,달러지수(광의),124.8843,https://fred.stlouisfed.org/series/DTWEXBGS
2022-09-16,달러지수(광의),124.8794,https://fred.stlouisfed.org/series/DTWEXBGS
2022-09-19,달러지수(광의),125.0104,https://fred.stlouisfed.org/series/DTWEXBGS
2022-09-20,달러지수(광의),125.1248,https://fred.stlouisfed.org/series/DTWEXBGS
2022-09-21,달러지수(광의),125.7399,https://fred.stlouisfed.org/series/DTWEXBGS
2022-09-22,달러지수(광의),126.1667,https://fred.stlouisfed.org/series/DTWEXBGS
2022-09-23,달러지수(광의),127.2853,https://fred.stlouisfed.org/series/DTWEXBGS
2022-09-26,달러지수(광의),128.4539,https://fred.stlouisfed.org/series/DTWEXBGS
2022-09-27,달러지수(광의),128.4386,https://fred.stlouisfed.org/series/DTWEXBGS
2022-09-28,달러지수(광의),128.0884,https://fred.stlouisfed.org/series/DTWEXBGS
2022-09-29,달러지수(광의),127.5437,https://fred.stlouisfed.org/series/DTWEXBGS
2022-09-30,달러지수(광의),127.5148,https://fred.stlouisfed.org/series/DTWEXBGS
2022-10-03,달러지수(광의),127.0813,https://fred.stlouisfed.org/series/DTWEXBGS
2022-10-04,달러지수(광의),126.1819,https://fred.stlouisfed.org/series/DTWEXBGS
2022-10-05,달러지수(광의),126.8616,https://fred.stlouisfed.org/series/DTWEXBGS
2022-10-06,달러지수(광의),127.2493,https://fred.stlouisfed.org/series/DTWEXBGS
2022-10-07,달러지수(광의),127.3111,https://fred.stlouisfed.org/series/DTWEXBGS
2022-10-11,달러지수(광의),127.6641,https://fred.stlouisfed.org/series/DTWEXBGS
2022-10-12,달러지수(광의),128.1481,https://fred.stlouisfed.org/series/DTWEXBGS
2022-10-13,달러지수(광의),127.7286,https://fred.stlouisfed.org/series/DTWEXBGS
2022-10-14,달러지수(광의),128.3325,https://fred.stlouisfed.org/series/DTWEXBGS
2022-10-17,달러지수(광의),127.6448,https://fred.stlouisfed.org/series/DTWEXBGS
2022-10-18,달러지수(광의),127.9153,https://fred.stlouisfed.org/series/DTWEXBGS
2022-10-19,달러지수(광의),128.3968,https://fred.stlouisfed.org/series/DTWEXBGS
2022-10-20,달러지수(광의),128.0052,https://fred.stlouisfed.org/series/DTWEXBGS
2022-10-21,달러지수(광의),127.6735,https://fred.stlouisfed.org/series/DTWEXBGS
2022-10-24,달러지수(광의),128.0304,https://fred.stlouisfed.org/series/DTWEXBGS
2022-10-25,달러지수(광의),127.3771,https://fred.stlouisfed.org/series/DTWEXBGS
2022-10-26,달러지수(광의),126.4723,https://fred.stlouisfed.org/series/DTWEXBGS
2022-10-27,달러지수(광의),126.7028,https://fred.stlouisfed.org/series/DTWEXBGS
2022-10-28,달러지수(광의),127.2135,https://fred.stlouisfed.org/series/DTWEXBGS
2022-10-31,달러지수(광의),127.6219,https://fred.stlouisfed.org/series/DTWEXBGS
2022-11-01,달러지수(광의),127.3987,https://fred.stlouisfed.org/series/DTWEXBGS
2022-11-02,달러지수(광의),127.3115,https://fred.stlouisfed.org/series/DTWEXBGS
2022-11-03,달러지수(광의),128.1743,https://fred.stlouisfed.org/series/DTWEXBGS
2022-11-04,달러지수(광의),127.1468,https://fred.stlouisfed.org/series/DTWEXBGS
2022-11-07,달러지수(광의),126.3062,https://fred.stlouisfed.org/series/DTWEXBGS
2022-11-08,달러지수(광의),125.633,https://fred.stlouisfed.org/series/DTWEXBGS
2022-11-09,달러지수(광의),125.9861,https://fred.stlouisfed.org/series/DTWEXBGS
2022-11-10,달러지수(광의),124.7044,https://fred.stlouisfed.org/series/DTWEXBGS
2022-11-14,달러지수(광의),123.4277,https://fred.stlouisfed.org/series/DTWEXBGS
2022-11-15,달러지수(광의),123.039,https://fred.stlouisfed.org/series/DTWEXBGS
2022-11-16,달러지수(광의),123.2817,https://fred.stlouisfed.org/series/DTWEXBGS
2022-11-17,달러지수(광의),123.977,https://fred.stlouisfed.org/series/DTWEXBGS
2022-11-18,달러지수(광의),123.8524,https://fred.stlouisfed.org/series/DTWEXBGS
2022-11-21,달러지수(광의),124.7009,https://fred.stlouisfed.org/series/DTWEXBGS
2022-11-22,달러지수(광의),124.2365,https://fred.stlouisfed.org/series/DTWEXBGS
2022-11-23,달러지수(광의),123.7574,https://fred.stlouisfed.org/series/DTWEXBGS
2022-11-25,달러지수(광의),123.3386,https://fred.stlouisfed.org/series/DTWEXBGS
2022-11-28,달러지수(광의),123.6032,https://fred.stlouisfed.org/series/DTWEXBGS
2022-11-29,달러지수(광의),123.6615,https://fred.stlouisfed.org/series/DTWEXBGS
2022-11-30,달러지수(광의),123.5175,https://fred.stlouisfed.org/series/DTWEXBGS
2022-12-01,달러지수(광의),122.0045,https://fred.stlouisfed.org/series/DTWEXBGS
2022-12-02,달러지수(광의),122.0102,https://fred.stlouisfed.org/series/DTWEXBGS
2022-12-05,달러지수(광의),122.6384,https://fred.stlouisfed.org/series/DTWEXBGS
2022-12-06,달러지수(광의),123.0191,https://fred.stlouisfed.org/series/DTWEXBGS
2022-12-07,달러지수(광의),122.7608,https://fred.stlouisfed.org/series/DTWEXBGS
2022-12-08,달러지수(광의),122.4152,https://fred.stlouisfed.org/series/DTWEXBGS
2022-12-09,달러지수(광의),122.4201,https://fred.stlouisfed.org/series/DTWEXBGS
2022-12-12,달러지수(광의),122.7714,https://fred.stlouisfed.org/series/DTWEXBGS
2022-12-13,달러지수(광의),121.8493,https://fred.stlouisfed.org/series/DTWEXBGS
2022-12-14,달러지수(광의),121.8226,https://fred.stlouisfed.org/series/DTWEXBGS
2022-12-15,달러지수(광의),122.5519,https://fred.stlouisfed.org/series/DTWEXBGS
2022-12-16,달러지수(광의),122.6505,https://fred.stlouisfed.org/series/DTWEXBGS
2022-12-19,달러지수(광의),122.5275,https://fred.stlouisfed.org/series/DTWEXBGS
2022-12-20,달러지수(광의),122.1357,https://fred.stlouisfed.org/series/DTWEXBGS
2022-12-21,달러지수(광의),122.2828,https://fred.stlouisfed.org/series/DTWEXBGS
2022-12-22,달러지수(광의),122.2419,https://fred.stlouisfed.org/series/DTWEXBGS
2022-12-23,달러지수(광의),121.9743,https://fred.stlouisfed.org/series/DTWEXBGS
2022-12-27,달러지수(광의),121.7539,https://fred.stlouisfed.org/series/DTWEXBGS
2022-12-28,달러지수(광의),122.0075,https://fred.stlouisfed.org/series/DTWEXBGS
2022-12-29,달러지수(광의),121.6577,https://fred.stlouisfed.org/series/DTWEXBGS
2022-12-30,달러지수(광의),121.4256,https://fred.stlouisfed.org/series/DTWEXBGS
2023-01-03,달러지수(광의),122.0905,https://fred.stlouisfed.org/series/DTWEXBGS
2023-01-04,달러지수(광의),121.5008,https://fred.stlouisfed.org/series/DTWEXBGS
2023-01-05,달러지수(광의),122.1017,https://fred.stlouisfed.org/series/DTWEXBGS
2023-01-06,달러지수(광의),121.0852,https://fred.stlouisfed.org/series/DTWEXBGS
2023-01-09,달러지수(광의),120.1508,https://fred.stlouisfed.org/series/DTWEXBGS
2023-01-10,달러지수(광의),120.2483,https://fred.stlouisfed.org/series/DTWEXBGS
2023-01-11,달러지수(광의),120.1614,https://fred.stlouisfed.org/series/DTWEXBGS
2023-01-12,달러지수(광의),119.4218,https://fred.stlouisfed.org/series/DTWEXBGS
2023-01-13,달러지수(광의),119.1673,https://fred.stlouisfed.org/series/DTWEXBGS
2023-01-17,달러지수(광의),119.2121,https://fred.stlouisfed.org/series/DTWEXBGS
2023-01-18,달러지수(광의),119.0755,https://fred.stlouisfed.org/series/DTWEXBGS
2023-01-19,달러지수(광의),119.6107,https://fred.stlouisfed.org/series/DTWEXBGS
2023-01-20,달러지수(광의),119.3486,https://fred.stlouisfed.org/series/DTWEXBGS
2023-01-23,달러지수(광의),119.1434,https://fred.stlouisfed.org/series/DTWEXBGS
2023-01-24,달러지수(광의),119.0958,https://fred.stlouisfed.org/series/DTWEXBGS
2023-01-25,달러지수(광의),118.9686,https://fred.stlouisfed.org/series/DTWEXBGS
2023-01-26,달러지수(광의),119.021,https://fred.stlouisfed.org/series/DTWEXBGS
2023-01-27,달러지수(광의),118.9223,https://fred.stlouisfed.org/series/DTWEXBGS
2023-01-30,달러지수(광의),118.8953,https://fred.stlouisfed.org/series/DTWEXBGS
2023-01-31,달러지수(광의),118.9802,https://fred.stlouisfed.org/series/DTWEXBGS
2023-02-01,달러지수(광의),118.6259,https://fred.stlouisfed.org/series/DTWEXBGS
2023-02-02,달러지수(광의),118.3421,https://fred.stlouisfed.org/series/DTWEXBGS
2023-02-03,달러지수(광의),119.5095,https://fred.stlouisfed.org/series/DTWEXBGS
2023-02-06,달러지수(광의),120.541,https://fred.stlouisfed.org/series/DTWEXBGS
2023-02-07,달러지수(광의),120.3475,https://fred.stlouisfed.org/series/DTWEXBGS
2023-02-08,달러지수(광의),120.1436,https://fred.stlouisfed.org/series/DTWEXBGS
2023-02-09,달러지수(광의),119.9781,https://fred.stlouisfed.org/series/DTWEXBGS
2023-02-10,달러지수(광의),120.1419,https://fred.stlouisfed.org/series/DTWEXBGS
2023-02-13,달러지수(광의),119.9828,https://fred.stlouisfed.org/series/DTWEXBGS
2023-02-14,달러지수(광의),119.9229,https://fred.stlouisfed.org/series/DTWEXBGS
2023-02-15,달러지수(광의),120.4557,https://fred.stlouisfed.org/series/DTWEXBGS
2023-02-16,달러지수(광의),120.4651,https://fred.stlouisfed.org/series/DTWEXBGS
2023-02-17,달러지수(광의),120.5526,https://fred.stlouisfed.org/series/DTWEXBGS
2023-02-21,달러지수(광의),120.6256,https://fred.stlouisfed.org/series/DTWEXBGS
2023-02-22,달러지수(광의),120.8389,https://fred.stlouisfed.org/series/DTWEXBGS
2023-02-23,달러지수(광의),121.0896,https://fred.stlouisfed.org/series/DTWEXBGS
2023-02-24,달러지수(광의),121.5681,https://fred.stlouisfed.org/series/DTWEXBGS
2023-02-27,달러지수(광의),121.3941,https://fred.stlouisfed.org/series/DTWEXBGS
2023-02-28,달러지수(광의),121.3341,https://fred.stlouisfed.org/series/DTWEXBGS
2023-03-01,달러지수(광의),120.6347,https://fred.stlouisfed.org/series/DTWEXBGS
2023-03-02,달러지수(광의),121.1302,https://fred.stlouisfed.org/series/DTWEXBGS
2023-03-03,달러지수(광의),120.7742,https://fred.stlouisfed.org/series/DTWEXBGS
2023-03-06,달러지수(광의),120.485,https://fred.stlouisfed.org/series/DTWEXBGS
2023-03-07,달러지수(광의),121.4623,https://fred.stlouisfed.org/series/DTWEXBGS
2023-03-08,달러지수(광의),121.4511,https://fred.stlouisfed.org/series/DTWEXBGS
2023-03-09,달러지수(광의),121.4458,https://fred.stlouisfed.org/series/DTWEXBGS
2023-03-10,달러지수(광의),121.2421,https://fred.stlouisfed.org/series/DTWEXBGS
2023-03-13,달러지수(광의),120.8897,https://fred.stlouisfed.org/series/DTWEXBGS
2023-03-14,달러지수(광의),121.0141,https://fred.stlouisfed.org/series/DTWEXBGS
2023-03-15,달러지수(광의),122.1079,https://fred.stlouisfed.org/series/DTWEXBGS
2023-03-16,달러지수(광의),121.7221,https://fred.stlouisfed.org/series/DTWEXBGS
2023-03-17,달러지수(광의),121.5643,https://fred.stlouisfed.org/series/DTWEXBGS
2023-03-20,달러지수(광의),121.0141,https://fred.stlouisfed.org/series/DTWEXBGS
2023-03-21,달러지수(광의),120.8958,https://fred.stlouisfed.org/series/DTWEXBGS
2023-03-22,달러지수(광의),120.6217,https://fred.stlouisfed.org/series/DTWEXBGS
2023-03-23,달러지수(광의),119.7587,https://fred.stlouisfed.org/series/DTWEXBGS
2023-03-24,달러지수(광의),120.4598,https://fred.stlouisfed.org/series/DTWEXBGS
2023-03-27,달러지수(광의),120.2541,https://fred.stlouisfed.org/series/DTWEXBGS
2023-03-28,달러지수(광의),119.7138,https://fred.stlouisfed.org/series/DTWEXBGS
2023-03-29,달러지수(광의),119.7258,https://fred.stlouisfed.org/series/DTWEXBGS
2023-03-30,달러지수(광의),119.4078,https://fred.stlouisfed.org/series/DTWEXBGS
2023-03-31,달러지수(광의),119.3602,https://fred.stlouisfed.org/series/DTWEXBGS
2023-04-03,달러지수(광의),119.3204,https://fred.stlouisfed.org/series/DTWEXBGS
2023-04-04,달러지수(광의),119.142,https://fred.stlouisfed.org/series/DTWEXBGS
2023-04-05,달러지수(광의),119.2953,https://fred.stlouisfed.org/series/DTWEXBGS
2023-04-06,달러지수(광의),119.3072,https://fred.stlouisfed.org/series/DTWEXBGS
2023-04-07,달러지수(광의),119.3547,https://fred.stlouisfed.org/series/DTWEXBGS
2023-04-10,달러지수(광의),119.7948,https://fred.stlouisfed.org/series/DTWEXBGS
2023-04-11,달러지수(광의),119.5248,https://fred.stlouisfed.org/series/DTWEXBGS
2023-04-12,달러지수(광의),119.003,https://fred.stlouisfed.org/series/DTWEXBGS
2023-04-13,달러지수(광의),118.3915,https://fred.stlouisfed.org/series/DTWEXBGS
2023-04-14,달러지수(광의),118.8567,https://fred.stlouisfed.org/series/DTWEXBGS
2023-04-17,달러지수(광의),119.2787,https://fred.stlouisfed.org/series/DTWEXBGS
2023-04-18,달러지수(광의),119.1049,https://fred.stlouisfed.org/series/DTWEXBGS
2023-04-19,달러지수(광의),119.303,https://fred.stlouisfed.org/series/DTWEXBGS
2023-04-20,달러지수(광의),119.1199,https://fred.stlouisfed.org/series/DTWEXBGS
2023-04-21,달러지수(광의),119.3117,https://fred.stlouisfed.org/series/DTWEXBGS
2023-04-24,달러지수(광의),119.2039,https://fred.stlouisfed.org/series/DTWEXBGS
2023-04-25,달러지수(광의),119.613,https://fred.stlouisfed.org/series/DTWEXBGS
2023-04-26,달러지수(광의),119.3228,https://fred.stlouisfed.org/series/DTWEXBGS
2023-04-27,달러지수(광의),119.4298,https://fred.stlouisfed.org/series/DTWEXBGS
2023-04-28,달러지수(광의),119.2248,https://fred.stlouisfed.org/series/DTWEXBGS
2023-05-01,달러지수(광의),119.4435,https://fred.stlouisfed.org/series/DTWEXBGS
2023-05-02,달러지수(광의),119.6105,https://fred.stlouisfed.org/series/DTWEXBGS
2023-05-03,달러지수(광의),119.1233,https://fred.stlouisfed.org/series/DTWEXBGS
2023-05-04,달러지수(광의),119.0465,https://fred.stlouisfed.org/series/DTWEXBGS
2023-05-05,달러지수(광의),118.5548,https://fred.stlouisfed.org/series/DTWEXBGS
2023-05-08,달러지수(광의),118.5759,https://fred.stlouisfed.org/series/DTWEXBGS
2023-05-09,달러지수(광의),118.8239,https://fred.stlouisfed.org/series/DTWEXBGS
2023-05-10,달러지수(광의),118.5864,https://fred.stlouisfed.org/series/DTWEXBGS
2023-05-11,달러지수(광의),119.0303,https://fred.stlouisfed.org/series/DTWEXBGS
2023-05-12,달러지수(광의),119.3671,https://fred.stlouisfed.org/series/DTWEXBGS
2023-05-15,달러지수(광의),119.1608,https://fred.stlouisfed.org/series/DTWEXBGS
2023-05-16,달러지수(광의),119.1743,https://fred.stlouisfed.org/series/DTWEXBGS
2023-05-17,달러지수(광의),119.607,https://fred.stlouisfed.org/series/DTWEXBGS
2023-05-18,달러지수(광의),120.0886,https://fred.stlouisfed.org/series/DTWEXBGS
2023-05-19,달러지수(광의),119.7751,https://fred.stlouisfed.org/series/DTWEXBGS
2023-05-22,달러지수(광의),120.0875,https://fred.stlouisfed.org/series/DTWEXBGS
2023-05-23,달러지수(광의),120.3204,https://fred.stlouisfed.org/series/DTWEXBGS
2023-05-24,달러지수(광의),120.4752,https://fred.stlouisfed.org/series/DTWEXBGS
2023-05-25,달러지수(광의),120.8413,https://fred.stlouisfed.org/series/DTWEXBGS
2023-05-26,달러지수(광의),120.6304,https://fred.stlouisfed.org/series/DTWEXBGS
2023-05-30,달러지수(광의),120.5546,https://fred.stlouisfed.org/series/DTWEXBGS
2023-05-31,달러지수(광의),120.9662,https://fred.stlouisfed.org/series/DTWEXBGS
2023-06-01,달러지수(광의),120.0491,https://fred.stlouisfed.org/series/DTWEXBGS
2023-06-02,달러지수(광의),120.0049,https://fred.stlouisfed.org/series/DTWEXBGS
2023-06-05,달러지수(광의),120.0048,https://fred.stlouisfed.org/series/DTWEXBGS
2023-06-06,달러지수(광의),119.9718,https://fred.stlouisfed.org/series/DTWEXBGS
2023-06-07,달러지수(광의),119.859,https://fred.stlouisfed.org/series/DTWEXBGS
2023-06-08,달러지수(광의),119.5712,https://fred.stlouisfed.org/series/DTWEXBGS
2023-06-09,달러지수(광의),119.4322,https://fred.stlouisfed.org/series/DTWEXBGS
2023-06-12,달러지수(광의),119.6376,https://fred.stlouisfed.org/series/DTWEXBGS
2023-06-13,달러지수(광의),119.1899,https://fred.stlouisfed.org/series/DTWEXBGS
2023-06-14,달러지수(광의),118.776,https://fred.stlouisfed.org/series/DTWEXBGS
2023-06-15,달러지수(광의),118.5521,https://fred.stlouisfed.org/series/DTWEXBGS
2023-06-16,달러지수(광의),118.4184,https://fred.stlouisfed.org/series/DTWEXBGS
2023-06-20,달러지수(광의),118.938,https://fred.stlouisfed.org/series/DTWEXBGS
2023-06-21,달러지수(광의),118.727,https://fred.stlouisfed.org/series/DTWEXBGS
2023-06-22,달러지수(광의),118.7552,https://fred.stlouisfed.org/series/DTWEXBGS
2023-06-23,달러지수(광의),119.152,https://fred.stlouisfed.org/series/DTWEXBGS
2023-06-26,달러지수(광의),119.0761,https://fred.stlouisfed.org/series/DTWEXBGS
2023-06-27,달러지수(광의),118.8949,https://fred.stlouisfed.org/series/DTWEXBGS
2023-06-28,달러지수(광의),119.3382,https://fred.stlouisfed.org/series/DTWEXBGS
2023-06-29,달러지수(광의),119.527,https://fred.stlouisfed.org/series/DTWEXBGS
2023-06-30,달러지수(광의),119.3606,https://fred.stlouisfed.org/series/DTWEXBGS
2023-07-03,달러지수(광의),119.2119,https://fred.stlouisfed.org/series/DTWEXBGS
2023-07-05,달러지수(광의),119.3483,https://fred.stlouisfed.org/series/DTWEXBGS
2023-07-06,달러지수(광의),119.8193,https://fred.stlouisfed.org/series/DTWEXBGS
2023-07-07,달러지수(광의),119.0761,https://fred.stlouisfed.org/series/DTWEXBGS
2023-07-10,달러지수(광의),118.9548,https://fred.stlouisfed.org/series/DTWEXBGS
2023-07-11,달러지수(광의),118.7344,https://fred.stlouisfed.org/series/DTWEXBGS
2023-07-12,달러지수(광의),117.6385,https://fred.stlouisfed.org/series/DTWEXBGS
2023-07-13,달러지수(광의),117.1831,https://fred.stlouisfed.org/series/DTWEXBGS
2023-07-14,달러지수(광의),117.0463,https://fred.stlouisfed.org/series/DTWEXBGS
2023-07-17,달러지수(광의),117.1267,https://fred.stlouisfed.org/series/DTWEXBGS
2023-07-18,달러지수(광의),117.0264,https://fred.stlouisfed.org/series/DTWEXBGS
2023-07-19,달러지수(광의),117.3462,https://fred.stlouisfed.org/series/DTWEXBGS
2023-07-20,달러지수(광의),117.5947,https://fred.stlouisfed.org/series/DTWEXBGS
2023-07-21,달러지수(광의),117.9418,https://fred.stlouisfed.org/series/DTWEXBGS
2023-07-24,달러지수(광의),117.8124,https://fred.stlouisfed.org/series/DTWEXBGS
2023-07-25,달러지수(광의),117.8565,https://fred.stlouisfed.org/series/DTWEXBGS
2023-07-26,달러지수(광의),117.76,https://fred.stlouisfed.org/series/DTWEXBGS
2023-07-27,달러지수(광의),117.8938,https://fred.stlouisfed.org/series/DTWEXBGS
2023-07-28,달러지수(광의),117.788,https://fred.stlouisfed.org/series/DTWEXBGS
2023-07-31,달러지수(광의),117.8241,https://fred.stlouisfed.org/series/DTWEXBGS
2023-08-01,달러지수(광의),118.5738,https://fred.stlouisfed.org/series/DTWEXBGS
2023-08-02,달러지수(광의),119.1268,https://fred.stlouisfed.org/series/DTWEXBGS
2023-08-03,달러지수(광의),119.3963,https://fred.stlouisfed.org/series/DTWEXBGS
2023-08-04,달러지수(광의),118.821,https://fred.stlouisfed.org/series/DTWEXBGS
2023-08-07,달러지수(광의),119.0809,https://fred.stlouisfed.org/series/DTWEXBGS
2023-08-08,달러지수(광의),119.6407,https://fred.stlouisfed.org/series/DTWEXBGS
2023-08-09,달러지수(광의),119.476,https://fred.stlouisfed.org/series/DTWEXBGS
2023-08-10,달러지수(광의),119.1581,https://fred.stlouisfed.org/series/DTWEXBGS
2023-08-11,달러지수(광의),119.6268,https://fred.stlouisfed.org/series/DTWEXBGS
2023-08-14,달러지수(광의),120.0725,https://fred.stlouisfed.org/series/DTWEXBGS
2023-08-15,달러지수(광의),120.2127,https://fred.stlouisfed.org/series/DTWEXBGS
2023-08-16,달러지수(광의),120.3551,https://fred.stlouisfed.org/series/DTWEXBGS
2023-08-17,달러지수(광의),120.5242,https://fred.stlouisfed.org/series/DTWEXBGS
2023-08-18,달러지수(광의),120.4321,https://fred.stlouisfed.org/series/DTWEXBGS
2023-08-21,달러지수(광의),120.4627,https://fred.stlouisfed.org/series/DTWEXBGS
2023-08-22,달러지수(광의),120.3554,https://fred.stlouisfed.org/series/DTWEXBGS
2023-08-23,달러지수(광의),120.0307,https://fred.stlouisfed.org/series/DTWEXBGS
2023-08-24,달러지수(광의),120.2354,https://fred.stlouisfed.org/series/DTWEXBGS
2023-08-25,달러지수(광의),120.5137,https://fred.stlouisfed.org/series/DTWEXBGS
2023-08-28,달러지수(광의),120.3155,https://fred.stlouisfed.org/series/DTWEXBGS
2023-08-29,달러지수(광의),120.2669,https://fred.stlouisfed.org/series/DTWEXBGS
2023-08-30,달러지수(광의),119.7937,https://fred.stlouisfed.org/series/DTWEXBGS
2023-08-31,달러지수(광의),120.225,https://fred.stlouisfed.org/series/DTWEXBGS
2023-09-01,달러지수(광의),120.759,https://fred.stlouisfed.org/series/DTWEXBGS
2023-09-05,달러지수(광의),121.4345,https://fred.stlouisfed.org/series/DTWEXBGS
2023-09-06,달러지수(광의),121.8671,https://fred.stlouisfed.org/series/DTWEXBGS
2023-09-07,달러지수(광의),121.9528,https://fred.stlouisfed.org/series/DTWEXBGS
2023-09-08,달러지수(광의),121.9475,https://fred.stlouisfed.org/series/DTWEXBGS
2023-09-11,달러지수(광의),121.3386,https://fred.stlouisfed.org/series/DTWEXBGS
2023-09-12,달러지수(광의),121.2913,https://fred.stlouisfed.org/series/DTWEXBGS
2023-09-13,달러지수(광의),121.0549,https://fred.stlouisfed.org/series/DTWEXBGS
2023-09-14,달러지수(광의),121.2395,https://fred.stlouisfed.org/series/DTWEXBGS
2023-09-15,달러지수(광의),121.199,https://fred.stlouisfed.org/series/DTWEXBGS
2023-09-18,달러지수(광의),121.1938,https://fred.stlouisfed.org/series/DTWEXBGS
2023-09-19,달러지수(광의),121.1645,https://fred.stlouisfed.org/series/DTWEXBGS
2023-09-20,달러지수(광의),120.9648,https://fred.stlouisfed.org/series/DTWEXBGS
2023-09-21,달러지수(광의),121.5528,https://fred.stlouisfed.org/series/DTWEXBGS
2023-09-22,달러지수(광의),121.5306,https://fred.stlouisfed.org/series/DTWEXBGS
2023-09-25,달러지수(광의),122.1143,https://fred.stlouisfed.org/series/DTWEXBGS
2023-09-26,달러지수(광의),122.4742,https://fred.stlouisfed.org/series/DTWEXBGS
2023-09-27,달러지수(광의),122.9895,https://fred.stlouisfed.org/series/DTWEXBGS
2023-09-28,달러지수(광의),122.5342,https://fred.stlouisfed.org/series/DTWEXBGS
2023-09-29,달러지수(광의),122.3077,https://fred.stlouisfed.org/series/DTWEXBGS
2023-10-02,달러지수(광의),123.0545,https://fred.stlouisfed.org/series/DTWEXBGS
2023-10-03,달러지수(광의),123.7848,https://fred.stlouisfed.org/series/DTWEXBGS
2023-10-04,달러지수(광의),123.5946,https://fred.stlouisfed.org/series/DTWEXBGS
2023-10-05,달러지수(광의),123.8993,https://fred.stlouisfed.org/series/DTWEXBGS
2023-10-06,달러지수(광의),123.3563,https://fred.stlouisfed.org/series/DTWEXBGS
2023-10-10,달러지수(광의),122.9282,https://fred.stlouisfed.org/series/DTWEXBGS
2023-10-11,달러지수(광의),122.7697,https://fred.stlouisfed.org/series/DTWEXBGS
2023-10-12,달러지수(광의),123.2101,https://fred.stlouisfed.org/series/DTWEXBGS
2023-10-13,달러지수(광의),123.5954,https://fred.stlouisfed.org/series/DTWEXBGS
2023-10-16,달러지수(광의),123.3185,https://fred.stlouisfed.org/series/DTWEXBGS
2023-10-17,달러지수(광의),123.1202,https://fred.stlouisfed.org/series/DTWEXBGS
2023-10-18,달러지수(광의),123.8148,https://fred.stlouisfed.org/series/DTWEXBGS
2023-10-19,달러지수(광의),123.798,https://fred.stlouisfed.org/series/DTWEXBGS
2023-10-20,달러지수(광의),123.612,https://fred.stlouisfed.org/series/DTWEXBGS
2023-10-23,달러지수(광의),123.2846,https://fred.stlouisfed.org/series/DTWEXBGS
2023-10-24,달러지수(광의),123.6416,https://fred.stlouisfed.org/series/DTWEXBGS
2023-10-25,달러지수(광의),123.7871,https://fred.stlouisfed.org/series/DTWEXBGS
2023-10-26,달러지수(광의),124.0064,https://fred.stlouisfed.org/series/DTWEXBGS
2023-10-27,달러지수(광의),123.62,https://fred.stlouisfed.org/series/DTWEXBGS
2023-10-30,달러지수(광의),123.4076,https://fred.stlouisfed.org/series/DTWEXBGS
2023-10-31,달러지수(광의),123.8364,https://fred.stlouisfed.org/series/DTWEXBGS
2023-11-01,달러지수(광의),123.7922,https://fred.stlouisfed.org/series/DTWEXBGS
2023-11-02,달러지수(광의),122.8818,https://fred.stlouisfed.org/series/DTWEXBGS
2023-11-03,달러지수(광의),121.7564,https://fred.stlouisfed.org/series/DTWEXBGS
2023-11-06,달러지수(광의),121.6484,https://fred.stlouisfed.org/series/DTWEXBGS
2023-11-07,달러지수(광의),122.0777,https://fred.stlouisfed.org/series/DTWEXBGS
2023-11-08,달러지수(광의),122.0926,https://fred.stlouisfed.org/series/DTWEXBGS
2023-11-09,달러지수(광의),122.1281,https://fred.stlouisfed.org/series/DTWEXBGS
2023-11-13,달러지수(광의),122.4264,https://fred.stlouisfed.org/series/DTWEXBGS
2023-11-14,달러지수(광의),121.35,https://fred.stlouisfed.org/series/DTWEXBGS
2023-11-15,달러지수(광의),121.0749,https://fred.stlouisfed.org/series/DTWEXBGS
2023-11-16,달러지수(광의),121.1754,https://fred.stlouisfed.org/series/DTWEXBGS
2023-11-17,달러지수(광의),120.8477,https://fred.stlouisfed.org/series/DTWEXBGS
2023-11-20,달러지수(광의),120.2533,https://fred.stlouisfed.org/series/DTWEXBGS
2023-11-21,달러지수(광의),120.2241,https://fred.stlouisfed.org/series/DTWEXBGS
2023-11-22,달러지수(광의),120.6802,https://fred.stlouisfed.org/series/DTWEXBGS
2023-11-24,달러지수(광의),120.2105,https://fred.stlouisfed.org/series/DTWEXBGS
2023-11-27,달러지수(광의),120.173,https://fred.stlouisfed.org/series/DTWEXBGS
2023-11-28,달러지수(광의),119.5904,https://fred.stlouisfed.org/series/DTWEXBGS
2023-11-29,달러지수(광의),119.8159,https://fred.stlouisfed.org/series/DTWEXBGS
2023-11-30,달러지수(광의),120.2434,https://fred.stlouisfed.org/series/DTWEXBGS
2023-12-01,달러지수(광의),119.9424,https://fred.stlouisfed.org/series/DTWEXBGS
2023-12-04,달러지수(광의),120.4727,https://fred.stlouisfed.org/series/DTWEXBGS
2023-12-05,달러지수(광의),120.7913,https://fred.stlouisfed.org/series/DTWEXBGS
2023-12-06,달러지수(광의),120.5334,https://fred.stlouisfed.org/series/DTWEXBGS
2023-12-07,달러지수(광의),120.6013,https://fred.stlouisfed.org/series/DTWEXBGS
2023-12-08,달러지수(광의),120.7607,https://fred.stlouisfed.org/series/DTWEXBGS
2023-12-11,달러지수(광의),120.9279,https://fred.stlouisfed.org/series/DTWEXBGS
2023-12-12,달러지수(광의),120.6817,https://fred.stlouisfed.org/series/DTWEXBGS
2023-12-13,달러지수(광의),121.1571,https://fred.stlouisfed.org/series/DTWEXBGS
2023-12-14,달러지수(광의),119.5683,https://fred.stlouisfed.org/series/DTWEXBGS
2023-12-15,달러지수(광의),119.7382,https://fred.stlouisfed.org/series/DTWEXBGS
2023-12-18,달러지수(광의),119.9102,https://fred.stlouisfed.org/series/DTWEXBGS
2023-12-19,달러지수(광의),119.4632,https://fred.stlouisfed.org/series/DTWEXBGS
2023-12-20,달러지수(광의),119.5435,https://fred.stlouisfed.org/series/DTWEXBGS
2023-12-21,달러지수(광의),119.3168,https://fred.stlouisfed.org/series/DTWEXBGS
2023-12-22,달러지수(광의),119.0625,https://fred.stlouisfed.org/series/DTWEXBGS
2023-12-26,달러지수(광의),118.8875,https://fred.stlouisfed.org/series/DTWEXBGS
2023-12-27,달러지수(광의),118.4729,https://fred.stlouisfed.org/series/DTWEXBGS
2023-12-28,달러지수(광의),118.4104,https://fred.stlouisfed.org/series/DTWEXBGS
2023-12-29,달러지수(광의),118.4208,https://fred.stlouisfed.org/series/DTWEXBGS
2024-01-02,달러지수(광의),119.2686,https://fred.stlouisfed.org/series/DTWEXBGS
2024-01-03,달러지수(광의),119.6958,https://fred.stlouisfed.org/series/DTWEXBGS
2024-01-04,달러지수(광의),119.6208,https://fred.stlouisfed.org/series/DTWEXBGS
2024-01-05,달러지수(광의),119.388,https://fred.stlouisfed.org/series/DTWEXBGS
2024-01-08,달러지수(광의),119.2506,https://fred.stlouisfed.org/series/DTWEXBGS
2024-01-09,달러지수(광의),119.6666,https://fred.stlouisfed.org/series/DTWEXBGS
2024-01-10,달러지수(광의),119.7614,https://fred.stlouisfed.org/series/DTWEXBGS
2024-01-11,달러지수(광의),119.8916,https://fred.stlouisfed.org/series/DTWEXBGS
2024-01-12,달러지수(광의),119.534,https://fred.stlouisfed.org/series/DTWEXBGS
2024-01-16,달러지수(광의),120.5759,https://fred.stlouisfed.org/series/DTWEXBGS
2024-01-17,달러지수(광의),121.0402,https://fred.stlouisfed.org/series/DTWEXBGS
2024-01-18,달러지수(광의),120.8895,https://fred.stlouisfed.org/series/DTWEXBGS
2024-01-19,달러지수(광의),120.6442,https://fred.stlouisfed.org/series/DTWEXBGS
2024-01-22,달러지수(광의),120.6178,https://fred.stlouisfed.org/series/DTWEXBGS
2024-01-23,달러지수(광의),121.1001,https://fred.stlouisfed.org/series/DTWEXBGS
2024-01-24,달러지수(광의),120.4916,https://fred.stlouisfed.org/series/DTWEXBGS
2024-01-25,달러지수(광의),120.8311,https://fred.stlouisfed.org/series/DTWEXBGS
2024-01-26,달러지수(광의),120.6173,https://fred.stlouisfed.org/series/DTWEXBGS
2024-01-29,달러지수(광의),120.8538,https://fred.stlouisfed.org/series/DTWEXBGS
2024-01-30,달러지수(광의),120.6025,https://fred.stlouisfed.org/series/DTWEXBGS
2024-01-31,달러지수(광의),120.4331,https://fred.stlouisfed.org/series/DTWEXBGS
2024-02-01,달러지수(광의),120.3335,https://fred.stlouisfed.org/series/DTWEXBGS
2024-02-02,달러지수(광의),120.902,https://fred.stlouisfed.org/series/DTWEXBGS
2024-02-05,달러지수(광의),121.349,https://fred.stlouisfed.org/series/DTWEXBGS
2024-02-06,달러지수(광의),120.9588,https://fred.stlouisfed.org/series/DTWEXBGS
2024-02-07,달러지수(광의),120.9049,https://fred.stlouisfed.org/series/DTWEXBGS
2024-02-08,달러지수(광의),121.0798,https://fred.stlouisfed.org/series/DTWEXBGS
2024-02-09,달러지수(광의),121.039,https://fred.stlouisfed.org/series/DTWEXBGS
2024-02-12,달러지수(광의),120.9378,https://fred.stlouisfed.org/series/DTWEXBGS
2024-02-13,달러지수(광의),121.5202,https://fred.stlouisfed.org/series/DTWEXBGS
2024-02-14,달러지수(광의),121.4002,https://fred.stlouisfed.org/series/DTWEXBGS
2024-02-15,달러지수(광의),121.2121,https://fred.stlouisfed.org/series/DTWEXBGS
2024-02-16,달러지수(광의),121.1505,https://fred.stlouisfed.org/series/DTWEXBGS
2024-02-20,달러지수(광의),121.0199,https://fred.stlouisfed.org/series/DTWEXBGS
2024-02-21,달러지수(광의),121.0379,https://fred.stlouisfed.org/series/DTWEXBGS
2024-02-22,달러지수(광의),121.102,https://fred.stlouisfed.org/series/DTWEXBGS
2024-02-23,달러지수(광의),121.0369,https://fred.stlouisfed.org/series/DTWEXBGS
2024-02-26,달러지수(광의),121.0592,https://fred.stlouisfed.org/series/DTWEXBGS
2024-02-27,달러지수(광의),120.9647,https://fred.stlouisfed.org/series/DTWEXBGS
2024-02-28,달러지수(광의),121.128,https://fred.stlouisfed.org/series/DTWEXBGS
2024-02-29,달러지수(광의),121.1824,https://fred.stlouisfed.org/series/DTWEXBGS
2024-03-01,달러지수(광의),121.0111,https://fred.stlouisfed.org/series/DTWEXBGS
2024-03-04,달러지수(광의),120.872,https://fred.stlouisfed.org/series/DTWEXBGS
2024-03-05,달러지수(광의),120.8846,https://fred.stlouisfed.org/series/DTWEXBGS
2024-03-06,달러지수(광의),120.4649,https://fred.stlouisfed.org/series/DTWEXBGS
2024-03-07,달러지수(광의),120.1909,https://fred.stlouisfed.org/series/DTWEXBGS
2024-03-08,달러지수(광의),119.975,https://fred.stlouisfed.org/series/DTWEXBGS
2024-03-11,달러지수(광의),120.0394,https://fred.stlouisfed.org/series/DTWEXBGS
2024-03-12,달러지수(광의),120.1668,https://fred.stlouisfed.org/series/DTWEXBGS
2024-03-13,달러지수(광의),119.9642,https://fred.stlouisfed.org/series/DTWEXBGS
2024-03-14,달러지수(광의),120.241,https://fred.stlouisfed.org/series/DTWEXBGS
2024-03-15,달러지수(광의),120.4003,https://fred.stlouisfed.org/series/DTWEXBGS
2024-03-18,달러지수(광의),120.5752,https://fred.stlouisfed.org/series/DTWEXBGS
2024-03-19,달러지수(광의),120.9332,https://fred.stlouisfed.org/series/DTWEXBGS
2024-03-20,달러지수(광의),120.9289,https://fred.stlouisfed.org/series/DTWEXBGS
2024-03-21,달러지수(광의),120.8086,https://fred.stlouisfed.org/series/DTWEXBGS
2024-03-22,달러지수(광의),121.1842,https://fred.stlouisfed.org/series/DTWEXBGS
2024-03-25,달러지수(광의),121.0295,https://fred.stlouisfed.org/series/DTWEXBGS
2024-03-26,달러지수(광의),121.0742,https://fred.stlouisfed.org/series/DTWEXBGS
2024-03-27,달러지수(광의),121.0089,https://fred.stlouisfed.org/series/DTWEXBGS
2024-03-28,달러지수(광의),121.0635,https://fred.stlouisfed.org/series/DTWEXBGS
2024-03-29,달러지수(광의),121.0191,https://fred.stlouisfed.org/series/DTWEXBGS
2024-04-01,달러지수(광의),121.5151,https://fred.stlouisfed.org/series/DTWEXBGS
2024-04-02,달러지수(광의),121.3035,https://fred.stlouisfed.org/series/DTWEXBGS
2024-04-03,달러지수(광의),121.0198,https://fred.stlouisfed.org/series/DTWEXBGS
2024-04-04,달러지수(광의),120.7613,https://fred.stlouisfed.org/series/DTWEXBGS
2024-04-05,달러지수(광의),120.9646,https://fred.stlouisfed.org/series/DTWEXBGS
2024-04-08,달러지수(광의),120.7359,https://fred.stlouisfed.org/series/DTWEXBGS
2024-04-09,달러지수(광의),120.7048,https://fred.stlouisfed.org/series/DTWEXBGS
2024-04-10,달러지수(광의),121.5727,https://fred.stlouisfed.org/series/DTWEXBGS
2024-04-11,달러지수(광의),121.6081,https://fred.stlouisfed.org/series/DTWEXBGS
2024-04-12,달러지수(광의),122.2885,https://fred.stlouisfed.org/series/DTWEXBGS
2024-04-15,달러지수(광의),122.425,https://fred.stlouisfed.org/series/DTWEXBGS
2024-04-16,달러지수(광의),123.1234,https://fred.stlouisfed.org/series/DTWEXBGS
2024-04-17,달러지수(광의),123.0207,https://fred.stlouisfed.org/series/DTWEXBGS
2024-04-18,달러지수(광의),123.0017,https://fred.stlouisfed.org/series/DTWEXBGS
2024-04-19,달러지수(광의),123.1075,https://fred.stlouisfed.org/series/DTWEXBGS
2024-04-22,달러지수(광의),123.0609,https://fred.stlouisfed.org/series/DTWEXBGS
2024-04-23,달러지수(광의),122.7227,https://fred.stlouisfed.org/series/DTWEXBGS
2024-04-24,달러지수(광의),122.89,https://fred.stlouisfed.org/series/DTWEXBGS
2024-04-25,달러지수(광의),122.8384,https://fred.stlouisfed.org/series/DTWEXBGS
2024-04-26,달러지수(광의),122.9471,https://fred.stlouisfed.org/series/DTWEXBGS
2024-04-29,달러지수(광의),122.5449,https://fred.stlouisfed.org/series/DTWEXBGS
2024-04-30,달러지수(광의),122.9853,https://fred.stlouisfed.org/series/DTWEXBGS
2024-05-01,달러지수(광의),123.0168,https://fred.stlouisfed.org/series/DTWEXBGS
2024-05-02,달러지수(광의),122.4384,https://fred.stlouisfed.org/series/DTWEXBGS
2024-05-03,달러지수(광의),122.1375,https://fred.stlouisfed.org/series/DTWEXBGS
2024-05-06,달러지수(광의),121.8913,https://fred.stlouisfed.org/series/DTWEXBGS
2024-05-07,달러지수(광의),122.093,https://fred.stlouisfed.org/series/DTWEXBGS
2024-05-08,달러지수(광의),122.1926,https://fred.stlouisfed.org/series/DTWEXBGS
2024-05-09,달러지수(광의),122.1634,https://fred.stlouisfed.org/series/DTWEXBGS
2024-05-10,달러지수(광의),122.014,https://fred.stlouisfed.org/series/DTWEXBGS
2024-05-13,달러지수(광의),122.0261,https://fred.stlouisfed.org/series/DTWEXBGS
2024-05-14,달러지수(광의),121.9256,https://fred.stlouisfed.org/series/DTWEXBGS
2024-05-15,달러지수(광의),121.3543,https://fred.stlouisfed.org/series/DTWEXBGS
2024-05-16,달러지수(광의),121.2236,https://fred.stlouisfed.org/series/DTWEXBGS
2024-05-17,달러지수(광의),121.2354,https://fred.stlouisfed.org/series/DTWEXBGS
2024-05-20,달러지수(광의),121.2289,https://fred.stlouisfed.org/series/DTWEXBGS
2024-05-21,달러지수(광의),121.3793,https://fred.stlouisfed.org/series/DTWEXBGS
2024-05-22,달러지수(광의),121.5462,https://fred.stlouisfed.org/series/DTWEXBGS
2024-05-23,달러지수(광의),121.7477,https://fred.stlouisfed.org/series/DTWEXBGS
2024-05-24,달러지수(광의),121.6172,https://fred.stlouisfed.org/series/DTWEXBGS
2024-05-28,달러지수(광의),121.43,https://fred.stlouisfed.org/series/DTWEXBGS
2024-05-29,달러지수(광의),122.1641,https://fred.stlouisfed.org/series/DTWEXBGS
2024-05-30,달러지수(광의),121.9601,https://fred.stlouisfed.org/series/DTWEXBGS
2024-05-31,달러지수(광의),122.098,https://fred.stlouisfed.org/series/DTWEXBGS
2024-06-03,달러지수(광의),122.3509,https://fred.stlouisfed.org/series/DTWEXBGS
2024-06-04,달러지수(광의),122.7256,https://fred.stlouisfed.org/series/DTWEXBGS
2024-06-05,달러지수(광의),122.5339,https://fred.stlouisfed.org/series/DTWEXBGS
2024-06-06,달러지수(광의),122.3713,https://fred.stlouisfed.org/series/DTWEXBGS
2024-06-07,달러지수(광의),123.549,https://fred.stlouisfed.org/series/DTWEXBGS
2024-06-10,달러지수(광의),123.9125,https://fred.stlouisfed.org/series/DTWEXBGS
2024-06-11,달러지수(광의),124.0349,https://fred.stlouisfed.org/series/DTWEXBGS
2024-06-12,달러지수(광의),123.8295,https://fred.stlouisfed.org/series/DTWEXBGS
2024-06-13,달러지수(광의),124.0235,https://fred.stlouisfed.org/series/DTWEXBGS
2024-06-14,달러지수(광의),124.1694,https://fred.stlouisfed.org/series/DTWEXBGS
2024-06-17,달러지수(광의),124.239,https://fred.stlouisfed.org/series/DTWEXBGS
2024-06-18,달러지수(광의),123.9776,https://fred.stlouisfed.org/series/DTWEXBGS
2024-06-20,달러지수(광의),124.192,https://fred.stlouisfed.org/series/DTWEXBGS
2024-06-21,달러지수(광의),124.1086,https://fred.stlouisfed.org/series/DTWEXBGS
2024-06-24,달러지수(광의),123.7125,https://fred.stlouisfed.org/series/DTWEXBGS
2024-06-25,달러지수(광의),123.9417,https://fred.stlouisfed.org/series/DTWEXBGS
2024-06-26,달러지수(광의),124.26,https://fred.stlouisfed.org/series/DTWEXBGS
2024-06-27,달러지수(광의),124.3379,https://fred.stlouisfed.org/series/DTWEXBGS
2024-06-28,달러지수(광의),124.2103,https://fred.stlouisfed.org/series/DTWEXBGS
2024-07-01,달러지수(광의),124.4667,https://fred.stlouisfed.org/series/DTWEXBGS
2024-07-02,달러지수(광의),124.2917,https://fred.stlouisfed.org/series/DTWEXBGS
2024-07-03,달러지수(광의),123.7768,https://fred.stlouisfed.org/series/DTWEXBGS
2024-07-05,달러지수(광의),123.4762,https://fred.stlouisfed.org/series/DTWEXBGS
2024-07-08,달러지수(광의),123.3576,https://fred.stlouisfed.org/series/DTWEXBGS
2024-07-09,달러지수(광의),123.4071,https://fred.stlouisfed.org/series/DTWEXBGS
2024-07-10,달러지수(광의),123.1895,https://fred.stlouisfed.org/series/DTWEXBGS
2024-07-11,달러지수(광의),122.769,https://fred.stlouisfed.org/series/DTWEXBGS
2024-07-12,달러지수(광의),122.4404,https://fred.stlouisfed.org/series/DTWEXBGS
2024-07-15,달러지수(광의),122.6347,https://fred.stlouisfed.org/series/DTWEXBGS
2024-07-16,달러지수(광의),122.7264,https://fred.stlouisfed.org/series/DTWEXBGS
2024-07-17,달러지수(광의),122.518,https://fred.stlouisfed.org/series/DTWEXBGS
2024-07-18,달러지수(광의),122.7909,https://fred.stlouisfed.org/series/DTWEXBGS
2024-07-19,달러지수(광의),123.147,https://fred.stlouisfed.org/series/DTWEXBGS
2024-07-22,달러지수(광의),123.2172,https://fred.stlouisfed.org/series/DTWEXBGS
2024-07-23,달러지수(광의),123.3843,https://fred.stlouisfed.org/series/DTWEXBGS
2024-07-24,달러지수(광의),123.5575,https://fred.stlouisfed.org/series/DTWEXBGS
2024-07-25,달러지수(광의),123.5286,https://fred.stlouisfed.org/series/DTWEXBGS
2024-07-26,달러지수(광의),123.672,https://fred.stlouisfed.org/series/DTWEXBGS
2024-07-29,달러지수(광의),124.1392,https://fred.stlouisfed.org/series/DTWEXBGS
2024-07-30,달러지수(광의),124.2855,https://fred.stlouisfed.org/series/DTWEXBGS
2024-07-31,달러지수(광의),123.6373,https://fred.stlouisfed.org/series/DTWEXBGS
2024-08-01,달러지수(광의),123.8693,https://fred.stlouisfed.org/series/DTWEXBGS
2024-08-02,달러지수(광의),123.4681,https://fred.stlouisfed.org/series/DTWEXBGS
2024-08-05,달러지수(광의),123.5787,https://fred.stlouisfed.org/series/DTWEXBGS
2024-08-06,달러지수(광의),123.6532,https://fred.stlouisfed.org/series/DTWEXBGS
2024-08-07,달러지수(광의),123.5698,https://fred.stlouisfed.org/series/DTWEXBGS
2024-08-08,달러지수(광의),123.4466,https://fred.stlouisfed.org/series/DTWEXBGS
2024-08-09,달러지수(광의),122.9276,https://fred.stlouisfed.org/series/DTWEXBGS
2024-08-12,달러지수(광의),123.2204,https://fred.stlouisfed.org/series/DTWEXBGS
2024-08-13,달러지수(광의),123.0146,https://fred.stlouisfed.org/series/DTWEXBGS
2024-08-14,달러지수(광의),122.4297,https://fred.stlouisfed.org/series/DTWEXBGS
2024-08-15,달러지수(광의),122.5844,https://fred.stlouisfed.org/series/DTWEXBGS
2024-08-16,달러지수(광의),122.3972,https://fred.stlouisfed.org/series/DTWEXBGS
2024-08-19,달러지수(광의),121.8788,https://fred.stlouisfed.org/series/DTWEXBGS
2024-08-20,달러지수(광의),121.7728,https://fred.stlouisfed.org/series/DTWEXBGS
2024-08-21,달러지수(광의),121.8535,https://fred.stlouisfed.org/series/DTWEXBGS
2024-08-22,달러지수(광의),122.3626,https://fred.stlouisfed.org/series/DTWEXBGS
2024-08-23,달러지수(광의),121.4597,https://fred.stlouisfed.org/series/DTWEXBGS
2024-08-26,달러지수(광의),121.6943,https://fred.stlouisfed.org/series/DTWEXBGS
2024-08-27,달러지수(광의),121.8672,https://fred.stlouisfed.org/series/DTWEXBGS
2024-08-28,달러지수(광의),121.8943,https://fred.stlouisfed.org/series/DTWEXBGS
2024-08-29,달러지수(광의),122.2333,https://fred.stlouisfed.org/series/DTWEXBGS
2024-08-30,달러지수(광의),122.3262,https://fred.stlouisfed.org/series/DTWEXBGS
2024-09-03,달러지수(광의),122.7811,https://fred.stlouisfed.org/series/DTWEXBGS
2024-09-04,달러지수(광의),122.5144,https://fred.stlouisfed.org/series/DTWEXBGS
2024-09-05,달러지수(광의),122.4533,https://fred.stlouisfed.org/series/DTWEXBGS
2024-09-06,달러지수(광의),122.4991,https://fred.stlouisfed.org/series/DTWEXBGS
2024-09-09,달러지수(광의),122.7156,https://fred.stlouisfed.org/series/DTWEXBGS
2024-09-10,달러지수(광의),123.0071,https://fred.stlouisfed.org/series/DTWEXBGS
2024-09-11,달러지수(광의),122.7754,https://fred.stlouisfed.org/series/DTWEXBGS
2024-09-12,달러지수(광의),122.4423,https://fred.stlouisfed.org/series/DTWEXBGS
2024-09-13,달러지수(광의),121.6551,https://fred.stlouisfed.org/series/DTWEXBGS
2024-09-16,달러지수(광의),121.4976,https://fred.stlouisfed.org/series/DTWEXBGS
2024-09-17,달러지수(광의),121.6031,https://fred.stlouisfed.org/series/DTWEXBGS
2024-09-18,달러지수(광의),121.5618,https://fred.stlouisfed.org/series/DTWEXBGS
2024-09-19,달러지수(광의),121.3059,https://fred.stlouisfed.org/series/DTWEXBGS
2024-09-20,달러지수(광의),121.4052,https://fred.stlouisfed.org/series/DTWEXBGS
2024-09-23,달러지수(광의),121.4303,https://fred.stlouisfed.org/series/DTWEXBGS
2024-09-24,달러지수(광의),121.1291,https://fred.stlouisfed.org/series/DTWEXBGS
2024-09-25,달러지수(광의),121.4447,https://fred.stlouisfed.org/series/DTWEXBGS
2024-09-26,달러지수(광의),121.0785,https://fred.stlouisfed.org/series/DTWEXBGS
2024-09-27,달러지수(광의),121.1111,https://fred.stlouisfed.org/series/DTWEXBGS
2024-09-30,달러지수(광의),121.2864,https://fred.stlouisfed.org/series/DTWEXBGS
2024-10-01,달러지수(광의),121.6881,https://fred.stlouisfed.org/series/DTWEXBGS
2024-10-02,달러지수(광의),121.5724,https://fred.stlouisfed.org/series/DTWEXBGS
2024-10-03,달러지수(광의),122.1197,https://fred.stlouisfed.org/series/DTWEXBGS
2024-10-04,달러지수(광의),122.2197,https://fred.stlouisfed.org/series/DTWEXBGS
2024-10-07,달러지수(광의),122.4241,https://fred.stlouisfed.org/series/DTWEXBGS
2024-10-08,달러지수(광의),122.6625,https://fred.stlouisfed.org/series/DTWEXBGS
2024-10-09,달러지수(광의),122.8821,https://fred.stlouisfed.org/series/DTWEXBGS
2024-10-10,달러지수(광의),123.0951,https://fred.stlouisfed.org/series/DTWEXBGS
2024-10-11,달러지수(광의),122.9805,https://fred.stlouisfed.org/series/DTWEXBGS
2024-10-15,달러지수(광의),123.5124,https://fred.stlouisfed.org/series/DTWEXBGS
2024-10-16,달러지수(광의),123.9235,https://fred.stlouisfed.org/series/DTWEXBGS
2024-10-17,달러지수(광의),124.1122,https://fred.stlouisfed.org/series/DTWEXBGS
2024-10-18,달러지수(광의),123.9185,https://fred.stlouisfed.org/series/DTWEXBGS
2024-10-21,달러지수(광의),124.4757,https://fred.stlouisfed.org/series/DTWEXBGS
2024-10-22,달러지수(광의),124.4107,https://fred.stlouisfed.org/series/DTWEXBGS
2024-10-23,달러지수(광의),124.6931,https://fred.stlouisfed.org/series/DTWEXBGS
2024-10-24,달러지수(광의),124.5127,https://fred.stlouisfed.org/series/DTWEXBGS
2024-10-25,달러지수(광의),124.6105,https://fred.stlouisfed.org/series/DTWEXBGS
2024-10-28,달러지수(광의),124.8076,https://fred.stlouisfed.org/series/DTWEXBGS
2024-10-29,달러지수(광의),124.8612,https://fred.stlouisfed.org/series/DTWEXBGS
2024-10-30,달러지수(광의),124.8153,https://fred.stlouisfed.org/series/DTWEXBGS
2024-10-31,달러지수(광의),124.7988,https://fred.stlouisfed.org/series/DTWEXBGS
2024-11-01,달러지수(광의),124.8076,https://fred.stlouisfed.org/series/DTWEXBGS
2024-11-04,달러지수(광의),124.5903,https://fred.stlouisfed.org/series/DTWEXBGS
2024-11-05,달러지수(광의),124.5532,https://fred.stlouisfed.org/series/DTWEXBGS
2024-11-06,달러지수(광의),125.7035,https://fred.stlouisfed.org/series/DTWEXBGS
2024-11-07,달러지수(광의),124.775,https://fred.stlouisfed.org/series/DTWEXBGS
2024-11-08,달러지수(광의),125.5811,https://fred.stlouisfed.org/series/DTWEXBGS
2024-11-12,달러지수(광의),126.7762,https://fred.stlouisfed.org/series/DTWEXBGS
2024-11-13,달러지수(광의),126.9572,https://fred.stlouisfed.org/series/DTWEXBGS
2024-11-14,달러지수(광의),127.0015,https://fred.stlouisfed.org/series/DTWEXBGS
2024-11-15,달러지수(광의),126.8848,https://fred.stlouisfed.org/series/DTWEXBGS
2024-11-18,달러지수(광의),126.6045,https://fred.stlouisfed.org/series/DTWEXBGS
2024-11-19,달러지수(광의),126.3994,https://fred.stlouisfed.org/series/DTWEXBGS
2024-11-20,달러지수(광의),126.88,https://fred.stlouisfed.org/series/DTWEXBGS
2024-11-21,달러지수(광의),127.1047,https://fred.stlouisfed.org/series/DTWEXBGS
2024-11-22,달러지수(광의),127.4712,https://fred.stlouisfed.org/series/DTWEXBGS
2024-11-25,달러지수(광의),126.9948,https://fred.stlouisfed.org/series/DTWEXBGS
2024-11-26,달러지수(광의),127.4301,https://fred.stlouisfed.org/series/DTWEXBGS
2024-11-27,달러지수(광의),126.8205,https://fred.stlouisfed.org/series/DTWEXBGS
2024-11-29,달러지수(광의),126.5798,https://fred.stlouisfed.org/series/DTWEXBGS
2024-12-02,달러지수(광의),127.1272,https://fred.stlouisfed.org/series/DTWEXBGS
2024-12-03,달러지수(광의),126.9565,https://fred.stlouisfed.org/series/DTWEXBGS
2024-12-04,달러지수(광의),126.7574,https://fred.stlouisfed.org/series/DTWEXBGS
2024-12-05,달러지수(광의),126.4286,https://fred.stlouisfed.org/series/DTWEXBGS
2024-12-06,달러지수(광의),126.688,https://fred.stlouisfed.org/series/DTWEXBGS
2024-12-09,달러지수(광의),126.5981,https://fred.stlouisfed.org/series/DTWEXBGS
2024-12-10,달러지수(광의),126.957,https://fred.stlouisfed.org/series/DTWEXBGS
2024-12-11,달러지수(광의),126.8483,https://fred.stlouisfed.org/series/DTWEXBGS
2024-12-12,달러지수(광의),126.9556,https://fred.stlouisfed.org/series/DTWEXBGS
2024-12-13,달러지수(광의),127.3096,https://fred.stlouisfed.org/series/DTWEXBGS
2024-12-16,달러지수(광의),127.2687,https://fred.stlouisfed.org/series/DTWEXBGS
2024-12-17,달러지수(광의),127.5043,https://fred.stlouisfed.org/series/DTWEXBGS
2024-12-18,달러지수(광의),127.6418,https://fred.stlouisfed.org/series/DTWEXBGS
2024-12-19,달러지수(광의),128.6366,https://fred.stlouisfed.org/series/DTWEXBGS
2024-12-20,달러지수(광의),127.893,https://fred.stlouisfed.org/series/DTWEXBGS
2024-12-23,달러지수(광의),128.3021,https://fred.stlouisfed.org/series/DTWEXBGS
2024-12-24,달러지수(광의),128.3377,https://fred.stlouisfed.org/series/DTWEXBGS
2024-12-26,달러지수(광의),128.3329,https://fred.stlouisfed.org/series/DTWEXBGS
2024-12-27,달러지수(광의),128.45,https://fred.stlouisfed.org/series/DTWEXBGS
2024-12-30,달러지수(광의),128.8205,https://fred.stlouisfed.org/series/DTWEXBGS
2024-12-31,달러지수(광의),129.2775,https://fred.stlouisfed.org/series/DTWEXBGS
2025-01-02,달러지수(광의),129.4598,https://fred.stlouisfed.org/series/DTWEXBGS
2025-01-03,달러지수(광의),129.4535,https://fred.stlouisfed.org/series/DTWEXBGS
2025-01-06,달러지수(광의),128.538,https://fred.stlouisfed.org/series/DTWEXBGS
2025-01-07,달러지수(광의),128.613,https://fred.stlouisfed.org/series/DTWEXBGS
2025-01-08,달러지수(광의),129.0785,https://fred.stlouisfed.org/series/DTWEXBGS
2025-01-09,달러지수(광의),129.2827,https://fred.stlouisfed.org/series/DTWEXBGS
2025-01-10,달러지수(광의),129.8664,https://fred.stlouisfed.org/series/DTWEXBGS
2025-01-13,달러지수(광의),130.0413,https://fred.stlouisfed.org/series/DTWEXBGS
2025-01-14,달러지수(광의),129.3812,https://fred.stlouisfed.org/series/DTWEXBGS
2025-01-15,달러지수(광의),129.2092,https://fred.stlouisfed.org/series/DTWEXBGS
2025-01-16,달러지수(광의),129.436,https://fred.stlouisfed.org/series/DTWEXBGS
2025-01-17,달러지수(광의),129.4859,https://fred.stlouisfed.org/series/DTWEXBGS
2025-01-21,달러지수(광의),128.4151,https://fred.stlouisfed.org/series/DTWEXBGS
2025-01-22,달러지수(광의),128.3402,https://fred.stlouisfed.org/series/DTWEXBGS
2025-01-23,달러지수(광의),128.2162,https://fred.stlouisfed.org/series/DTWEXBGS
2025-01-24,달러지수(광의),127.4611,https://fred.stlouisfed.org/series/DTWEXBGS
2025-01-27,달러지수(광의),128.0912,https://fred.stlouisfed.org/series/DTWEXBGS
2025-01-28,달러지수(광의),128.2817,https://fred.stlouisfed.org/series/DTWEXBGS
2025-01-29,달러지수(광의),128.3418,https://fred.stlouisfed.org/series/DTWEXBGS
2025-01-30,달러지수(광의),128.1004,https://fred.stlouisfed.org/series/DTWEXBGS
2025-01-31,달러지수(광의),128.4828,https://fred.stlouisfed.org/series/DTWEXBGS
2025-02-03,달러지수(광의),129.109,https://fred.stlouisfed.org/series/DTWEXBGS
2025-02-04,달러지수(광의),128.1083,https://fred.stlouisfed.org/series/DTWEXBGS
2025-02-05,달러지수(광의),127.9751,https://fred.stlouisfed.org/series/DTWEXBGS
2025-02-06,달러지수(광의),128.2017,https://fred.stlouisfed.org/series/DTWEXBGS
2025-02-07,달러지수(광의),128.4292,https://fred.stlouisfed.org/series/DTWEXBGS
2025-02-10,달러지수(광의),128.6382,https://fred.stlouisfed.org/series/DTWEXBGS
2025-02-11,달러지수(광의),128.4322,https://fred.stlouisfed.org/series/DTWEXBGS
2025-02-12,달러지수(광의),128.3288,https://fred.stlouisfed.org/series/DTWEXBGS
2025-02-13,달러지수(광의),127.8931,https://fred.stlouisfed.org/series/DTWEXBGS
2025-02-14,달러지수(광의),127.1491,https://fred.stlouisfed.org/series/DTWEXBGS
2025-02-18,달러지수(광의),127.2906,https://fred.stlouisfed.org/series/DTWEXBGS
2025-02-19,달러지수(광의),127.7317,https://fred.stlouisfed.org/series/DTWEXBGS
2025-02-20,달러지수(광의),127.1126,https://fred.stlouisfed.org/series/DTWEXBGS
2025-02-21,달러지수(광의),127.1408,https://fred.stlouisfed.org/series/DTWEXBGS
2025-02-24,달러지수(광의),127.1921,https://fred.stlouisfed.org/series/DTWEXBGS
2025-02-25,달러지수(광의),127.3752,https://fred.stlouisfed.org/series/DTWEXBGS
2025-02-26,달러지수(광의),127.2822,https://fred.stlouisfed.org/series/DTWEXBGS
2025-02-27,달러지수(광의),127.9704,https://fred.stlouisfed.org/series/DTWEXBGS
2025-02-28,달러지수(광의),128.2805,https://fred.stlouisfed.org/series/DTWEXBGS
2025-03-03,달러지수(광의),127.75,https://fred.stlouisfed.org/series/DTWEXBGS
2025-03-04,달러지수(광의),127.9966,https://fred.stlouisfed.org/series/DTWEXBGS
2025-03-05,달러지수(광의),126.504,https://fred.stlouisfed.org/series/DTWEXBGS
2025-03-06,달러지수(광의),126.1099,https://fred.stlouisfed.org/series/DTWEXBGS
2025-03-07,달러지수(광의),125.9814,https://fred.stlouisfed.org/series/DTWEXBGS
2025-03-10,달러지수(광의),126.268,https://fred.stlouisfed.org/series/DTWEXBGS
2025-03-11,달러지수(광의),126.0457,https://fred.stlouisfed.org/series/DTWEXBGS
2025-03-12,달러지수(광의),125.8664,https://fred.stlouisfed.org/series/DTWEXBGS
2025-03-13,달러지수(광의),126.0031,https://fred.stlouisfed.org/series/DTWEXBGS
2025-03-14,달러지수(광의),125.6942,https://fred.stlouisfed.org/series/DTWEXBGS
2025-03-17,달러지수(광의),125.3688,https://fred.stlouisfed.org/series/DTWEXBGS
2025-03-18,달러지수(광의),125.488,https://fred.stlouisfed.org/series/DTWEXBGS
2025-03-19,달러지수(광의),125.8006,https://fred.stlouisfed.org/series/DTWEXBGS
2025-03-20,달러지수(광의),125.985,https://fred.stlouisfed.org/series/DTWEXBGS
2025-03-21,달러지수(광의),126.2679,https://fred.stlouisfed.org/series/DTWEXBGS
2025-03-24,달러지수(광의),126.1956,https://fred.stlouisfed.org/series/DTWEXBGS
2025-03-25,달러지수(광의),126.0535,https://fred.stlouisfed.org/series/DTWEXBGS
2025-03-26,달러지수(광의),126.2364,https://fred.stlouisfed.org/series/DTWEXBGS
2025-03-27,달러지수(광의),126.3626,https://fred.stlouisfed.org/series/DTWEXBGS
2025-03-28,달러지수(광의),126.4187,https://fred.stlouisfed.org/series/DTWEXBGS
2025-03-31,달러지수(광의),126.7075,https://fred.stlouisfed.org/series/DTWEXBGS
2025-04-01,달러지수(광의),126.4338,https://fred.stlouisfed.org/series/DTWEXBGS
2025-04-02,달러지수(광의),126.3811,https://fred.stlouisfed.org/series/DTWEXBGS
2025-04-03,달러지수(광의),124.7316,https://fred.stlouisfed.org/series/DTWEXBGS
2025-04-04,달러지수(광의),125.8129,https://fred.stlouisfed.org/series/DTWEXBGS
2025-04-07,달러지수(광의),126.8282,https://fred.stlouisfed.org/series/DTWEXBGS
2025-04-08,달러지수(광의),126.8668,https://fred.stlouisfed.org/series/DTWEXBGS
2025-04-09,달러지수(광의),126.628,https://fred.stlouisfed.org/series/DTWEXBGS
2025-04-10,달러지수(광의),125.089,https://fred.stlouisfed.org/series/DTWEXBGS
2025-04-11,달러지수(광의),124.0163,https://fred.stlouisfed.org/series/DTWEXBGS
2025-04-14,달러지수(광의),123.6598,https://fred.stlouisfed.org/series/DTWEXBGS
2025-04-15,달러지수(광의),123.776,https://fred.stlouisfed.org/series/DTWEXBGS
2025-04-16,달러지수(광의),123.2724,https://fred.stlouisfed.org/series/DTWEXBGS
2025-04-17,달러지수(광의),123.1298,https://fred.stlouisfed.org/series/DTWEXBGS
2025-04-18,달러지수(광의),122.9865,https://fred.stlouisfed.org/series/DTWEXBGS
2025-04-21,달러지수(광의),122.3145,https://fred.stlouisfed.org/series/DTWEXBGS
2025-04-22,달러지수(광의),122.4175,https://fred.stlouisfed.org/series/DTWEXBGS
2025-04-23,달러지수(광의),123.0252,https://fred.stlouisfed.org/series/DTWEXBGS
2025-04-24,달러지수(광의),122.9251,https://fred.stlouisfed.org/series/DTWEXBGS
2025-04-25,달러지수(광의),122.8858,https://fred.stlouisfed.org/series/DTWEXBGS
2025-04-28,달러지수(광의),122.7176,https://fred.stlouisfed.org/series/DTWEXBGS
2025-04-29,달러지수(광의),122.5944,https://fred.stlouisfed.org/series/DTWEXBGS
2025-04-30,달러지수(광의),122.5921,https://fred.stlouisfed.org/series/DTWEXBGS
2025-05-01,달러지수(광의),123.1405,https://fred.stlouisfed.org/series/DTWEXBGS
2025-05-02,달러지수(광의),122.4962,https://fred.stlouisfed.org/series/DTWEXBGS
2025-05-05,달러지수(광의),122.2613,https://fred.stlouisfed.org/series/DTWEXBGS
2025-05-06,달러지수(광의),122.0417,https://fred.stlouisfed.org/series/DTWEXBGS
2025-05-07,달러지수(광의),122.117,https://fred.stlouisfed.org/series/DTWEXBGS
2025-05-08,달러지수(광의),122.7568,https://fred.stlouisfed.org/series/DTWEXBGS
2025-05-09,달러지수(광의),122.5191,https://fred.stlouisfed.org/series/DTWEXBGS
2025-05-12,달러지수(광의),123.4863,https://fred.stlouisfed.org/series/DTWEXBGS
2025-05-13,달러지수(광의),122.9583,https://fred.stlouisfed.org/series/DTWEXBGS
2025-05-14,달러지수(광의),122.6746,https://fred.stlouisfed.org/series/DTWEXBGS
2025-05-15,달러지수(광의),122.8174,https://fred.stlouisfed.org/series/DTWEXBGS
2025-05-16,달러지수(광의),123.0737,https://fred.stlouisfed.org/series/DTWEXBGS
2025-05-19,달러지수(광의),122.4186,https://fred.stlouisfed.org/series/DTWEXBGS
2025-05-20,달러지수(광의),122.3199,https://fred.stlouisfed.org/series/DTWEXBGS
2025-05-21,달러지수(광의),121.7496,https://fred.stlouisfed.org/series/DTWEXBGS
2025-05-22,달러지수(광의),122.0429,https://fred.stlouisfed.org/series/DTWEXBGS
2025-05-23,달러지수(광의),121.3837,https://fred.stlouisfed.org/series/DTWEXBGS
2025-05-27,달러지수(광의),121.6099,https://fred.stlouisfed.org/series/DTWEXBGS
2025-05-28,달러지수(광의),121.9888,https://fred.stlouisfed.org/series/DTWEXBGS
2025-05-29,달러지수(광의),121.5617,https://fred.stlouisfed.org/series/DTWEXBGS
2025-05-30,달러지수(광의),121.7674,https://fred.stlouisfed.org/series/DTWEXBGS
2025-06-02,달러지수(광의),121.1881,https://fred.stlouisfed.org/series/DTWEXBGS
2025-06-03,달러지수(광의),121.4592,https://fred.stlouisfed.org/series/DTWEXBGS
2025-06-04,달러지수(광의),121.0539,https://fred.stlouisfed.org/series/DTWEXBGS
2025-06-05,달러지수(광의),120.9596,https://fred.stlouisfed.org/series/DTWEXBGS
2025-06-06,달러지수(광의),121.161,https://fred.stlouisfed.org/series/DTWEXBGS
2025-06-09,달러지수(광의),120.9103,https://fred.stlouisfed.org/series/DTWEXBGS
2025-06-10,달러지수(광의),121.0485,https://fred.stlouisfed.org/series/DTWEXBGS
2025-06-11,달러지수(광의),120.587,https://fred.stlouisfed.org/series/DTWEXBGS
2025-06-12,달러지수(광의),120.1723,https://fred.stlouisfed.org/series/DTWEXBGS
2025-06-13,달러지수(광의),120.3245,https://fred.stlouisfed.org/series/DTWEXBGS
2025-06-16,달러지수(광의),120.1565,https://fred.stlouisfed.org/series/DTWEXBGS
2025-06-17,달러지수(광의),120.5048,https://fred.stlouisfed.org/series/DTWEXBGS
2025-06-18,달러지수(광의),120.7305,https://fred.stlouisfed.org/series/DTWEXBGS
2025-06-20,달러지수(광의),121.0408,https://fred.stlouisfed.org/series/DTWEXBGS
2025-06-23,달러지수(광의),121.1694,https://fred.stlouisfed.org/series/DTWEXBGS
2025-06-24,달러지수(광의),120.3645,https://fred.stlouisfed.org/series/DTWEXBGS
2025-06-25,달러지수(광의),120.3336,https://fred.stlouisfed.org/series/DTWEXBGS
2025-06-26,달러지수(광의),119.6451,https://fred.stlouisfed.org/series/DTWEXBGS
2025-06-27,달러지수(광의),119.659,https://fred.stlouisfed.org/series/DTWEXBGS
2025-06-30,달러지수(광의),119.4088,https://fred.stlouisfed.org/series/DTWEXBGS
2025-07-01,달러지수(광의),119.3436,https://fred.stlouisfed.org/series/DTWEXBGS
2025-07-02,달러지수(광의),119.3037,https://fred.stlouisfed.org/series/DTWEXBGS
2025-07-03,달러지수(광의),119.2382,https://fred.stlouisfed.org/series/DTWEXBGS
2025-07-07,달러지수(광의),119.6201,https://fred.stlouisfed.org/series/DTWEXBGS
2025-07-08,달러지수(광의),119.8371,https://fred.stlouisfed.org/series/DTWEXBGS
2025-07-09,달러지수(광의),119.7311,https://fred.stlouisfed.org/series/DTWEXBGS
2025-07-10,달러지수(광의),119.8343,https://fred.stlouisfed.org/series/DTWEXBGS
2025-07-11,달러지수(광의),119.9214,https://fred.stlouisfed.org/series/DTWEXBGS
2025-07-14,달러지수(광의),120.2209,https://fred.stlouisfed.org/series/DTWEXBGS
2025-07-15,달러지수(광의),120.5105,https://fred.stlouisfed.org/series/DTWEXBGS
2025-07-16,달러지수(광의),120.4175,https://fred.stlouisfed.org/series/DTWEXBGS
2025-07-17,달러지수(광의),120.6384,https://fred.stlouisfed.org/series/DTWEXBGS
2025-07-18,달러지수(광의),120.356,https://fred.stlouisfed.org/series/DTWEXBGS
2025-07-21,달러지수(광의),119.9961,https://fred.stlouisfed.org/series/DTWEXBGS
2025-07-22,달러지수(광의),119.681,https://fred.stlouisfed.org/series/DTWEXBGS
2025-07-23,달러지수(광의),119.5697,https://fred.stlouisfed.org/series/DTWEXBGS
2025-07-24,달러지수(광의),119.5664,https://fred.stlouisfed.org/series/DTWEXBGS
2025-07-25,달러지수(광의),119.9857,https://fred.stlouisfed.org/series/DTWEXBGS
2025-07-28,달러지수(광의),120.6149,https://fred.stlouisfed.org/series/DTWEXBGS
2025-07-29,달러지수(광의),120.9674,https://fred.stlouisfed.org/series/DTWEXBGS
2025-07-30,달러지수(광의),121.4042,https://fred.stlouisfed.org/series/DTWEXBGS
2025-07-31,달러지수(광의),121.721,https://fred.stlouisfed.org/series/DTWEXBGS
2025-08-01,달러지수(광의),121.2122,https://fred.stlouisfed.org/series/DTWEXBGS
2025-08-04,달러지수(광의),120.9859,https://fred.stlouisfed.org/series/DTWEXBGS
2025-08-05,달러지수(광의),120.9082,https://fred.stlouisfed.org/series/DTWEXBGS
2025-08-06,달러지수(광의),120.5082,https://fred.stlouisfed.org/series/DTWEXBGS
2025-08-07,달러지수(광의),120.5043,https://fred.stlouisfed.org/series/DTWEXBGS
2025-08-08,달러지수(광의),120.3329,https://fred.stlouisfed.org/series/DTWEXBGS
2025-08-11,달러지수(광의),120.6892,https://fred.stlouisfed.org/series/DTWEXBGS
2025-08-12,달러지수(광의),120.2736,https://fred.stlouisfed.org/series/DTWEXBGS
2025-08-13,달러지수(광의),120.13,https://fred.stlouisfed.org/series/DTWEXBGS
2025-08-14,달러지수(광의),120.6446,https://fred.stlouisfed.org/series/DTWEXBGS
2025-08-15,달러지수(광의),120.3377,https://fred.stlouisfed.org/series/DTWEXBGS
2025-08-18,달러지수(광의),120.5622,https://fred.stlouisfed.org/series/DTWEXBGS
2025-08-19,달러지수(광의),120.7224,https://fred.stlouisfed.org/series/DTWEXBGS
2025-08-20,달러지수(광의),120.7757,https://fred.stlouisfed.org/series/DTWEXBGS
2025-08-21,달러지수(광의),121.0843,https://fred.stlouisfed.org/series/DTWEXBGS
2025-08-22,달러지수(광의),120.2774,https://fred.stlouisfed.org/series/DTWEXBGS
2025-08-25,달러지수(광의),120.4214,https://fred.stlouisfed.org/series/DTWEXBGS
2025-08-26,달러지수(광의),120.5274,https://fred.stlouisfed.org/series/DTWEXBGS
2025-08-27,달러지수(광의),120.7274,https://fred.stlouisfed.org/series/DTWEXBGS
2025-08-28,달러지수(광의),120.2595,https://fred.stlouisfed.org/series/DTWEXBGS
2025-08-29,달러지수(광의),120.2082,https://fred.stlouisfed.org/series/DTWEXBGS
2025-09-02,달러지수(광의),120.6837,https://fred.stlouisfed.org/series/DTWEXBGS
2025-09-03,달러지수(광의),120.5052,https://fred.stlouisfed.org/series/DTWEXBGS
2025-09-04,달러지수(광의),120.7629,https://fred.stlouisfed.org/series/DTWEXBGS
2025-09-05,달러지수(광의),120.1282,https://fred.stlouisfed.org/series/DTWEXBGS
2025-09-08,달러지수(광의),120.0971,https://fred.stlouisfed.org/series/DTWEXBGS
2025-09-09,달러지수(광의),120.1569,https://fred.stlouisfed.org/series/DTWEXBGS
2025-09-10,달러지수(광의),120.1223,https://fred.stlouisfed.org/series/DTWEXBGS
2025-09-11,달러지수(광의),119.9534,https://fred.stlouisfed.org/series/DTWEXBGS
2025-09-12,달러지수(광의),120.0611,https://fred.stlouisfed.org/series/DTWEXBGS
2025-09-15,달러지수(광의),119.5644,https://fred.stlouisfed.org/series/DTWEXBGS
2025-09-16,달러지수(광의),119.1348,https://fred.stlouisfed.org/series/DTWEXBGS
2025-09-17,달러지수(광의),119.1582,https://fred.stlouisfed.org/series/DTWEXBGS
2025-09-18,달러지수(광의),119.6616,https://fred.stlouisfed.org/series/DTWEXBGS
2025-09-19,달러지수(광의),119.7858,https://fred.stlouisfed.org/series/DTWEXBGS
2025-09-22,달러지수(광의),119.8152,https://fred.stlouisfed.org/series/DTWEXBGS
2025-09-23,달러지수(광의),119.6202,https://fred.stlouisfed.org/series/DTWEXBGS
2025-09-24,달러지수(광의),120.1707,https://fred.stlouisfed.org/series/DTWEXBGS
2025-09-25,달러지수(광의),120.5419,https://fred.stlouisfed.org/series/DTWEXBGS
2025-09-26,달러지수(광의),120.4349,https://fred.stlouisfed.org/series/DTWEXBGS
2025-09-29,달러지수(광의),120.115,https://fred.stlouisfed.org/series/DTWEXBGS
2025-09-30,달러지수(광의),120.1368,https://fred.stlouisfed.org/series/DTWEXBGS
2025-10-01,달러지수(광의),120.1502,https://fred.stlouisfed.org/series/DTWEXBGS
2025-10-02,달러지수(광의),120.4296,https://fred.stlouisfed.org/series/DTWEXBGS
2025-10-03,달러지수(광의),120.0881,https://fred.stlouisfed.org/series/DTWEXBGS
2025-10-06,달러지수(광의),120.2722,https://fred.stlouisfed.org/series/DTWEXBGS
2025-10-07,달러지수(광의),120.4884,https://fred.stlouisfed.org/series/DTWEXBGS
2025-10-08,달러지수(광의),120.7766,https://fred.stlouisfed.org/series/DTWEXBGS
2025-10-09,달러지수(광의),121.0902,https://fred.stlouisfed.org/series/DTWEXBGS
2025-10-10,달러지수(광의),121.1163,https://fred.stlouisfed.org/series/DTWEXBGS
2025-10-14,달러지수(광의),121.1822,https://fred.stlouisfed.org/series/DTWEXBGS
2025-10-15,달러지수(광의),120.8642,https://fred.stlouisfed.org/series/DTWEXBGS
2025-10-16,달러지수(광의),120.6698,https://fred.stlouisfed.org/series/DTWEXBGS
2025-10-17,달러지수(광의),120.7028,https://fred.stlouisfed.org/series/DTWEXBGS
2025-10-20,달러지수(광의),120.6209,https://fred.stlouisfed.org/series/DTWEXBGS
2025-10-21,달러지수(광의),120.8895,https://fred.stlouisfed.org/series/DTWEXBGS
2025-10-22,달러지수(광의),120.8958,https://fred.stlouisfed.org/series/DTWEXBGS
2025-10-23,달러지수(광의),120.9531,https://fred.stlouisfed.org/series/DTWEXBGS
2025-10-24,달러지수(광의),120.9345,https://fred.stlouisfed.org/series/DTWEXBGS
2025-10-27,달러지수(광의),120.7988,https://fred.stlouisfed.org/series/DTWEXBGS
2025-10-28,달러지수(광의),120.6361,https://fred.stlouisfed.org/series/DTWEXBGS
2025-10-29,달러지수(광의),120.5312,https://fred.stlouisfed.org/series/DTWEXBGS
2025-10-30,달러지수(광의),121.2832,https://fred.stlouisfed.org/series/DTWEXBGS
2025-10-31,달러지수(광의),121.3859,https://fred.stlouisfed.org/series/DTWEXBGS
2025-11-03,달러지수(광의),121.4512,https://fred.stlouisfed.org/series/DTWEXBGS
2025-11-04,달러지수(광의),121.8271,https://fred.stlouisfed.org/series/DTWEXBGS
2025-11-05,달러지수(광의),121.8482,https://fred.stlouisfed.org/series/DTWEXBGS
2025-11-06,달러지수(광의),121.6948,https://fred.stlouisfed.org/series/DTWEXBGS
2025-11-07,달러지수(광의),121.388,https://fred.stlouisfed.org/series/DTWEXBGS
2025-11-10,달러지수(광의),121.2984,https://fred.stlouisfed.org/series/DTWEXBGS
2025-11-12,달러지수(광의),121.0458,https://fred.stlouisfed.org/series/DTWEXBGS
2025-11-13,달러지수(광의),120.7725,https://fred.stlouisfed.org/series/DTWEXBGS
2025-11-14,달러지수(광의),120.9666,https://fred.stlouisfed.org/series/DTWEXBGS
2025-11-17,달러지수(광의),121.1146,https://fred.stlouisfed.org/series/DTWEXBGS
2025-11-18,달러지수(광의),121.2127,https://fred.stlouisfed.org/series/DTWEXBGS
2025-11-19,달러지수(광의),121.4978,https://fred.stlouisfed.org/series/DTWEXBGS
2025-11-20,달러지수(광의),121.6889,https://fred.stlouisfed.org/series/DTWEXBGS
2025-11-21,달러지수(광의),121.8653,https://fred.stlouisfed.org/series/DTWEXBGS
2025-11-24,달러지수(광의),121.9171,https://fred.stlouisfed.org/series/DTWEXBGS
2025-11-25,달러지수(광의),121.6335,https://fred.stlouisfed.org/series/DTWEXBGS
2025-11-26,달러지수(광의),121.2437,https://fred.stlouisfed.org/series/DTWEXBGS
2025-11-28,달러지수(광의),121.0527,https://fred.stlouisfed.org/series/DTWEXBGS
2025-12-01,달러지수(광의),120.9862,https://fred.stlouisfed.org/series/DTWEXBGS
2025-12-02,달러지수(광의),121.1467,https://fred.stlouisfed.org/series/DTWEXBGS
2025-12-03,달러지수(광의),120.7336,https://fred.stlouisfed.org/series/DTWEXBGS
2025-12-04,달러지수(광의),120.6766,https://fred.stlouisfed.org/series/DTWEXBGS
2025-12-05,달러지수(광의),120.6863,https://fred.stlouisfed.org/series/DTWEXBGS
2025-12-08,달러지수(광의),120.776,https://fred.stlouisfed.org/series/DTWEXBGS
2025-12-09,달러지수(광의),120.6832,https://fred.stlouisfed.org/series/DTWEXBGS
2025-12-10,달러지수(광의),120.6752,https://fred.stlouisfed.org/series/DTWEXBGS
2025-12-11,달러지수(광의),119.98,https://fred.stlouisfed.org/series/DTWEXBGS
2025-12-12,달러지수(광의),120.1442,https://fred.stlouisfed.org/series/DTWEXBGS
2025-12-15,달러지수(광의),119.9561,https://fred.stlouisfed.org/series/DTWEXBGS
2025-12-16,달러지수(광의),119.8902,https://fred.stlouisfed.org/series/DTWEXBGS
2025-12-17,달러지수(광의),120.155,https://fred.stlouisfed.org/series/DTWEXBGS
2025-12-18,달러지수(광의),120.0528,https://fred.stlouisfed.org/series/DTWEXBGS
2025-12-19,달러지수(광의),120.1652,https://fred.stlouisfed.org/series/DTWEXBGS
2025-12-22,달러지수(광의),119.9912,https://fred.stlouisfed.org/series/DTWEXBGS
2025-12-23,달러지수(광의),119.7057,https://fred.stlouisfed.org/series/DTWEXBGS
2025-12-24,달러지수(광의),119.4372,https://fred.stlouisfed.org/series/DTWEXBGS
2025-12-26,달러지수(광의),119.4723,https://fred.stlouisfed.org/series/DTWEXBGS
2025-12-29,달러지수(광의),119.5899,https://fred.stlouisfed.org/series/DTWEXBGS
2025-12-30,달러지수(광의),119.4939,https://fred.stlouisfed.org/series/DTWEXBGS
2025-12-31,달러지수(광의),119.7456,https://fred.stlouisfed.org/series/DTWEXBGS
2026-01-02,달러지수(광의),119.6059,https://fred.stlouisfed.org/series/DTWEXBGS
2026-01-05,달러지수(광의),119.6192,https://fred.stlouisfed.org/series/DTWEXBGS
2026-01-06,달러지수(광의),119.7807,https://fred.stlouisfed.org/series/DTWEXBGS
2026-01-07,달러지수(광의),119.8719,https://fred.stlouisfed.org/series/DTWEXBGS
2026-01-08,달러지수(광의),120.0904,https://fred.stlouisfed.org/series/DTWEXBGS
2026-01-09,달러지수(광의),120.2215,https://fred.stlouisfed.org/series/DTWEXBGS
2026-01-12,달러지수(광의),119.9958,https://fred.stlouisfed.org/series/DTWEXBGS
2026-01-13,달러지수(광의),120.1401,https://fred.stlouisfed.org/series/DTWEXBGS
2026-01-14,달러지수(광의),119.9537,https://fred.stlouisfed.org/series/DTWEXBGS
2026-01-15,달러지수(광의),119.9951,https://fred.stlouisfed.org/series/DTWEXBGS
2026-01-16,달러지수(광의),120.0838,https://fred.stlouisfed.org/series/DTWEXBGS
2026-01-20,달러지수(광의),119.4455,https://fred.stlouisfed.org/series/DTWEXBGS
2026-01-21,달러지수(광의),119.3431,https://fred.stlouisfed.org/series/DTWEXBGS
2026-01-22,달러지수(광의),119.1962,https://fred.stlouisfed.org/series/DTWEXBGS
2026-01-23,달러지수(광의),118.8976,https://fred.stlouisfed.org/series/DTWEXBGS
2026-01-26,달러지수(광의),118.0525,https://fred.stlouisfed.org/series/DTWEXBGS
2026-01-27,달러지수(광의),117.4523,https://fred.stlouisfed.org/series/DTWEXBGS
2026-01-28,달러지수(광의),117.5117,https://fred.stlouisfed.org/series/DTWEXBGS
2026-01-29,달러지수(광의),117.4396,https://fred.stlouisfed.org/series/DTWEXBGS
2026-01-30,달러지수(광의),117.8996,https://fred.stlouisfed.org/series/DTWEXBGS
2026-02-02,달러지수(광의),118.3609,https://fred.stlouisfed.org/series/DTWEXBGS
2026-02-03,달러지수(광의),117.9764,https://fred.stlouisfed.org/series/DTWEXBGS
2026-02-04,달러지수(광의),118.2602,https://fred.stlouisfed.org/series/DTWEXBGS
2026-02-05,달러지수(광의),118.5034,https://fred.stlouisfed.org/series/DTWEXBGS
2026-02-06,달러지수(광의),118.2407,https://fred.stlouisfed.org/series/DTWEXBGS
2026-02-09,달러지수(광의),117.6392,https://fred.stlouisfed.org/series/DTWEXBGS
2026-02-10,달러지수(광의),117.5216,https://fred.stlouisfed.org/series/DTWEXBGS
2026-02-11,달러지수(광의),117.4601,https://fred.stlouisfed.org/series/DTWEXBGS
2026-02-12,달러지수(광의),117.5376,https://fred.stlouisfed.org/series/DTWEXBGS
2026-02-13,달러지수(광의),117.5258,https://fred.stlouisfed.org/series/DTWEXBGS
2026-02-17,달러지수(광의),117.7375,https://fred.stlouisfed.org/series/DTWEXBGS
2026-02-18,달러지수(광의),117.8426,https://fred.stlouisfed.org/series/DTWEXBGS
2026-02-19,달러지수(광의),118.2354,https://fred.stlouisfed.org/series/DTWEXBGS
2026-02-20,달러지수(광의),117.9917,https://fred.stlouisfed.org/series/DTWEXBGS
2026-02-23,달러지수(광의),117.9395,https://fred.stlouisfed.org/series/DTWEXBGS
2026-02-24,달러지수(광의),117.9463,https://fred.stlouisfed.org/series/DTWEXBGS
2026-02-25,달러지수(광의),117.769,https://fred.stlouisfed.org/series/DTWEXBGS
2026-02-26,달러지수(광의),117.9042,https://fred.stlouisfed.org/series/DTWEXBGS
2026-02-27,달러지수(광의),117.8223,https://fred.stlouisfed.org/series/DTWEXBGS
2026-03-02,달러지수(광의),118.667,https://fred.stlouisfed.org/series/DTWEXBGS
2026-03-03,달러지수(광의),119.4341,https://fred.stlouisfed.org/series/DTWEXBGS
2026-03-04,달러지수(광의),119.0705,https://fred.stlouisfed.org/series/DTWEXBGS
2026-03-05,달러지수(광의),119.5683,https://fred.stlouisfed.org/series/DTWEXBGS
2026-03-06,달러지수(광의),119.491,https://fred.stlouisfed.org/series/DTWEXBGS
2026-03-09,달러지수(광의),119.5151,https://fred.stlouisfed.org/series/DTWEXBGS
2026-03-10,달러지수(광의),118.7255,https://fred.stlouisfed.org/series/DTWEXBGS
2026-03-11,달러지수(광의),119.2885,https://fred.stlouisfed.org/series/DTWEXBGS
2026-03-12,달러지수(광의),119.8227,https://fred.stlouisfed.org/series/DTWEXBGS
2026-03-13,달러지수(광의),120.5518,https://fred.stlouisfed.org/series/DTWEXBGS
2026-03-16,달러지수(광의),120.097,https://fred.stlouisfed.org/series/DTWEXBGS
2026-03-17,달러지수(광의),119.8328,https://fred.stlouisfed.org/series/DTWEXBGS
2026-03-18,달러지수(광의),119.9276,https://fred.stlouisfed.org/series/DTWEXBGS
2026-03-19,달러지수(광의),120.1802,https://fred.stlouisfed.org/series/DTWEXBGS
2026-03-20,달러지수(광의),120.2757,https://fred.stlouisfed.org/series/DTWEXBGS
2026-03-23,달러지수(광의),119.9371,https://fred.stlouisfed.org/series/DTWEXBGS
2026-03-24,달러지수(광의),120.1295,https://fred.stlouisfed.org/series/DTWEXBGS
2026-03-25,달러지수(광의),120.1282,https://fred.stlouisfed.org/series/DTWEXBGS
2026-03-26,달러지수(광의),120.389,https://fred.stlouisfed.org/series/DTWEXBGS
2026-03-27,달러지수(광의),120.8851,https://fred.stlouisfed.org/series/DTWEXBGS
2026-03-30,달러지수(광의),121.2851,https://fred.stlouisfed.org/series/DTWEXBGS
2026-03-31,달러지수(광의),121.035,https://fred.stlouisfed.org/series/DTWEXBGS
2026-04-01,달러지수(광의),120.1198,https://fred.stlouisfed.org/series/DTWEXBGS
2026-04-02,달러지수(광의),120.503,https://fred.stlouisfed.org/series/DTWEXBGS
2026-04-03,달러지수(광의),120.6565,https://fred.stlouisfed.org/series/DTWEXBGS
2026-04-06,달러지수(광의),120.4302,https://fred.stlouisfed.org/series/DTWEXBGS
2026-04-07,달러지수(광의),120.32,https://fred.stlouisfed.org/series/DTWEXBGS
2026-04-08,달러지수(광의),119.0596,https://fred.stlouisfed.org/series/DTWEXBGS
2026-04-09,달러지수(광의),118.8998,https://fred.stlouisfed.org/series/DTWEXBGS
2026-04-10,달러지수(광의),118.8552,https://fred.stlouisfed.org/series/DTWEXBGS
2026-04-13,달러지수(광의),118.9916,https://fred.stlouisfed.org/series/DTWEXBGS
2026-04-14,달러지수(광의),118.3581,https://fred.stlouisfed.org/series/DTWEXBGS
2026-04-15,달러지수(광의),118.3623,https://fred.stlouisfed.org/series/DTWEXBGS
2026-04-16,달러지수(광의),118.3616,https://fred.stlouisfed.org/series/DTWEXBGS
2026-04-17,달러지수(광의),118.0795,https://fred.stlouisfed.org/series/DTWEXBGS
2026-04-20,달러지수(광의),118.2374,https://fred.stlouisfed.org/series/DTWEXBGS
2026-04-21,달러지수(광의),118.4331,https://fred.stlouisfed.org/series/DTWEXBGS
2026-04-22,달러지수(광의),118.6004,https://fred.stlouisfed.org/series/DTWEXBGS
2026-04-23,달러지수(광의),118.7155,https://fred.stlouisfed.org/series/DTWEXBGS
2026-04-24,달러지수(광의),118.7294,https://fred.stlouisfed.org/series/DTWEXBGS
2026-04-27,달러지수(광의),118.5458,https://fred.stlouisfed.org/series/DTWEXBGS
2026-04-28,달러지수(광의),118.7717,https://fred.stlouisfed.org/series/DTWEXBGS
2026-04-29,달러지수(광의),119.0975,https://fred.stlouisfed.org/series/DTWEXBGS
2026-04-30,달러지수(광의),118.671,https://fred.stlouisfed.org/series/DTWEXBGS
2026-05-01,달러지수(광의),118.3926,https://fred.stlouisfed.org/series/DTWEXBGS
2026-05-04,달러지수(광의),118.8264,https://fred.stlouisfed.org/series/DTWEXBGS
2026-05-05,달러지수(광의),118.6207,https://fred.stlouisfed.org/series/DTWEXBGS
2026-05-06,달러지수(광의),118.0982,https://fred.stlouisfed.org/series/DTWEXBGS
2026-05-07,달러지수(광의),118.0116,https://fred.stlouisfed.org/series/DTWEXBGS
2026-05-08,달러지수(광의),118.0392,https://fred.stlouisfed.org/series/DTWEXBGS
2026-05-11,달러지수(광의),118.0562,https://fred.stlouisfed.org/series/DTWEXBGS
2026-05-12,달러지수(광의),118.5238,https://fred.stlouisfed.org/series/DTWEXBGS
2026-05-13,달러지수(광의),118.4737,https://fred.stlouisfed.org/series/DTWEXBGS
2026-05-14,달러지수(광의),118.6696,https://fred.stlouisfed.org/series/DTWEXBGS
2026-05-15,달러지수(광의),119.2825,https://fred.stlouisfed.org/series/DTWEXBGS
2026-05-18,달러지수(광의),119.0574,https://fred.stlouisfed.org/series/DTWEXBGS
2026-05-19,달러지수(광의),119.451,https://fred.stlouisfed.org/series/DTWEXBGS
2026-05-20,달러지수(광의),119.1624,https://fred.stlouisfed.org/series/DTWEXBGS
2026-05-21,달러지수(광의),119.369,https://fred.stlouisfed.org/series/DTWEXBGS
2026-05-22,달러지수(광의),119.2868,https://fred.stlouisfed.org/series/DTWEXBGS
2026-05-26,달러지수(광의),119.1696,https://fred.stlouisfed.org/series/DTWEXBGS
2026-05-27,달러지수(광의),119.1829,https://fred.stlouisfed.org/series/DTWEXBGS
2026-05-28,달러지수(광의),119.0318,https://fred.stlouisfed.org/series/DTWEXBGS
2026-05-29,달러지수(광의),118.8783,https://fred.stlouisfed.org/series/DTWEXBGS
2026-06-01,달러지수(광의),119.1653,https://fred.stlouisfed.org/series/DTWEXBGS
2026-06-02,달러지수(광의),119.0359,https://fred.stlouisfed.org/series/DTWEXBGS
2026-06-03,달러지수(광의),119.3848,https://fred.stlouisfed.org/series/DTWEXBGS
2026-06-04,달러지수(광의),119.3615,https://fred.stlouisfed.org/series/DTWEXBGS
2026-06-05,달러지수(광의),120.0831,https://fred.stlouisfed.org/series/DTWEXBGS
2026-06-08,달러지수(광의),120.034,https://fred.stlouisfed.org/series/DTWEXBGS
2026-06-09,달러지수(광의),119.9617,https://fred.stlouisfed.org/series/DTWEXBGS
2026-06-10,달러지수(광의),119.9134,https://fred.stlouisfed.org/series/DTWEXBGS
2026-06-11,달러지수(광의),120.1174,https://fred.stlouisfed.org/series/DTWEXBGS
2026-06-12,달러지수(광의),119.5073,https://fred.stlouisfed.org/series/DTWEXBGS
2026-06-15,달러지수(광의),119.3158,https://fred.stlouisfed.org/series/DTWEXBGS
2026-06-16,달러지수(광의),119.256,https://fred.stlouisfed.org/series/DTWEXBGS
2026-06-17,달러지수(광의),119.3871,https://fred.stlouisfed.org/series/DTWEXBGS
2026-06-18,달러지수(광의),120.3958,https://fred.stlouisfed.org/series/DTWEXBGS
2026-06-22,달러지수(광의),120.5463,https://fred.stlouisfed.org/series/DTWEXBGS
2026-06-23,달러지수(광의),121.0552,https://fred.stlouisfed.org/series/DTWEXBGS
2026-06-24,달러지수(광의),121.412,https://fred.stlouisfed.org/series/DTWEXBGS
2026-06-25,달러지수(광의),121.0559,https://fred.stlouisfed.org/series/DTWEXBGS
2026-06-26,달러지수(광의),120.8866,https://fred.stlouisfed.org/series/DTWEXBGS
2026-06-29,달러지수(광의),120.9525,https://fred.stlouisfed.org/series/DTWEXBGS
2026-06-30,달러지수(광의),120.9248,https://fred.stlouisfed.org/series/DTWEXBGS
2026-07-01,달러지수(광의),121.1455,https://fred.stlouisfed.org/series/DTWEXBGS
2026-07-02,달러지수(광의),120.6902,https://fred.stlouisfed.org/series/DTWEXBGS
2026-07-06,달러지수(광의),120.835,https://fred.stlouisfed.org/series/DTWEXBGS
2026-07-07,달러지수(광의),120.8145,https://fred.stlouisfed.org/series/DTWEXBGS
2026-07-08,달러지수(광의),121.1307,https://fred.stlouisfed.org/series/DTWEXBGS
2026-07-09,달러지수(광의),120.753,https://fred.stlouisfed.org/series/DTWEXBGS
2026-07-10,달러지수(광의),120.5046,https://fred.stlouisfed.org/series/DTWEXBGS
2026-07-13,달러지수(광의),120.7413,https://fred.stlouisfed.org/series/DTWEXBGS
2026-07-14,달러지수(광의),120.4728,https://fred.stlouisfed.org/series/DTWEXBGS
2026-07-15,달러지수(광의),120.3088,https://fred.stlouisfed.org/series/DTWEXBGS
2026-07-16,달러지수(광의),120.331,https://fred.stlouisfed.org/series/DTWEXBGS
2026-07-17,달러지수(광의),120.5315,https://fred.stlouisfed.org/series/DTWEXBGS
2026-07-20,달러지수(광의),120.5401,https://fred.stlouisfed.org/series/DTWEXBGS
2026-07-21,달러지수(광의),120.5779,https://fred.stlouisfed.org/series/DTWEXBGS
2026-07-22,달러지수(광의),120.5736,https://fred.stlouisfed.org/series/DTWEXBGS
2026-07-23,달러지수(광의),120.9075,https://fred.stlouisfed.org/series/DTWEXBGS
2026-07-24,달러지수(광의),120.7105,https://fred.stlouisfed.org/series/DTWEXBGS
2026-07-27,달러지수(광의),120.7739,https://fred.stlouisfed.org/series/DTWEXBGS
2026-07-28,달러지수(광의),120.6247,https://fred.stlouisfed.org/series/DTWEXBGS
2026-07-29,달러지수(광의),120.7892,https://fred.stlouisfed.org/series/DTWEXBGS
2026-07-30,달러지수(광의),119.6753,https://fred.stlouisfed.org/series/DTWEXBGS
2026-07-31,달러지수(광의),119.7034,https://fred.stlouisfed.org/series/DTWEXBGS
2026-08-03,달러지수(광의),119.6951,https://fred.stlouisfed.org/series/DTWEXBGS
2026-08-04,달러지수(광의),119.5977,https://fred.stlouisfed.org/series/DTWEXBGS
2026-08-05,달러지수(광의),119.3881,https://fred.stlouisfed.org/series/DTWEXBGS
2026-08-06,달러지수(광의),119.5113,https://fred.stlouisfed.org/series/DTWEXBGS
2026-08-07,달러지수(광의),119.0649,https://fred.stlouisfed.org/series/DTWEXBGS
2026-08-10,달러지수(광의),119.1187,https://fred.stlouisfed.org/series/DTWEXBGS
2026-08-11,달러지수(광의),119.179,https://fred.stlouisfed.org/series/DTWEXBGS
2026-08-12,달러지수(광의),119.1179,https://fred.stlouisfed.org/series/DTWEXBGS
2026-08-13,달러지수(광의),119.1848,https://fred.stlouisfed.org/series/DTWEXBGS
2026-08-14,달러지수(광의),118.9028,https://fred.stlouisfed.org/series/DTWEXBGS
2026-08-17,달러지수(광의),118.814,https://fred.stlouisfed.org/series/DTWEXBGS
2026-08-18,달러지수(광의),118.9831,https://fred.stlouisfed.org/series/DTWEXBGS
2026-08-19,달러지수(광의),118.3328,https://fred.stlouisfed.org/series/DTWEXBGS
2026-08-20,달러지수(광의),118.2548,https://fred.stlouisfed.org/series/DTWEXBGS
2026-08-21,달러지수(광의),118.0628,https://fred.stlouisfed.org/series/DTWEXBGS
2026-08-24,달러지수(광의),118.3195,https://fred.stlouisfed.org/series/DTWEXBGS
2026-08-25,달러지수(광의),118.2283,https://fred.stlouisfed.org/series/DTWEXBGS
2026-08-26,달러지수(광의),118.4461,https://fred.stlouisfed.org/series/DTWEXBGS
2026-08-27,달러지수(광의),118.3583,https://fred.stlouisfed.org/series/DTWEXBGS
2026-08-28,달러지수(광의),118.7479,https://fred.stlouisfed.org/series/DTWEXBGS
2026-08-31,달러지수(광의),118.5679,https://fred.stlouisfed.org/series/DTWEXBGS
2026-09-01,달러지수(광의),118.6568,https://fred.stlouisfed.org/series/DTWEXBGS
2026-09-02,달러지수(광의),118.5296,https://fred.stlouisfed.org/series/DTWEXBGS
2026-09-03,달러지수(광의),118.127,https://fred.stlouisfed.org/series/DTWEXBGS
2026-09-04,달러지수(광의),118.0732,https://fred.stlouisfed.org/series/DTWEXBGS
2026-09-08,달러지수(광의),117.9127,https://fred.stlouisfed.org/series/DTWEXBGS
2026-09-09,달러지수(광의),117.8834,https://fred.stlouisfed.org/series/DTWEXBGS
2026-09-10,달러지수(광의),118.0787,https://fred.stlouisfed.org/series/DTWEXBGS
2026-09-11,달러지수(광의),118.2126,https://fred.stlouisfed.org/series/DTWEXBGS
2021-09-01,엔/달러,110.03,https://fred.stlouisfed.org/series/DEXJPUS
2021-09-02,엔/달러,110.01,https://fred.stlouisfed.org/series/DEXJPUS
2021-09-03,엔/달러,109.64,https://fred.stlouisfed.org/series/DEXJPUS
2021-09-07,엔/달러,110.17,https://fred.stlouisfed.org/series/DEXJPUS
2021-09-08,엔/달러,110.32,https://fred.stlouisfed.org/series/DEXJPUS
2021-09-09,엔/달러,109.76,https://fred.stlouisfed.org/series/DEXJPUS
2021-09-10,엔/달러,109.93,https://fred.stlouisfed.org/series/DEXJPUS
2021-09-13,엔/달러,109.94,https://fred.stlouisfed.org/series/DEXJPUS
2021-09-14,엔/달러,109.66,https://fred.stlouisfed.org/series/DEXJPUS
2021-09-15,엔/달러,109.4,https://fred.stlouisfed.org/series/DEXJPUS
2021-09-16,엔/달러,109.67,https://fred.stlouisfed.org/series/DEXJPUS
2021-09-17,엔/달러,109.94,https://fred.stlouisfed.org/series/DEXJPUS
2021-09-20,엔/달러,109.47,https://fred.stlouisfed.org/series/DEXJPUS
2021-09-21,엔/달러,109.33,https://fred.stlouisfed.org/series/DEXJPUS
2021-09-22,엔/달러,109.59,https://fred.stlouisfed.org/series/DEXJPUS
2021-09-23,엔/달러,110.17,https://fred.stlouisfed.org/series/DEXJPUS
2021-09-24,엔/달러,110.72,https://fred.stlouisfed.org/series/DEXJPUS
2021-09-27,엔/달러,110.97,https://fred.stlouisfed.org/series/DEXJPUS
2021-09-28,엔/달러,111.33,https://fred.stlouisfed.org/series/DEXJPUS
2021-09-29,엔/달러,111.83,https://fred.stlouisfed.org/series/DEXJPUS
2021-09-30,엔/달러,111.5,https://fred.stlouisfed.org/series/DEXJPUS
2021-10-01,엔/달러,110.97,https://fred.stlouisfed.org/series/DEXJPUS
2021-10-04,엔/달러,110.94,https://fred.stlouisfed.org/series/DEXJPUS
2021-10-05,엔/달러,111.39,https://fred.stlouisfed.org/series/DEXJPUS
2021-10-06,엔/달러,111.33,https://fred.stlouisfed.org/series/DEXJPUS
2021-10-07,엔/달러,111.5,https://fred.stlouisfed.org/series/DEXJPUS
2021-10-08,엔/달러,112.15,https://fred.stlouisfed.org/series/DEXJPUS
2021-10-12,엔/달러,113.69,https://fred.stlouisfed.org/series/DEXJPUS
2021-10-13,엔/달러,113.49,https://fred.stlouisfed.org/series/DEXJPUS
2021-10-14,엔/달러,113.59,https://fred.stlouisfed.org/series/DEXJPUS
2021-10-15,엔/달러,114.31,https://fred.stlouisfed.org/series/DEXJPUS
2021-10-18,엔/달러,114.22,https://fred.stlouisfed.org/series/DEXJPUS
2021-10-19,엔/달러,114.27,https://fred.stlouisfed.org/series/DEXJPUS
2021-10-20,엔/달러,114.24,https://fred.stlouisfed.org/series/DEXJPUS
2021-10-21,엔/달러,113.75,https://fred.stlouisfed.org/series/DEXJPUS
2021-10-22,엔/달러,113.54,https://fred.stlouisfed.org/series/DEXJPUS
2021-10-25,엔/달러,113.7,https://fred.stlouisfed.org/series/DEXJPUS
2021-10-26,엔/달러,114.19,https://fred.stlouisfed.org/series/DEXJPUS
2021-10-27,엔/달러,113.75,https://fred.stlouisfed.org/series/DEXJPUS
2021-10-28,엔/달러,113.38,https://fred.stlouisfed.org/series/DEXJPUS
2021-10-29,엔/달러,114.03,https://fred.stlouisfed.org/series/DEXJPUS
2021-11-01,엔/달러,114.19,https://fred.stlouisfed.org/series/DEXJPUS
2021-11-02,엔/달러,113.78,https://fred.stlouisfed.org/series/DEXJPUS
2021-11-03,엔/달러,114.06,https://fred.stlouisfed.org/series/DEXJPUS
2021-11-04,엔/달러,113.63,https://fred.stlouisfed.org/series/DEXJPUS
2021-11-05,엔/달러,113.45,https://fred.stlouisfed.org/series/DEXJPUS
2021-11-08,엔/달러,113.15,https://fred.stlouisfed.org/series/DEXJPUS
2021-11-09,엔/달러,112.87,https://fred.stlouisfed.org/series/DEXJPUS
2021-11-10,엔/달러,113.89,https://fred.stlouisfed.org/series/DEXJPUS
2021-11-12,엔/달러,113.9,https://fred.stlouisfed.org/series/DEXJPUS
2021-11-15,엔/달러,113.96,https://fred.stlouisfed.org/series/DEXJPUS
2021-11-16,엔/달러,114.62,https://fred.stlouisfed.org/series/DEXJPUS
2021-11-17,엔/달러,114.33,https://fred.stlouisfed.org/series/DEXJPUS
2021-11-18,엔/달러,114.22,https://fred.stlouisfed.org/series/DEXJPUS
2021-11-19,엔/달러,113.81,https://fred.stlouisfed.org/series/DEXJPUS
2021-11-22,엔/달러,114.69,https://fred.stlouisfed.org/series/DEXJPUS
2021-11-23,엔/달러,114.98,https://fred.stlouisfed.org/series/DEXJPUS
2021-11-24,엔/달러,115.34,https://fred.stlouisfed.org/series/DEXJPUS
2021-11-26,엔/달러,113.46,https://fred.stlouisfed.org/series/DEXJPUS
2021-11-29,엔/달러,113.75,https://fred.stlouisfed.org/series/DEXJPUS
2021-11-30,엔/달러,113.22,https://fred.stlouisfed.org/series/DEXJPUS
2021-12-01,엔/달러,112.82,https://fred.stlouisfed.org/series/DEXJPUS
2021-12-02,엔/달러,113.1,https://fred.stlouisfed.org/series/DEXJPUS
2021-12-03,엔/달러,112.88,https://fred.stlouisfed.org/series/DEXJPUS
2021-12-06,엔/달러,113.31,https://fred.stlouisfed.org/series/DEXJPUS
2021-12-07,엔/달러,113.61,https://fred.stlouisfed.org/series/DEXJPUS
2021-12-08,엔/달러,113.83,https://fred.stlouisfed.org/series/DEXJPUS
2021-12-09,엔/달러,113.53,https://fred.stlouisfed.org/series/DEXJPUS
2021-12-10,엔/달러,113.36,https://fred.stlouisfed.org/series/DEXJPUS
2021-12-13,엔/달러,113.42,https://fred.stlouisfed.org/series/DEXJPUS
2021-12-14,엔/달러,113.63,https://fred.stlouisfed.org/series/DEXJPUS
2021-12-15,엔/달러,113.83,https://fred.stlouisfed.org/series/DEXJPUS
2021-12-16,엔/달러,113.67,https://fred.stlouisfed.org/series/DEXJPUS
2021-12-17,엔/달러,113.56,https://fred.stlouisfed.org/series/DEXJPUS
2021-12-20,엔/달러,113.45,https://fred.stlouisfed.org/series/DEXJPUS
2021-12-21,엔/달러,114.11,https://fred.stlouisfed.org/series/DEXJPUS
2021-12-22,엔/달러,114.22,https://fred.stlouisfed.org/series/DEXJPUS
2021-12-23,엔/달러,114.42,https://fred.stlouisfed.org/series/DEXJPUS
2021-12-27,엔/달러,114.85,https://fred.stlouisfed.org/series/DEXJPUS
2021-12-28,엔/달러,114.75,https://fred.stlouisfed.org/series/DEXJPUS
2021-12-29,엔/달러,114.97,https://fred.stlouisfed.org/series/DEXJPUS
2021-12-30,엔/달러,115.17,https://fred.stlouisfed.org/series/DEXJPUS
2022-01-03,엔/달러,115.27,https://fred.stlouisfed.org/series/DEXJPUS
2022-01-04,엔/달러,116.12,https://fred.stlouisfed.org/series/DEXJPUS
2022-01-05,엔/달러,115.91,https://fred.stlouisfed.org/series/DEXJPUS
2022-01-06,엔/달러,115.78,https://fred.stlouisfed.org/series/DEXJPUS
2022-01-07,엔/달러,115.61,https://fred.stlouisfed.org/series/DEXJPUS
2022-01-10,엔/달러,115.14,https://fred.stlouisfed.org/series/DEXJPUS
2022-01-11,엔/달러,115.38,https://fred.stlouisfed.org/series/DEXJPUS
2022-01-12,엔/달러,114.74,https://fred.stlouisfed.org/series/DEXJPUS
2022-01-13,엔/달러,114.06,https://fred.stlouisfed.org/series/DEXJPUS
2022-01-14,엔/달러,113.89,https://fred.stlouisfed.org/series/DEXJPUS
2022-01-18,엔/달러,114.6,https://fred.stlouisfed.org/series/DEXJPUS
2022-01-19,엔/달러,114.28,https://fred.stlouisfed.org/series/DEXJPUS
2022-01-20,엔/달러,114.08,https://fred.stlouisfed.org/series/DEXJPUS
2022-01-21,엔/달러,113.72,https://fred.stlouisfed.org/series/DEXJPUS
2022-01-24,엔/달러,113.82,https://fred.stlouisfed.org/series/DEXJPUS
2022-01-25,엔/달러,113.88,https://fred.stlouisfed.org/series/DEXJPUS
2022-01-26,엔/달러,114.33,https://fred.stlouisfed.org/series/DEXJPUS
2022-01-27,엔/달러,115.47,https://fred.stlouisfed.org/series/DEXJPUS
2022-01-28,엔/달러,115.21,https://fred.stlouisfed.org/series/DEXJPUS
2022-01-31,엔/달러,115.22,https://fred.stlouisfed.org/series/DEXJPUS
2022-02-01,엔/달러,114.77,https://fred.stlouisfed.org/series/DEXJPUS
2022-02-02,엔/달러,114.36,https://fred.stlouisfed.org/series/DEXJPUS
2022-02-03,엔/달러,114.88,https://fred.stlouisfed.org/series/DEXJPUS
2022-02-04,엔/달러,115.22,https://fred.stlouisfed.org/series/DEXJPUS
2022-02-07,엔/달러,115.09,https://fred.stlouisfed.org/series/DEXJPUS
2022-02-08,엔/달러,115.62,https://fred.stlouisfed.org/series/DEXJPUS
2022-02-09,엔/달러,115.44,https://fred.stlouisfed.org/series/DEXJPUS
2022-02-10,엔/달러,115.84,https://fred.stlouisfed.org/series/DEXJPUS
2022-02-11,엔/달러,115.91,https://fred.stlouisfed.org/series/DEXJPUS
2022-02-14,엔/달러,115.72,https://fred.stlouisfed.org/series/DEXJPUS
2022-02-15,엔/달러,115.64,https://fred.stlouisfed.org/series/DEXJPUS
2022-02-16,엔/달러,115.41,https://fred.stlouisfed.org/series/DEXJPUS
2022-02-17,엔/달러,115.03,https://fred.stlouisfed.org/series/DEXJPUS
2022-02-18,엔/달러,115.08,https://fred.stlouisfed.org/series/DEXJPUS
2022-02-22,엔/달러,114.94,https://fred.stlouisfed.org/series/DEXJPUS
2022-02-23,엔/달러,115.12,https://fred.stlouisfed.org/series/DEXJPUS
2022-02-24,엔/달러,115.45,https://fred.stlouisfed.org/series/DEXJPUS
2022-02-25,엔/달러,115.62,https://fred.stlouisfed.org/series/DEXJPUS
2022-02-28,엔/달러,115.11,https://fred.stlouisfed.org/series/DEXJPUS
2022-03-01,엔/달러,114.87,https://fred.stlouisfed.org/series/DEXJPUS
2022-03-02,엔/달러,115.59,https://fred.stlouisfed.org/series/DEXJPUS
2022-03-03,엔/달러,115.67,https://fred.stlouisfed.org/series/DEXJPUS
2022-03-04,엔/달러,114.65,https://fred.stlouisfed.org/series/DEXJPUS
2022-03-07,엔/달러,115.41,https://fred.stlouisfed.org/series/DEXJPUS
2022-03-08,엔/달러,115.64,https://fred.stlouisfed.org/series/DEXJPUS
2022-03-09,엔/달러,115.87,https://fred.stlouisfed.org/series/DEXJPUS
2022-03-10,엔/달러,116.05,https://fred.stlouisfed.org/series/DEXJPUS
2022-03-11,엔/달러,117.08,https://fred.stlouisfed.org/series/DEXJPUS
2022-03-14,엔/달러,118.0,https://fred.stlouisfed.org/series/DEXJPUS
2022-03-15,엔/달러,118.19,https://fred.stlouisfed.org/series/DEXJPUS
2022-03-16,엔/달러,118.48,https://fred.stlouisfed.org/series/DEXJPUS
2022-03-17,엔/달러,118.45,https://fred.stlouisfed.org/series/DEXJPUS
2022-03-18,엔/달러,119.17,https://fred.stlouisfed.org/series/DEXJPUS
2022-03-21,엔/달러,119.15,https://fred.stlouisfed.org/series/DEXJPUS
2022-03-22,엔/달러,120.66,https://fred.stlouisfed.org/series/DEXJPUS
2022-03-23,엔/달러,121.02,https://fred.stlouisfed.org/series/DEXJPUS
2022-03-24,엔/달러,122.08,https://fred.stlouisfed.org/series/DEXJPUS
2022-03-25,엔/달러,121.98,https://fred.stlouisfed.org/series/DEXJPUS
2022-03-28,엔/달러,123.25,https://fred.stlouisfed.org/series/DEXJPUS
2022-03-29,엔/달러,122.61,https://fred.stlouisfed.org/series/DEXJPUS
2022-03-30,엔/달러,121.97,https://fred.stlouisfed.org/series/DEXJPUS
2022-03-31,엔/달러,121.44,https://fred.stlouisfed.org/series/DEXJPUS
2022-04-01,엔/달러,122.6,https://fred.stlouisfed.org/series/DEXJPUS
2022-04-04,엔/달러,122.7,https://fred.stlouisfed.org/series/DEXJPUS
2022-04-05,엔/달러,123.48,https://fred.stlouisfed.org/series/DEXJPUS
2022-04-06,엔/달러,123.7,https://fred.stlouisfed.org/series/DEXJPUS
2022-04-07,엔/달러,123.8,https://fred.stlouisfed.org/series/DEXJPUS
2022-04-08,엔/달러,124.31,https://fred.stlouisfed.org/series/DEXJPUS
2022-04-11,엔/달러,125.55,https://fred.stlouisfed.org/series/DEXJPUS
2022-04-12,엔/달러,125.25,https://fred.stlouisfed.org/series/DEXJPUS
2022-04-13,엔/달러,125.51,https://fred.stlouisfed.org/series/DEXJPUS
2022-04-14,엔/달러,125.92,https://fred.stlouisfed.org/series/DEXJPUS
2022-04-15,엔/달러,126.31,https://fred.stlouisfed.org/series/DEXJPUS
2022-04-18,엔/달러,126.77,https://fred.stlouisfed.org/series/DEXJPUS
2022-04-19,엔/달러,128.55,https://fred.stlouisfed.org/series/DEXJPUS
2022-04-20,엔/달러,127.76,https://fred.stlouisfed.org/series/DEXJPUS
2022-04-21,엔/달러,128.62,https://fred.stlouisfed.org/series/DEXJPUS
2022-04-22,엔/달러,128.78,https://fred.stlouisfed.org/series/DEXJPUS
2022-04-25,엔/달러,127.66,https://fred.stlouisfed.org/series/DEXJPUS
2022-04-26,엔/달러,127.37,https://fred.stlouisfed.org/series/DEXJPUS
2022-04-27,엔/달러,128.44,https://fred.stlouisfed.org/series/DEXJPUS
2022-04-28,엔/달러,130.94,https://fred.stlouisfed.org/series/DEXJPUS
2022-04-29,엔/달러,129.84,https://fred.stlouisfed.org/series/DEXJPUS
2022-05-02,엔/달러,130.18,https://fred.stlouisfed.org/series/DEXJPUS
2022-05-03,엔/달러,130.09,https://fred.stlouisfed.org/series/DEXJPUS
2022-05-04,엔/달러,129.97,https://fred.stlouisfed.org/series/DEXJPUS
2022-05-05,엔/달러,130.41,https://fred.stlouisfed.org/series/DEXJPUS
2022-05-06,엔/달러,130.35,https://fred.stlouisfed.org/series/DEXJPUS
2022-05-09,엔/달러,130.37,https://fred.stlouisfed.org/series/DEXJPUS
2022-05-10,엔/달러,130.21,https://fred.stlouisfed.org/series/DEXJPUS
2022-05-11,엔/달러,130.2,https://fred.stlouisfed.org/series/DEXJPUS
2022-05-12,엔/달러,128.1,https://fred.stlouisfed.org/series/DEXJPUS
2022-05-13,엔/달러,129.23,https://fred.stlouisfed.org/series/DEXJPUS
2022-05-16,엔/달러,129.15,https://fred.stlouisfed.org/series/DEXJPUS
2022-05-17,엔/달러,129.31,https://fred.stlouisfed.org/series/DEXJPUS
2022-05-18,엔/달러,128.22,https://fred.stlouisfed.org/series/DEXJPUS
2022-05-19,엔/달러,127.62,https://fred.stlouisfed.org/series/DEXJPUS
2022-05-20,엔/달러,127.86,https://fred.stlouisfed.org/series/DEXJPUS
2022-05-23,엔/달러,127.78,https://fred.stlouisfed.org/series/DEXJPUS
2022-05-24,엔/달러,126.56,https://fred.stlouisfed.org/series/DEXJPUS
2022-05-25,엔/달러,127.31,https://fred.stlouisfed.org/series/DEXJPUS
2022-05-26,엔/달러,127.23,https://fred.stlouisfed.org/series/DEXJPUS
2022-05-27,엔/달러,127.14,https://fred.stlouisfed.org/series/DEXJPUS
2022-05-31,엔/달러,128.53,https://fred.stlouisfed.org/series/DEXJPUS
2022-06-01,엔/달러,130.09,https://fred.stlouisfed.org/series/DEXJPUS
2022-06-02,엔/달러,129.83,https://fred.stlouisfed.org/series/DEXJPUS
2022-06-03,엔/달러,130.71,https://fred.stlouisfed.org/series/DEXJPUS
2022-06-06,엔/달러,131.55,https://fred.stlouisfed.org/series/DEXJPUS
2022-06-07,엔/달러,132.53,https://fred.stlouisfed.org/series/DEXJPUS
2022-06-08,엔/달러,134.06,https://fred.stlouisfed.org/series/DEXJPUS
2022-06-09,엔/달러,134.06,https://fred.stlouisfed.org/series/DEXJPUS
2022-06-10,엔/달러,134.19,https://fred.stlouisfed.org/series/DEXJPUS
2022-06-13,엔/달러,134.12,https://fred.stlouisfed.org/series/DEXJPUS
2022-06-14,엔/달러,134.89,https://fred.stlouisfed.org/series/DEXJPUS
2022-06-15,엔/달러,134.5,https://fred.stlouisfed.org/series/DEXJPUS
2022-06-16,엔/달러,131.65,https://fred.stlouisfed.org/series/DEXJPUS
2022-06-17,엔/달러,135.14,https://fred.stlouisfed.org/series/DEXJPUS
2022-06-21,엔/달러,136.25,https://fred.stlouisfed.org/series/DEXJPUS
2022-06-22,엔/달러,136.05,https://fred.stlouisfed.org/series/DEXJPUS
2022-06-23,엔/달러,134.72,https://fred.stlouisfed.org/series/DEXJPUS
2022-06-24,엔/달러,135.22,https://fred.stlouisfed.org/series/DEXJPUS
2022-06-27,엔/달러,135.26,https://fred.stlouisfed.org/series/DEXJPUS
2022-06-28,엔/달러,136.19,https://fred.stlouisfed.org/series/DEXJPUS
2022-06-29,엔/달러,136.5,https://fred.stlouisfed.org/series/DEXJPUS
2022-06-30,엔/달러,135.69,https://fred.stlouisfed.org/series/DEXJPUS
2022-07-01,엔/달러,135.09,https://fred.stlouisfed.org/series/DEXJPUS
2022-07-05,엔/달러,135.72,https://fred.stlouisfed.org/series/DEXJPUS
2022-07-06,엔/달러,135.66,https://fred.stlouisfed.org/series/DEXJPUS
2022-07-07,엔/달러,135.99,https://fred.stlouisfed.org/series/DEXJPUS
2022-07-08,엔/달러,136.16,https://fred.stlouisfed.org/series/DEXJPUS
2022-07-11,엔/달러,137.29,https://fred.stlouisfed.org/series/DEXJPUS
2022-07-12,엔/달러,136.68,https://fred.stlouisfed.org/series/DEXJPUS
2022-07-13,엔/달러,137.34,https://fred.stlouisfed.org/series/DEXJPUS
2022-07-14,엔/달러,138.94,https://fred.stlouisfed.org/series/DEXJPUS
2022-07-15,엔/달러,138.57,https://fred.stlouisfed.org/series/DEXJPUS
2022-07-18,엔/달러,138.23,https://fred.stlouisfed.org/series/DEXJPUS
2022-07-19,엔/달러,137.94,https://fred.stlouisfed.org/series/DEXJPUS
2022-07-20,엔/달러,138.16,https://fred.stlouisfed.org/series/DEXJPUS
2022-07-21,엔/달러,137.94,https://fred.stlouisfed.org/series/DEXJPUS
2022-07-22,엔/달러,136.12,https://fred.stlouisfed.org/series/DEXJPUS
2022-07-25,엔/달러,136.72,https://fred.stlouisfed.org/series/DEXJPUS
2022-07-26,엔/달러,136.62,https://fred.stlouisfed.org/series/DEXJPUS
2022-07-27,엔/달러,137.31,https://fred.stlouisfed.org/series/DEXJPUS
2022-07-28,엔/달러,134.45,https://fred.stlouisfed.org/series/DEXJPUS
2022-07-29,엔/달러,133.25,https://fred.stlouisfed.org/series/DEXJPUS
2022-08-01,엔/달러,131.8,https://fred.stlouisfed.org/series/DEXJPUS
2022-08-02,엔/달러,132.32,https://fred.stlouisfed.org/series/DEXJPUS
2022-08-03,엔/달러,134.18,https://fred.stlouisfed.org/series/DEXJPUS
2022-08-04,엔/달러,133.28,https://fred.stlouisfed.org/series/DEXJPUS
2022-08-05,엔/달러,135.33,https://fred.stlouisfed.org/series/DEXJPUS
2022-08-08,엔/달러,134.73,https://fred.stlouisfed.org/series/DEXJPUS
2022-08-09,엔/달러,134.95,https://fred.stlouisfed.org/series/DEXJPUS
2022-08-10,엔/달러,132.58,https://fred.stlouisfed.org/series/DEXJPUS
2022-08-11,엔/달러,132.66,https://fred.stlouisfed.org/series/DEXJPUS
2022-08-12,엔/달러,133.57,https://fred.stlouisfed.org/series/DEXJPUS
2022-08-15,엔/달러,133.13,https://fred.stlouisfed.org/series/DEXJPUS
2022-08-16,엔/달러,134.38,https://fred.stlouisfed.org/series/DEXJPUS
2022-08-17,엔/달러,135.4,https://fred.stlouisfed.org/series/DEXJPUS
2022-08-18,엔/달러,135.29,https://fred.stlouisfed.org/series/DEXJPUS
2022-08-19,엔/달러,137.01,https://fred.stlouisfed.org/series/DEXJPUS
2022-08-22,엔/달러,137.57,https://fred.stlouisfed.org/series/DEXJPUS
2022-08-23,엔/달러,136.36,https://fred.stlouisfed.org/series/DEXJPUS
2022-08-24,엔/달러,136.92,https://fred.stlouisfed.org/series/DEXJPUS
2022-08-25,엔/달러,136.83,https://fred.stlouisfed.org/series/DEXJPUS
2022-08-26,엔/달러,137.07,https://fred.stlouisfed.org/series/DEXJPUS
2022-08-29,엔/달러,138.74,https://fred.stlouisfed.org/series/DEXJPUS
2022-08-30,엔/달러,138.73,https://fred.stlouisfed.org/series/DEXJPUS
2022-08-31,엔/달러,138.69,https://fred.stlouisfed.org/series/DEXJPUS
2022-09-01,엔/달러,139.93,https://fred.stlouisfed.org/series/DEXJPUS
2022-09-02,엔/달러,140.03,https://fred.stlouisfed.org/series/DEXJPUS
2022-09-06,엔/달러,142.95,https://fred.stlouisfed.org/series/DEXJPUS
2022-09-07,엔/달러,144.39,https://fred.stlouisfed.org/series/DEXJPUS
2022-09-08,엔/달러,144.05,https://fred.stlouisfed.org/series/DEXJPUS
2022-09-09,엔/달러,142.44,https://fred.stlouisfed.org/series/DEXJPUS
2022-09-12,엔/달러,142.41,https://fred.stlouisfed.org/series/DEXJPUS
2022-09-13,엔/달러,144.3,https://fred.stlouisfed.org/series/DEXJPUS
2022-09-14,엔/달러,142.93,https://fred.stlouisfed.org/series/DEXJPUS
2022-09-15,엔/달러,143.57,https://fred.stlouisfed.org/series/DEXJPUS
2022-09-16,엔/달러,143.04,https://fred.stlouisfed.org/series/DEXJPUS
2022-09-19,엔/달러,143.34,https://fred.stlouisfed.org/series/DEXJPUS
2022-09-20,엔/달러,143.64,https://fred.stlouisfed.org/series/DEXJPUS
2022-09-21,엔/달러,144.14,https://fred.stlouisfed.org/series/DEXJPUS
2022-09-22,엔/달러,142.16,https://fred.stlouisfed.org/series/DEXJPUS
2022-09-23,엔/달러,143.18,https://fred.stlouisfed.org/series/DEXJPUS
2022-09-26,엔/달러,144.45,https://fred.stlouisfed.org/series/DEXJPUS
2022-09-27,엔/달러,144.71,https://fred.stlouisfed.org/series/DEXJPUS
2022-09-28,엔/달러,144.15,https://fred.stlouisfed.org/series/DEXJPUS
2022-09-29,엔/달러,144.45,https://fred.stlouisfed.org/series/DEXJPUS
2022-09-30,엔/달러,144.71,https://fred.stlouisfed.org/series/DEXJPUS
2022-10-03,엔/달러,144.5,https://fred.stlouisfed.org/series/DEXJPUS
2022-10-04,엔/달러,144.32,https://fred.stlouisfed.org/series/DEXJPUS
2022-10-05,엔/달러,144.73,https://fred.stlouisfed.org/series/DEXJPUS
2022-10-06,엔/달러,144.94,https://fred.stlouisfed.org/series/DEXJPUS
2022-10-07,엔/달러,145.19,https://fred.stlouisfed.org/series/DEXJPUS
2022-10-11,엔/달러,145.55,https://fred.stlouisfed.org/series/DEXJPUS
2022-10-12,엔/달러,146.87,https://fred.stlouisfed.org/series/DEXJPUS
2022-10-13,엔/달러,147.15,https://fred.stlouisfed.org/series/DEXJPUS
2022-10-14,엔/달러,148.46,https://fred.stlouisfed.org/series/DEXJPUS
2022-10-17,엔/달러,148.71,https://fred.stlouisfed.org/series/DEXJPUS
2022-10-18,엔/달러,149.23,https://fred.stlouisfed.org/series/DEXJPUS
2022-10-19,엔/달러,149.77,https://fred.stlouisfed.org/series/DEXJPUS
2022-10-20,엔/달러,149.82,https://fred.stlouisfed.org/series/DEXJPUS
2022-10-21,엔/달러,146.35,https://fred.stlouisfed.org/series/DEXJPUS
2022-10-24,엔/달러,148.76,https://fred.stlouisfed.org/series/DEXJPUS
2022-10-25,엔/달러,147.85,https://fred.stlouisfed.org/series/DEXJPUS
2022-10-26,엔/달러,146.5,https://fred.stlouisfed.org/series/DEXJPUS
2022-10-27,엔/달러,146.02,https://fred.stlouisfed.org/series/DEXJPUS
2022-10-28,엔/달러,147.68,https://fred.stlouisfed.org/series/DEXJPUS
2022-10-31,엔/달러,148.63,https://fred.stlouisfed.org/series/DEXJPUS
2022-11-01,엔/달러,148.11,https://fred.stlouisfed.org/series/DEXJPUS
2022-11-02,엔/달러,147.11,https://fred.stlouisfed.org/series/DEXJPUS
2022-11-03,엔/달러,148.18,https://fred.stlouisfed.org/series/DEXJPUS
2022-11-04,엔/달러,147.22,https://fred.stlouisfed.org/series/DEXJPUS
2022-11-07,엔/달러,146.64,https://fred.stlouisfed.org/series/DEXJPUS
2022-11-08,엔/달러,145.38,https://fred.stlouisfed.org/series/DEXJPUS
2022-11-09,엔/달러,146.15,https://fred.stlouisfed.org/series/DEXJPUS
2022-11-10,엔/달러,141.78,https://fred.stlouisfed.org/series/DEXJPUS
2022-11-14,엔/달러,140.43,https://fred.stlouisfed.org/series/DEXJPUS
2022-11-15,엔/달러,139.36,https://fred.stlouisfed.org/series/DEXJPUS
2022-11-16,엔/달러,139.59,https://fred.stlouisfed.org/series/DEXJPUS
2022-11-17,엔/달러,140.45,https://fred.stlouisfed.org/series/DEXJPUS
2022-11-18,엔/달러,140.03,https://fred.stlouisfed.org/series/DEXJPUS
2022-11-21,엔/달러,141.95,https://fred.stlouisfed.org/series/DEXJPUS
2022-11-22,엔/달러,141.29,https://fred.stlouisfed.org/series/DEXJPUS
2022-11-23,엔/달러,139.76,https://fred.stlouisfed.org/series/DEXJPUS
2022-11-25,엔/달러,139.21,https://fred.stlouisfed.org/series/DEXJPUS
2022-11-28,엔/달러,138.67,https://fred.stlouisfed.org/series/DEXJPUS
2022-11-29,엔/달러,138.28,https://fred.stlouisfed.org/series/DEXJPUS
2022-11-30,엔/달러,139.31,https://fred.stlouisfed.org/series/DEXJPUS
2022-12-01,엔/달러,135.55,https://fred.stlouisfed.org/series/DEXJPUS
2022-12-02,엔/달러,134.89,https://fred.stlouisfed.org/series/DEXJPUS
2022-12-05,엔/달러,136.55,https://fred.stlouisfed.org/series/DEXJPUS
2022-12-06,엔/달러,136.67,https://fred.stlouisfed.org/series/DEXJPUS
2022-12-07,엔/달러,136.57,https://fred.stlouisfed.org/series/DEXJPUS
2022-12-08,엔/달러,136.45,https://fred.stlouisfed.org/series/DEXJPUS
2022-12-09,엔/달러,136.4,https://fred.stlouisfed.org/series/DEXJPUS
2022-12-12,엔/달러,137.47,https://fred.stlouisfed.org/series/DEXJPUS
2022-12-13,엔/달러,135.14,https://fred.stlouisfed.org/series/DEXJPUS
2022-12-14,엔/달러,134.95,https://fred.stlouisfed.org/series/DEXJPUS
2022-12-15,엔/달러,137.92,https://fred.stlouisfed.org/series/DEXJPUS
2022-12-16,엔/달러,136.55,https://fred.stlouisfed.org/series/DEXJPUS
2022-12-19,엔/달러,136.87,https://fred.stlouisfed.org/series/DEXJPUS
2022-12-20,엔/달러,131.08,https://fred.stlouisfed.org/series/DEXJPUS
2022-12-21,엔/달러,132.36,https://fred.stlouisfed.org/series/DEXJPUS
2022-12-22,엔/달러,132.34,https://fred.stlouisfed.org/series/DEXJPUS
2022-12-23,엔/달러,132.78,https://fred.stlouisfed.org/series/DEXJPUS
2022-12-27,엔/달러,133.43,https://fred.stlouisfed.org/series/DEXJPUS
2022-12-28,엔/달러,134.27,https://fred.stlouisfed.org/series/DEXJPUS
2022-12-29,엔/달러,133.16,https://fred.stlouisfed.org/series/DEXJPUS
2022-12-30,엔/달러,131.81,https://fred.stlouisfed.org/series/DEXJPUS
2023-01-03,엔/달러,130.83,https://fred.stlouisfed.org/series/DEXJPUS
2023-01-04,엔/달러,132.0,https://fred.stlouisfed.org/series/DEXJPUS
2023-01-05,엔/달러,133.57,https://fred.stlouisfed.org/series/DEXJPUS
2023-01-06,엔/달러,132.21,https://fred.stlouisfed.org/series/DEXJPUS
2023-01-09,엔/달러,131.58,https://fred.stlouisfed.org/series/DEXJPUS
2023-01-10,엔/달러,132.25,https://fred.stlouisfed.org/series/DEXJPUS
2023-01-11,엔/달러,132.58,https://fred.stlouisfed.org/series/DEXJPUS
2023-01-12,엔/달러,129.75,https://fred.stlouisfed.org/series/DEXJPUS
2023-01-13,엔/달러,127.85,https://fred.stlouisfed.org/series/DEXJPUS
2023-01-17,엔/달러,128.18,https://fred.stlouisfed.org/series/DEXJPUS
2023-01-18,엔/달러,128.45,https://fred.stlouisfed.org/series/DEXJPUS
2023-01-19,엔/달러,128.48,https://fred.stlouisfed.org/series/DEXJPUS
2023-01-20,엔/달러,129.97,https://fred.stlouisfed.org/series/DEXJPUS
2023-01-23,엔/달러,130.69,https://fred.stlouisfed.org/series/DEXJPUS
2023-01-24,엔/달러,130.07,https://fred.stlouisfed.org/series/DEXJPUS
2023-01-25,엔/달러,129.64,https://fred.stlouisfed.org/series/DEXJPUS
2023-01-26,엔/달러,130.4,https://fred.stlouisfed.org/series/DEXJPUS
2023-01-27,엔/달러,129.94,https://fred.stlouisfed.org/series/DEXJPUS
2023-01-30,엔/달러,130.34,https://fred.stlouisfed.org/series/DEXJPUS
2023-01-31,엔/달러,130.17,https://fred.stlouisfed.org/series/DEXJPUS
2023-02-01,엔/달러,129.27,https://fred.stlouisfed.org/series/DEXJPUS
2023-02-02,엔/달러,128.45,https://fred.stlouisfed.org/series/DEXJPUS
2023-02-03,엔/달러,131.07,https://fred.stlouisfed.org/series/DEXJPUS
2023-02-06,엔/달러,132.76,https://fred.stlouisfed.org/series/DEXJPUS
2023-02-07,엔/달러,131.37,https://fred.stlouisfed.org/series/DEXJPUS
2023-02-08,엔/달러,131.27,https://fred.stlouisfed.org/series/DEXJPUS
2023-02-09,엔/달러,130.98,https://fred.stlouisfed.org/series/DEXJPUS
2023-02-10,엔/달러,131.5,https://fred.stlouisfed.org/series/DEXJPUS
2023-02-13,엔/달러,132.71,https://fred.stlouisfed.org/series/DEXJPUS
2023-02-14,엔/달러,133.05,https://fred.stlouisfed.org/series/DEXJPUS
2023-02-15,엔/달러,134.22,https://fred.stlouisfed.org/series/DEXJPUS
2023-02-16,엔/달러,133.95,https://fred.stlouisfed.org/series/DEXJPUS
2023-02-17,엔/달러,134.21,https://fred.stlouisfed.org/series/DEXJPUS
2023-02-21,엔/달러,134.87,https://fred.stlouisfed.org/series/DEXJPUS
2023-02-22,엔/달러,134.77,https://fred.stlouisfed.org/series/DEXJPUS
2023-02-23,엔/달러,134.8,https://fred.stlouisfed.org/series/DEXJPUS
2023-02-24,엔/달러,136.36,https://fred.stlouisfed.org/series/DEXJPUS
2023-02-27,엔/달러,136.18,https://fred.stlouisfed.org/series/DEXJPUS
2023-02-28,엔/달러,136.09,https://fred.stlouisfed.org/series/DEXJPUS
2023-03-01,엔/달러,135.82,https://fred.stlouisfed.org/series/DEXJPUS
2023-03-02,엔/달러,136.84,https://fred.stlouisfed.org/series/DEXJPUS
2023-03-03,엔/달러,136.09,https://fred.stlouisfed.org/series/DEXJPUS
2023-03-06,엔/달러,135.93,https://fred.stlouisfed.org/series/DEXJPUS
2023-03-07,엔/달러,136.9,https://fred.stlouisfed.org/series/DEXJPUS
2023-03-08,엔/달러,137.18,https://fred.stlouisfed.org/series/DEXJPUS
2023-03-09,엔/달러,136.41,https://fred.stlouisfed.org/series/DEXJPUS
2023-03-10,엔/달러,135.05,https://fred.stlouisfed.org/series/DEXJPUS
2023-03-13,엔/달러,133.13,https://fred.stlouisfed.org/series/DEXJPUS
2023-03-14,엔/달러,134.33,https://fred.stlouisfed.org/series/DEXJPUS
2023-03-15,엔/달러,132.81,https://fred.stlouisfed.org/series/DEXJPUS
2023-03-16,엔/달러,133.01,https://fred.stlouisfed.org/series/DEXJPUS
2023-03-17,엔/달러,132.01,https://fred.stlouisfed.org/series/DEXJPUS
2023-03-20,엔/달러,131.59,https://fred.stlouisfed.org/series/DEXJPUS
2023-03-21,엔/달러,132.27,https://fred.stlouisfed.org/series/DEXJPUS
2023-03-22,엔/달러,132.67,https://fred.stlouisfed.org/series/DEXJPUS
2023-03-23,엔/달러,130.99,https://fred.stlouisfed.org/series/DEXJPUS
2023-03-24,엔/달러,130.64,https://fred.stlouisfed.org/series/DEXJPUS
2023-03-27,엔/달러,131.49,https://fred.stlouisfed.org/series/DEXJPUS
2023-03-28,엔/달러,130.97,https://fred.stlouisfed.org/series/DEXJPUS
2023-03-29,엔/달러,132.69,https://fred.stlouisfed.org/series/DEXJPUS
2023-03-30,엔/달러,132.71,https://fred.stlouisfed.org/series/DEXJPUS
2023-03-31,엔/달러,132.75,https://fred.stlouisfed.org/series/DEXJPUS
2023-04-03,엔/달러,132.35,https://fred.stlouisfed.org/series/DEXJPUS
2023-04-04,엔/달러,131.6,https://fred.stlouisfed.org/series/DEXJPUS
2023-04-05,엔/달러,131.11,https://fred.stlouisfed.org/series/DEXJPUS
2023-04-06,엔/달러,131.67,https://fred.stlouisfed.org/series/DEXJPUS
2023-04-07,엔/달러,132.11,https://fred.stlouisfed.org/series/DEXJPUS
2023-04-10,엔/달러,133.75,https://fred.stlouisfed.org/series/DEXJPUS
2023-04-11,엔/달러,133.63,https://fred.stlouisfed.org/series/DEXJPUS
2023-04-12,엔/달러,133.25,https://fred.stlouisfed.org/series/DEXJPUS
2023-04-13,엔/달러,132.37,https://fred.stlouisfed.org/series/DEXJPUS
2023-04-14,엔/달러,133.74,https://fred.stlouisfed.org/series/DEXJPUS
2023-04-17,엔/달러,134.51,https://fred.stlouisfed.org/series/DEXJPUS
2023-04-18,엔/달러,134.11,https://fred.stlouisfed.org/series/DEXJPUS
2023-04-19,엔/달러,134.79,https://fred.stlouisfed.org/series/DEXJPUS
2023-04-20,엔/달러,134.1,https://fred.stlouisfed.org/series/DEXJPUS
2023-04-21,엔/달러,134.28,https://fred.stlouisfed.org/series/DEXJPUS
2023-04-24,엔/달러,134.41,https://fred.stlouisfed.org/series/DEXJPUS
2023-04-25,엔/달러,133.96,https://fred.stlouisfed.org/series/DEXJPUS
2023-04-26,엔/달러,133.72,https://fred.stlouisfed.org/series/DEXJPUS
2023-04-27,엔/달러,134.04,https://fred.stlouisfed.org/series/DEXJPUS
2023-04-28,엔/달러,135.99,https://fred.stlouisfed.org/series/DEXJPUS
2023-05-01,엔/달러,137.35,https://fred.stlouisfed.org/series/DEXJPUS
2023-05-02,엔/달러,136.46,https://fred.stlouisfed.org/series/DEXJPUS
2023-05-03,엔/달러,135.31,https://fred.stlouisfed.org/series/DEXJPUS
2023-05-04,엔/달러,133.76,https://fred.stlouisfed.org/series/DEXJPUS
2023-05-05,엔/달러,134.85,https://fred.stlouisfed.org/series/DEXJPUS
2023-05-08,엔/달러,134.83,https://fred.stlouisfed.org/series/DEXJPUS
2023-05-09,엔/달러,135.15,https://fred.stlouisfed.org/series/DEXJPUS
2023-05-10,엔/달러,134.52,https://fred.stlouisfed.org/series/DEXJPUS
2023-05-11,엔/달러,134.46,https://fred.stlouisfed.org/series/DEXJPUS
2023-05-12,엔/달러,135.63,https://fred.stlouisfed.org/series/DEXJPUS
2023-05-15,엔/달러,136.07,https://fred.stlouisfed.org/series/DEXJPUS
2023-05-16,엔/달러,136.62,https://fred.stlouisfed.org/series/DEXJPUS
2023-05-17,엔/달러,137.51,https://fred.stlouisfed.org/series/DEXJPUS
2023-05-18,엔/달러,138.5,https://fred.stlouisfed.org/series/DEXJPUS
2023-05-19,엔/달러,137.67,https://fred.stlouisfed.org/series/DEXJPUS
2023-05-22,엔/달러,138.65,https://fred.stlouisfed.org/series/DEXJPUS
2023-05-23,엔/달러,138.74,https://fred.stlouisfed.org/series/DEXJPUS
2023-05-24,엔/달러,139.14,https://fred.stlouisfed.org/series/DEXJPUS
2023-05-25,엔/달러,139.81,https://fred.stlouisfed.org/series/DEXJPUS
2023-05-26,엔/달러,140.53,https://fred.stlouisfed.org/series/DEXJPUS
2023-05-30,엔/달러,139.83,https://fred.stlouisfed.org/series/DEXJPUS
2023-05-31,엔/달러,139.78,https://fred.stlouisfed.org/series/DEXJPUS
2023-06-01,엔/달러,138.74,https://fred.stlouisfed.org/series/DEXJPUS
2023-06-02,엔/달러,139.76,https://fred.stlouisfed.org/series/DEXJPUS
2023-06-05,엔/달러,139.64,https://fred.stlouisfed.org/series/DEXJPUS
2023-06-06,엔/달러,139.67,https://fred.stlouisfed.org/series/DEXJPUS
2023-06-07,엔/달러,139.98,https://fred.stlouisfed.org/series/DEXJPUS
2023-06-08,엔/달러,138.83,https://fred.stlouisfed.org/series/DEXJPUS
2023-06-09,엔/달러,139.35,https://fred.stlouisfed.org/series/DEXJPUS
2023-06-12,엔/달러,139.72,https://fred.stlouisfed.org/series/DEXJPUS
2023-06-13,엔/달러,140.0,https://fred.stlouisfed.org/series/DEXJPUS
2023-06-14,엔/달러,139.33,https://fred.stlouisfed.org/series/DEXJPUS
2023-06-15,엔/달러,140.49,https://fred.stlouisfed.org/series/DEXJPUS
2023-06-16,엔/달러,141.82,https://fred.stlouisfed.org/series/DEXJPUS
2023-06-20,엔/달러,141.46,https://fred.stlouisfed.org/series/DEXJPUS
2023-06-21,엔/달러,142.09,https://fred.stlouisfed.org/series/DEXJPUS
2023-06-22,엔/달러,142.89,https://fred.stlouisfed.org/series/DEXJPUS
2023-06-23,엔/달러,143.78,https://fred.stlouisfed.org/series/DEXJPUS
2023-06-26,엔/달러,143.55,https://fred.stlouisfed.org/series/DEXJPUS
2023-06-27,엔/달러,144.0,https://fred.stlouisfed.org/series/DEXJPUS
2023-06-28,엔/달러,144.23,https://fred.stlouisfed.org/series/DEXJPUS
2023-06-29,엔/달러,144.72,https://fred.stlouisfed.org/series/DEXJPUS
2023-06-30,엔/달러,144.47,https://fred.stlouisfed.org/series/DEXJPUS
2023-07-03,엔/달러,144.5,https://fred.stlouisfed.org/series/DEXJPUS
2023-07-05,엔/달러,144.56,https://fred.stlouisfed.org/series/DEXJPUS
2023-07-06,엔/달러,144.09,https://fred.stlouisfed.org/series/DEXJPUS
2023-07-07,엔/달러,142.21,https://fred.stlouisfed.org/series/DEXJPUS
2023-07-10,엔/달러,141.56,https://fred.stlouisfed.org/series/DEXJPUS
2023-07-11,엔/달러,140.51,https://fred.stlouisfed.org/series/DEXJPUS
2023-07-12,엔/달러,138.21,https://fred.stlouisfed.org/series/DEXJPUS
2023-07-13,엔/달러,138.14,https://fred.stlouisfed.org/series/DEXJPUS
2023-07-14,엔/달러,138.74,https://fred.stlouisfed.org/series/DEXJPUS
2023-07-17,엔/달러,138.92,https://fred.stlouisfed.org/series/DEXJPUS
2023-07-18,엔/달러,138.94,https://fred.stlouisfed.org/series/DEXJPUS
2023-07-19,엔/달러,139.76,https://fred.stlouisfed.org/series/DEXJPUS
2023-07-20,엔/달러,140.39,https://fred.stlouisfed.org/series/DEXJPUS
2023-07-21,엔/달러,141.75,https://fred.stlouisfed.org/series/DEXJPUS
2023-07-24,엔/달러,141.19,https://fred.stlouisfed.org/series/DEXJPUS
2023-07-25,엔/달러,140.91,https://fred.stlouisfed.org/series/DEXJPUS
2023-07-26,엔/달러,140.41,https://fred.stlouisfed.org/series/DEXJPUS
2023-07-27,엔/달러,141.03,https://fred.stlouisfed.org/series/DEXJPUS
2023-07-28,엔/달러,140.72,https://fred.stlouisfed.org/series/DEXJPUS
2023-07-31,엔/달러,142.18,https://fred.stlouisfed.org/series/DEXJPUS
2023-08-01,엔/달러,143.34,https://fred.stlouisfed.org/series/DEXJPUS
2023-08-02,엔/달러,143.21,https://fred.stlouisfed.org/series/DEXJPUS
2023-08-03,엔/달러,142.42,https://fred.stlouisfed.org/series/DEXJPUS
2023-08-04,엔/달러,141.79,https://fred.stlouisfed.org/series/DEXJPUS
2023-08-07,엔/달러,142.45,https://fred.stlouisfed.org/series/DEXJPUS
2023-08-08,엔/달러,143.17,https://fred.stlouisfed.org/series/DEXJPUS
2023-08-09,엔/달러,143.58,https://fred.stlouisfed.org/series/DEXJPUS
2023-08-10,엔/달러,144.4,https://fred.stlouisfed.org/series/DEXJPUS
2023-08-11,엔/달러,144.94,https://fred.stlouisfed.org/series/DEXJPUS
2023-08-14,엔/달러,145.3,https://fred.stlouisfed.org/series/DEXJPUS
2023-08-15,엔/달러,145.4,https://fred.stlouisfed.org/series/DEXJPUS
2023-08-16,엔/달러,145.81,https://fred.stlouisfed.org/series/DEXJPUS
2023-08-17,엔/달러,146.16,https://fred.stlouisfed.org/series/DEXJPUS
2023-08-18,엔/달러,145.15,https://fred.stlouisfed.org/series/DEXJPUS
2023-08-21,엔/달러,146.26,https://fred.stlouisfed.org/series/DEXJPUS
2023-08-22,엔/달러,145.79,https://fred.stlouisfed.org/series/DEXJPUS
2023-08-23,엔/달러,144.62,https://fred.stlouisfed.org/series/DEXJPUS
2023-08-24,엔/달러,145.75,https://fred.stlouisfed.org/series/DEXJPUS
2023-08-25,엔/달러,146.38,https://fred.stlouisfed.org/series/DEXJPUS
2023-08-28,엔/달러,146.4,https://fred.stlouisfed.org/series/DEXJPUS
2023-08-29,엔/달러,146.01,https://fred.stlouisfed.org/series/DEXJPUS
2023-08-30,엔/달러,145.94,https://fred.stlouisfed.org/series/DEXJPUS
2023-08-31,엔/달러,145.68,https://fred.stlouisfed.org/series/DEXJPUS
2023-09-01,엔/달러,146.2,https://fred.stlouisfed.org/series/DEXJPUS
2023-09-05,엔/달러,147.63,https://fred.stlouisfed.org/series/DEXJPUS
2023-09-06,엔/달러,147.65,https://fred.stlouisfed.org/series/DEXJPUS
2023-09-07,엔/달러,147.13,https://fred.stlouisfed.org/series/DEXJPUS
2023-09-08,엔/달러,147.7,https://fred.stlouisfed.org/series/DEXJPUS
2023-09-11,엔/달러,146.46,https://fred.stlouisfed.org/series/DEXJPUS
2023-09-12,엔/달러,147.12,https://fred.stlouisfed.org/series/DEXJPUS
2023-09-13,엔/달러,147.45,https://fred.stlouisfed.org/series/DEXJPUS
2023-09-14,엔/달러,147.17,https://fred.stlouisfed.org/series/DEXJPUS
2023-09-15,엔/달러,147.83,https://fred.stlouisfed.org/series/DEXJPUS
2023-09-18,엔/달러,147.63,https://fred.stlouisfed.org/series/DEXJPUS
2023-09-19,엔/달러,147.8,https://fred.stlouisfed.org/series/DEXJPUS
2023-09-20,엔/달러,147.74,https://fred.stlouisfed.org/series/DEXJPUS
2023-09-21,엔/달러,147.42,https://fred.stlouisfed.org/series/DEXJPUS
2023-09-22,엔/달러,148.24,https://fred.stlouisfed.org/series/DEXJPUS
2023-09-25,엔/달러,148.74,https://fred.stlouisfed.org/series/DEXJPUS
2023-09-26,엔/달러,148.9,https://fred.stlouisfed.org/series/DEXJPUS
2023-09-27,엔/달러,149.48,https://fred.stlouisfed.org/series/DEXJPUS
2023-09-28,엔/달러,149.18,https://fred.stlouisfed.org/series/DEXJPUS
2023-09-29,엔/달러,149.43,https://fred.stlouisfed.org/series/DEXJPUS
2023-10-02,엔/달러,149.8,https://fred.stlouisfed.org/series/DEXJPUS
2023-10-03,엔/달러,149.16,https://fred.stlouisfed.org/series/DEXJPUS
2023-10-04,엔/달러,148.83,https://fred.stlouisfed.org/series/DEXJPUS
2023-10-05,엔/달러,148.49,https://fred.stlouisfed.org/series/DEXJPUS
2023-10-06,엔/달러,149.08,https://fred.stlouisfed.org/series/DEXJPUS
2023-10-10,엔/달러,148.62,https://fred.stlouisfed.org/series/DEXJPUS
2023-10-11,엔/달러,149.17,https://fred.stlouisfed.org/series/DEXJPUS
2023-10-12,엔/달러,149.71,https://fred.stlouisfed.org/series/DEXJPUS
2023-10-13,엔/달러,149.62,https://fred.stlouisfed.org/series/DEXJPUS
2023-10-16,엔/달러,149.57,https://fred.stlouisfed.org/series/DEXJPUS
2023-10-17,엔/달러,149.71,https://fred.stlouisfed.org/series/DEXJPUS
2023-10-18,엔/달러,149.86,https://fred.stlouisfed.org/series/DEXJPUS
2023-10-19,엔/달러,149.92,https://fred.stlouisfed.org/series/DEXJPUS
2023-10-20,엔/달러,149.85,https://fred.stlouisfed.org/series/DEXJPUS
2023-10-23,엔/달러,149.78,https://fred.stlouisfed.org/series/DEXJPUS
2023-10-24,엔/달러,149.84,https://fred.stlouisfed.org/series/DEXJPUS
2023-10-25,엔/달러,149.94,https://fred.stlouisfed.org/series/DEXJPUS
2023-10-26,엔/달러,150.44,https://fred.stlouisfed.org/series/DEXJPUS
2023-10-27,엔/달러,149.6,https://fred.stlouisfed.org/series/DEXJPUS
2023-10-30,엔/달러,149.01,https://fred.stlouisfed.org/series/DEXJPUS
2023-10-31,엔/달러,151.46,https://fred.stlouisfed.org/series/DEXJPUS
2023-11-01,엔/달러,150.96,https://fred.stlouisfed.org/series/DEXJPUS
2023-11-02,엔/달러,150.48,https://fred.stlouisfed.org/series/DEXJPUS
2023-11-03,엔/달러,149.36,https://fred.stlouisfed.org/series/DEXJPUS
2023-11-06,엔/달러,149.77,https://fred.stlouisfed.org/series/DEXJPUS
2023-11-07,엔/달러,150.47,https://fred.stlouisfed.org/series/DEXJPUS
2023-11-08,엔/달러,150.77,https://fred.stlouisfed.org/series/DEXJPUS
2023-11-09,엔/달러,151.04,https://fred.stlouisfed.org/series/DEXJPUS
2023-11-13,엔/달러,151.56,https://fred.stlouisfed.org/series/DEXJPUS
2023-11-14,엔/달러,150.75,https://fred.stlouisfed.org/series/DEXJPUS
2023-11-15,엔/달러,151.07,https://fred.stlouisfed.org/series/DEXJPUS
2023-11-16,엔/달러,150.59,https://fred.stlouisfed.org/series/DEXJPUS
2023-11-17,엔/달러,149.82,https://fred.stlouisfed.org/series/DEXJPUS
2023-11-20,엔/달러,148.26,https://fred.stlouisfed.org/series/DEXJPUS
2023-11-21,엔/달러,147.88,https://fred.stlouisfed.org/series/DEXJPUS
2023-11-22,엔/달러,149.67,https://fred.stlouisfed.org/series/DEXJPUS
2023-11-24,엔/달러,149.57,https://fred.stlouisfed.org/series/DEXJPUS
2023-11-27,엔/달러,148.89,https://fred.stlouisfed.org/series/DEXJPUS
2023-11-28,엔/달러,147.41,https://fred.stlouisfed.org/series/DEXJPUS
2023-11-29,엔/달러,147.39,https://fred.stlouisfed.org/series/DEXJPUS
2023-11-30,엔/달러,147.87,https://fred.stlouisfed.org/series/DEXJPUS
2023-12-01,엔/달러,147.0,https://fred.stlouisfed.org/series/DEXJPUS
2023-12-04,엔/달러,147.15,https://fred.stlouisfed.org/series/DEXJPUS
2023-12-05,엔/달러,147.26,https://fred.stlouisfed.org/series/DEXJPUS
2023-12-06,엔/달러,147.16,https://fred.stlouisfed.org/series/DEXJPUS
2023-12-07,엔/달러,144.1,https://fred.stlouisfed.org/series/DEXJPUS
2023-12-08,엔/달러,144.88,https://fred.stlouisfed.org/series/DEXJPUS
2023-12-11,엔/달러,146.41,https://fred.stlouisfed.org/series/DEXJPUS
2023-12-12,엔/달러,145.45,https://fred.stlouisfed.org/series/DEXJPUS
2023-12-13,엔/달러,145.17,https://fred.stlouisfed.org/series/DEXJPUS
2023-12-14,엔/달러,141.53,https://fred.stlouisfed.org/series/DEXJPUS
2023-12-15,엔/달러,141.8,https://fred.stlouisfed.org/series/DEXJPUS
2023-12-18,엔/달러,143.04,https://fred.stlouisfed.org/series/DEXJPUS
2023-12-19,엔/달러,143.62,https://fred.stlouisfed.org/series/DEXJPUS
2023-12-20,엔/달러,143.77,https://fred.stlouisfed.org/series/DEXJPUS
2023-12-21,엔/달러,142.16,https://fred.stlouisfed.org/series/DEXJPUS
2023-12-22,엔/달러,142.6,https://fred.stlouisfed.org/series/DEXJPUS
2023-12-26,엔/달러,142.48,https://fred.stlouisfed.org/series/DEXJPUS
2023-12-27,엔/달러,142.05,https://fred.stlouisfed.org/series/DEXJPUS
2023-12-28,엔/달러,141.08,https://fred.stlouisfed.org/series/DEXJPUS
2023-12-29,엔/달러,140.92,https://fred.stlouisfed.org/series/DEXJPUS
2024-01-02,엔/달러,141.89,https://fred.stlouisfed.org/series/DEXJPUS
2024-01-03,엔/달러,143.55,https://fred.stlouisfed.org/series/DEXJPUS
2024-01-04,엔/달러,144.59,https://fred.stlouisfed.org/series/DEXJPUS
2024-01-05,엔/달러,144.52,https://fred.stlouisfed.org/series/DEXJPUS
2024-01-08,엔/달러,143.89,https://fred.stlouisfed.org/series/DEXJPUS
2024-01-09,엔/달러,144.35,https://fred.stlouisfed.org/series/DEXJPUS
2024-01-10,엔/달러,145.68,https://fred.stlouisfed.org/series/DEXJPUS
2024-01-11,엔/달러,146.03,https://fred.stlouisfed.org/series/DEXJPUS
2024-01-12,엔/달러,144.86,https://fred.stlouisfed.org/series/DEXJPUS
2024-01-16,엔/달러,147.01,https://fred.stlouisfed.org/series/DEXJPUS
2024-01-17,엔/달러,148.39,https://fred.stlouisfed.org/series/DEXJPUS
2024-01-18,엔/달러,148.15,https://fred.stlouisfed.org/series/DEXJPUS
2024-01-19,엔/달러,148.21,https://fred.stlouisfed.org/series/DEXJPUS
2024-01-22,엔/달러,147.95,https://fred.stlouisfed.org/series/DEXJPUS
2024-01-23,엔/달러,148.55,https://fred.stlouisfed.org/series/DEXJPUS
2024-01-24,엔/달러,147.31,https://fred.stlouisfed.org/series/DEXJPUS
2024-01-25,엔/달러,147.69,https://fred.stlouisfed.org/series/DEXJPUS
2024-01-26,엔/달러,147.94,https://fred.stlouisfed.org/series/DEXJPUS
2024-01-29,엔/달러,147.65,https://fred.stlouisfed.org/series/DEXJPUS
2024-01-30,엔/달러,147.71,https://fred.stlouisfed.org/series/DEXJPUS
2024-01-31,엔/달러,146.26,https://fred.stlouisfed.org/series/DEXJPUS
2024-02-01,엔/달러,146.18,https://fred.stlouisfed.org/series/DEXJPUS
2024-02-02,엔/달러,148.54,https://fred.stlouisfed.org/series/DEXJPUS
2024-02-05,엔/달러,148.79,https://fred.stlouisfed.org/series/DEXJPUS
2024-02-06,엔/달러,148.03,https://fred.stlouisfed.org/series/DEXJPUS
2024-02-07,엔/달러,148.04,https://fred.stlouisfed.org/series/DEXJPUS
2024-02-08,엔/달러,149.25,https://fred.stlouisfed.org/series/DEXJPUS
2024-02-09,엔/달러,149.38,https://fred.stlouisfed.org/series/DEXJPUS
2024-02-12,엔/달러,149.37,https://fred.stlouisfed.org/series/DEXJPUS
2024-02-13,엔/달러,150.72,https://fred.stlouisfed.org/series/DEXJPUS
2024-02-14,엔/달러,150.5,https://fred.stlouisfed.org/series/DEXJPUS
2024-02-15,엔/달러,150.19,https://fred.stlouisfed.org/series/DEXJPUS
2024-02-16,엔/달러,150.34,https://fred.stlouisfed.org/series/DEXJPUS
2024-02-20,엔/달러,149.87,https://fred.stlouisfed.org/series/DEXJPUS
2024-02-21,엔/달러,150.29,https://fred.stlouisfed.org/series/DEXJPUS
2024-02-22,엔/달러,150.62,https://fred.stlouisfed.org/series/DEXJPUS
2024-02-23,엔/달러,150.36,https://fred.stlouisfed.org/series/DEXJPUS
2024-02-26,엔/달러,150.79,https://fred.stlouisfed.org/series/DEXJPUS
2024-02-27,엔/달러,150.46,https://fred.stlouisfed.org/series/DEXJPUS
2024-02-28,엔/달러,150.68,https://fred.stlouisfed.org/series/DEXJPUS
2024-02-29,엔/달러,149.9,https://fred.stlouisfed.org/series/DEXJPUS
2024-03-01,엔/달러,150.2,https://fred.stlouisfed.org/series/DEXJPUS
2024-03-04,엔/달러,150.44,https://fred.stlouisfed.org/series/DEXJPUS
2024-03-05,엔/달러,150.14,https://fred.stlouisfed.org/series/DEXJPUS
2024-03-06,엔/달러,149.17,https://fred.stlouisfed.org/series/DEXJPUS
2024-03-07,엔/달러,148.08,https://fred.stlouisfed.org/series/DEXJPUS
2024-03-08,엔/달러,147.17,https://fred.stlouisfed.org/series/DEXJPUS
2024-03-11,엔/달러,146.86,https://fred.stlouisfed.org/series/DEXJPUS
2024-03-12,엔/달러,147.69,https://fred.stlouisfed.org/series/DEXJPUS
2024-03-13,엔/달러,147.73,https://fred.stlouisfed.org/series/DEXJPUS
2024-03-14,엔/달러,148.19,https://fred.stlouisfed.org/series/DEXJPUS
2024-03-15,엔/달러,149.14,https://fred.stlouisfed.org/series/DEXJPUS
2024-03-18,엔/달러,149.13,https://fred.stlouisfed.org/series/DEXJPUS
2024-03-19,엔/달러,150.73,https://fred.stlouisfed.org/series/DEXJPUS
2024-03-20,엔/달러,151.66,https://fred.stlouisfed.org/series/DEXJPUS
2024-03-21,엔/달러,151.59,https://fred.stlouisfed.org/series/DEXJPUS
2024-03-22,엔/달러,151.35,https://fred.stlouisfed.org/series/DEXJPUS
2024-03-25,엔/달러,151.42,https://fred.stlouisfed.org/series/DEXJPUS
2024-03-26,엔/달러,151.58,https://fred.stlouisfed.org/series/DEXJPUS
2024-03-27,엔/달러,151.35,https://fred.stlouisfed.org/series/DEXJPUS
2024-03-28,엔/달러,151.35,https://fred.stlouisfed.org/series/DEXJPUS
2024-03-29,엔/달러,151.22,https://fred.stlouisfed.org/series/DEXJPUS
2024-04-01,엔/달러,151.72,https://fred.stlouisfed.org/series/DEXJPUS
2024-04-02,엔/달러,151.55,https://fred.stlouisfed.org/series/DEXJPUS
2024-04-03,엔/달러,151.67,https://fred.stlouisfed.org/series/DEXJPUS
2024-04-04,엔/달러,151.66,https://fred.stlouisfed.org/series/DEXJPUS
2024-04-05,엔/달러,151.59,https://fred.stlouisfed.org/series/DEXJPUS
2024-04-08,엔/달러,151.78,https://fred.stlouisfed.org/series/DEXJPUS
2024-04-09,엔/달러,151.73,https://fred.stlouisfed.org/series/DEXJPUS
2024-04-10,엔/달러,152.9,https://fred.stlouisfed.org/series/DEXJPUS
2024-04-11,엔/달러,153.19,https://fred.stlouisfed.org/series/DEXJPUS
2024-04-12,엔/달러,153.12,https://fred.stlouisfed.org/series/DEXJPUS
2024-04-15,엔/달러,154.25,https://fred.stlouisfed.org/series/DEXJPUS
2024-04-16,엔/달러,154.57,https://fred.stlouisfed.org/series/DEXJPUS
2024-04-17,엔/달러,154.61,https://fred.stlouisfed.org/series/DEXJPUS
2024-04-18,엔/달러,154.61,https://fred.stlouisfed.org/series/DEXJPUS
2024-04-19,엔/달러,154.55,https://fred.stlouisfed.org/series/DEXJPUS
2024-04-22,엔/달러,154.77,https://fred.stlouisfed.org/series/DEXJPUS
2024-04-23,엔/달러,154.81,https://fred.stlouisfed.org/series/DEXJPUS
2024-04-24,엔/달러,155.11,https://fred.stlouisfed.org/series/DEXJPUS
2024-04-25,엔/달러,155.52,https://fred.stlouisfed.org/series/DEXJPUS
2024-04-26,엔/달러,157.62,https://fred.stlouisfed.org/series/DEXJPUS
2024-04-29,엔/달러,156.71,https://fred.stlouisfed.org/series/DEXJPUS
2024-04-30,엔/달러,157.54,https://fred.stlouisfed.org/series/DEXJPUS
2024-05-01,엔/달러,157.65,https://fred.stlouisfed.org/series/DEXJPUS
2024-05-02,엔/달러,153.77,https://fred.stlouisfed.org/series/DEXJPUS
2024-05-03,엔/달러,152.85,https://fred.stlouisfed.org/series/DEXJPUS
2024-05-06,엔/달러,153.85,https://fred.stlouisfed.org/series/DEXJPUS
2024-05-07,엔/달러,154.59,https://fred.stlouisfed.org/series/DEXJPUS
2024-05-08,엔/달러,155.42,https://fred.stlouisfed.org/series/DEXJPUS
2024-05-09,엔/달러,155.68,https://fred.stlouisfed.org/series/DEXJPUS
2024-05-10,엔/달러,155.85,https://fred.stlouisfed.org/series/DEXJPUS
2024-05-13,엔/달러,156.17,https://fred.stlouisfed.org/series/DEXJPUS
2024-05-14,엔/달러,156.5,https://fred.stlouisfed.org/series/DEXJPUS
2024-05-15,엔/달러,155.02,https://fred.stlouisfed.org/series/DEXJPUS
2024-05-16,엔/달러,155.25,https://fred.stlouisfed.org/series/DEXJPUS
2024-05-17,엔/달러,155.57,https://fred.stlouisfed.org/series/DEXJPUS
2024-05-20,엔/달러,156.09,https://fred.stlouisfed.org/series/DEXJPUS
2024-05-21,엔/달러,156.08,https://fred.stlouisfed.org/series/DEXJPUS
2024-05-22,엔/달러,156.49,https://fred.stlouisfed.org/series/DEXJPUS
2024-05-23,엔/달러,157.05,https://fred.stlouisfed.org/series/DEXJPUS
2024-05-24,엔/달러,156.9,https://fred.stlouisfed.org/series/DEXJPUS
2024-05-28,엔/달러,156.9,https://fred.stlouisfed.org/series/DEXJPUS
2024-05-29,엔/달러,157.62,https://fred.stlouisfed.org/series/DEXJPUS
2024-05-30,엔/달러,156.63,https://fred.stlouisfed.org/series/DEXJPUS
2024-05-31,엔/달러,157.19,https://fred.stlouisfed.org/series/DEXJPUS
2024-06-03,엔/달러,156.04,https://fred.stlouisfed.org/series/DEXJPUS
2024-06-04,엔/달러,154.87,https://fred.stlouisfed.org/series/DEXJPUS
2024-06-05,엔/달러,156.21,https://fred.stlouisfed.org/series/DEXJPUS
2024-06-06,엔/달러,155.98,https://fred.stlouisfed.org/series/DEXJPUS
2024-06-07,엔/달러,156.58,https://fred.stlouisfed.org/series/DEXJPUS
2024-06-10,엔/달러,156.93,https://fred.stlouisfed.org/series/DEXJPUS
2024-06-11,엔/달러,157.32,https://fred.stlouisfed.org/series/DEXJPUS
2024-06-12,엔/달러,155.88,https://fred.stlouisfed.org/series/DEXJPUS
2024-06-13,엔/달러,156.77,https://fred.stlouisfed.org/series/DEXJPUS
2024-06-14,엔/달러,157.28,https://fred.stlouisfed.org/series/DEXJPUS
2024-06-17,엔/달러,157.8,https://fred.stlouisfed.org/series/DEXJPUS
2024-06-18,엔/달러,157.81,https://fred.stlouisfed.org/series/DEXJPUS
2024-06-20,엔/달러,158.77,https://fred.stlouisfed.org/series/DEXJPUS
2024-06-21,엔/달러,159.45,https://fred.stlouisfed.org/series/DEXJPUS
2024-06-24,엔/달러,159.71,https://fred.stlouisfed.org/series/DEXJPUS
2024-06-25,엔/달러,159.68,https://fred.stlouisfed.org/series/DEXJPUS
2024-06-26,엔/달러,160.68,https://fred.stlouisfed.org/series/DEXJPUS
2024-06-27,엔/달러,160.7,https://fred.stlouisfed.org/series/DEXJPUS
2024-06-28,엔/달러,160.88,https://fred.stlouisfed.org/series/DEXJPUS
2024-07-01,엔/달러,161.55,https://fred.stlouisfed.org/series/DEXJPUS
2024-07-02,엔/달러,161.53,https://fred.stlouisfed.org/series/DEXJPUS
2024-07-03,엔/달러,161.48,https://fred.stlouisfed.org/series/DEXJPUS
2024-07-05,엔/달러,160.73,https://fred.stlouisfed.org/series/DEXJPUS
2024-07-08,엔/달러,160.77,https://fred.stlouisfed.org/series/DEXJPUS
2024-07-09,엔/달러,161.4,https://fred.stlouisfed.org/series/DEXJPUS
2024-07-10,엔/달러,161.73,https://fred.stlouisfed.org/series/DEXJPUS
2024-07-11,엔/달러,158.58,https://fred.stlouisfed.org/series/DEXJPUS
2024-07-12,엔/달러,157.88,https://fred.stlouisfed.org/series/DEXJPUS
2024-07-15,엔/달러,157.89,https://fred.stlouisfed.org/series/DEXJPUS
2024-07-16,엔/달러,158.57,https://fred.stlouisfed.org/series/DEXJPUS
2024-07-17,엔/달러,156.56,https://fred.stlouisfed.org/series/DEXJPUS
2024-07-18,엔/달러,156.97,https://fred.stlouisfed.org/series/DEXJPUS
2024-07-19,엔/달러,157.38,https://fred.stlouisfed.org/series/DEXJPUS
2024-07-22,엔/달러,157.08,https://fred.stlouisfed.org/series/DEXJPUS
2024-07-23,엔/달러,156.02,https://fred.stlouisfed.org/series/DEXJPUS
2024-07-24,엔/달러,153.39,https://fred.stlouisfed.org/series/DEXJPUS
2024-07-25,엔/달러,153.97,https://fred.stlouisfed.org/series/DEXJPUS
2024-07-26,엔/달러,153.86,https://fred.stlouisfed.org/series/DEXJPUS
2024-07-29,엔/달러,153.96,https://fred.stlouisfed.org/series/DEXJPUS
2024-07-30,엔/달러,153.72,https://fred.stlouisfed.org/series/DEXJPUS
2024-07-31,엔/달러,150.38,https://fred.stlouisfed.org/series/DEXJPUS
2024-08-01,엔/달러,150.06,https://fred.stlouisfed.org/series/DEXJPUS
2024-08-02,엔/달러,146.98,https://fred.stlouisfed.org/series/DEXJPUS
2024-08-05,엔/달러,143.95,https://fred.stlouisfed.org/series/DEXJPUS
2024-08-06,엔/달러,145.11,https://fred.stlouisfed.org/series/DEXJPUS
2024-08-07,엔/달러,147.42,https://fred.stlouisfed.org/series/DEXJPUS
2024-08-08,엔/달러,147.08,https://fred.stlouisfed.org/series/DEXJPUS
2024-08-09,엔/달러,146.49,https://fred.stlouisfed.org/series/DEXJPUS
2024-08-12,엔/달러,147.54,https://fred.stlouisfed.org/series/DEXJPUS
2024-08-13,엔/달러,146.97,https://fred.stlouisfed.org/series/DEXJPUS
2024-08-14,엔/달러,146.86,https://fred.stlouisfed.org/series/DEXJPUS
2024-08-15,엔/달러,148.91,https://fred.stlouisfed.org/series/DEXJPUS
2024-08-16,엔/달러,148.13,https://fred.stlouisfed.org/series/DEXJPUS
2024-08-19,엔/달러,146.42,https://fred.stlouisfed.org/series/DEXJPUS
2024-08-20,엔/달러,145.7,https://fred.stlouisfed.org/series/DEXJPUS
2024-08-21,엔/달러,145.19,https://fred.stlouisfed.org/series/DEXJPUS
2024-08-22,엔/달러,145.97,https://fred.stlouisfed.org/series/DEXJPUS
2024-08-23,엔/달러,144.86,https://fred.stlouisfed.org/series/DEXJPUS
2024-08-26,엔/달러,144.51,https://fred.stlouisfed.org/series/DEXJPUS
2024-08-27,엔/달러,144.26,https://fred.stlouisfed.org/series/DEXJPUS
2024-08-28,엔/달러,144.47,https://fred.stlouisfed.org/series/DEXJPUS
2024-08-29,엔/달러,144.98,https://fred.stlouisfed.org/series/DEXJPUS
2024-08-30,엔/달러,145.95,https://fred.stlouisfed.org/series/DEXJPUS
2024-09-03,엔/달러,145.82,https://fred.stlouisfed.org/series/DEXJPUS
2024-09-04,엔/달러,144.31,https://fred.stlouisfed.org/series/DEXJPUS
2024-09-05,엔/달러,143.43,https://fred.stlouisfed.org/series/DEXJPUS
2024-09-06,엔/달러,142.13,https://fred.stlouisfed.org/series/DEXJPUS
2024-09-09,엔/달러,142.92,https://fred.stlouisfed.org/series/DEXJPUS
2024-09-10,엔/달러,142.28,https://fred.stlouisfed.org/series/DEXJPUS
2024-09-11,엔/달러,141.72,https://fred.stlouisfed.org/series/DEXJPUS
2024-09-12,엔/달러,142.24,https://fred.stlouisfed.org/series/DEXJPUS
2024-09-13,엔/달러,140.66,https://fred.stlouisfed.org/series/DEXJPUS
2024-09-16,엔/달러,140.79,https://fred.stlouisfed.org/series/DEXJPUS
2024-09-17,엔/달러,141.77,https://fred.stlouisfed.org/series/DEXJPUS
2024-09-18,엔/달러,141.93,https://fred.stlouisfed.org/series/DEXJPUS
2024-09-19,엔/달러,142.88,https://fred.stlouisfed.org/series/DEXJPUS
2024-09-20,엔/달러,143.9,https://fred.stlouisfed.org/series/DEXJPUS
2024-09-23,엔/달러,143.59,https://fred.stlouisfed.org/series/DEXJPUS
2024-09-24,엔/달러,143.77,https://fred.stlouisfed.org/series/DEXJPUS
2024-09-25,엔/달러,144.41,https://fred.stlouisfed.org/series/DEXJPUS
2024-09-26,엔/달러,144.68,https://fred.stlouisfed.org/series/DEXJPUS
2024-09-27,엔/달러,142.6,https://fred.stlouisfed.org/series/DEXJPUS
2024-09-30,엔/달러,143.25,https://fred.stlouisfed.org/series/DEXJPUS
2024-10-01,엔/달러,143.66,https://fred.stlouisfed.org/series/DEXJPUS
2024-10-02,엔/달러,146.05,https://fred.stlouisfed.org/series/DEXJPUS
2024-10-03,엔/달러,146.82,https://fred.stlouisfed.org/series/DEXJPUS
2024-10-04,엔/달러,148.69,https://fred.stlouisfed.org/series/DEXJPUS
2024-10-07,엔/달러,148.13,https://fred.stlouisfed.org/series/DEXJPUS
2024-10-08,엔/달러,148.22,https://fred.stlouisfed.org/series/DEXJPUS
2024-10-09,엔/달러,149.2,https://fred.stlouisfed.org/series/DEXJPUS
2024-10-10,엔/달러,148.56,https://fred.stlouisfed.org/series/DEXJPUS
2024-10-11,엔/달러,149.12,https://fred.stlouisfed.org/series/DEXJPUS
2024-10-15,엔/달러,149.22,https://fred.stlouisfed.org/series/DEXJPUS
2024-10-16,엔/달러,149.71,https://fred.stlouisfed.org/series/DEXJPUS
2024-10-17,엔/달러,150.12,https://fred.stlouisfed.org/series/DEXJPUS
2024-10-18,엔/달러,149.58,https://fred.stlouisfed.org/series/DEXJPUS
2024-10-21,엔/달러,150.47,https://fred.stlouisfed.org/series/DEXJPUS
2024-10-22,엔/달러,151.11,https://fred.stlouisfed.org/series/DEXJPUS
2024-10-23,엔/달러,152.81,https://fred.stlouisfed.org/series/DEXJPUS
2024-10-24,엔/달러,151.87,https://fred.stlouisfed.org/series/DEXJPUS
2024-10-25,엔/달러,152.08,https://fred.stlouisfed.org/series/DEXJPUS
2024-10-28,엔/달러,153.21,https://fred.stlouisfed.org/series/DEXJPUS
2024-10-29,엔/달러,153.47,https://fred.stlouisfed.org/series/DEXJPUS
2024-10-30,엔/달러,153.15,https://fred.stlouisfed.org/series/DEXJPUS
2024-10-31,엔/달러,152.35,https://fred.stlouisfed.org/series/DEXJPUS
2024-11-01,엔/달러,152.94,https://fred.stlouisfed.org/series/DEXJPUS
2024-11-04,엔/달러,152.02,https://fred.stlouisfed.org/series/DEXJPUS
2024-11-05,엔/달러,151.96,https://fred.stlouisfed.org/series/DEXJPUS
2024-11-06,엔/달러,154.58,https://fred.stlouisfed.org/series/DEXJPUS
2024-11-07,엔/달러,153.13,https://fred.stlouisfed.org/series/DEXJPUS
2024-11-08,엔/달러,152.58,https://fred.stlouisfed.org/series/DEXJPUS
2024-11-12,엔/달러,154.73,https://fred.stlouisfed.org/series/DEXJPUS
2024-11-13,엔/달러,155.28,https://fred.stlouisfed.org/series/DEXJPUS
2024-11-14,엔/달러,155.96,https://fred.stlouisfed.org/series/DEXJPUS
2024-11-15,엔/달러,154.59,https://fred.stlouisfed.org/series/DEXJPUS
2024-11-18,엔/달러,154.78,https://fred.stlouisfed.org/series/DEXJPUS
2024-11-19,엔/달러,154.34,https://fred.stlouisfed.org/series/DEXJPUS
2024-11-20,엔/달러,155.38,https://fred.stlouisfed.org/series/DEXJPUS
2024-11-21,엔/달러,154.66,https://fred.stlouisfed.org/series/DEXJPUS
2024-11-22,엔/달러,154.73,https://fred.stlouisfed.org/series/DEXJPUS
2024-11-25,엔/달러,154.29,https://fred.stlouisfed.org/series/DEXJPUS
2024-11-26,엔/달러,153.49,https://fred.stlouisfed.org/series/DEXJPUS
2024-11-27,엔/달러,150.69,https://fred.stlouisfed.org/series/DEXJPUS
2024-11-29,엔/달러,150.41,https://fred.stlouisfed.org/series/DEXJPUS
2024-12-02,엔/달러,149.26,https://fred.stlouisfed.org/series/DEXJPUS
2024-12-03,엔/달러,149.12,https://fred.stlouisfed.org/series/DEXJPUS
2024-12-04,엔/달러,150.18,https://fred.stlouisfed.org/series/DEXJPUS
2024-12-05,엔/달러,150.19,https://fred.stlouisfed.org/series/DEXJPUS
2024-12-06,엔/달러,149.78,https://fred.stlouisfed.org/series/DEXJPUS
2024-12-09,엔/달러,151.24,https://fred.stlouisfed.org/series/DEXJPUS
2024-12-10,엔/달러,152.05,https://fred.stlouisfed.org/series/DEXJPUS
2024-12-11,엔/달러,152.34,https://fred.stlouisfed.org/series/DEXJPUS
2024-12-12,엔/달러,152.07,https://fred.stlouisfed.org/series/DEXJPUS
2024-12-13,엔/달러,153.74,https://fred.stlouisfed.org/series/DEXJPUS
2024-12-16,엔/달러,154.18,https://fred.stlouisfed.org/series/DEXJPUS
2024-12-17,엔/달러,153.41,https://fred.stlouisfed.org/series/DEXJPUS
2024-12-18,엔/달러,154.0,https://fred.stlouisfed.org/series/DEXJPUS
2024-12-19,엔/달러,157.73,https://fred.stlouisfed.org/series/DEXJPUS
2024-12-20,엔/달러,156.11,https://fred.stlouisfed.org/series/DEXJPUS
2024-12-23,엔/달러,157.04,https://fred.stlouisfed.org/series/DEXJPUS
2024-12-24,엔/달러,157.29,https://fred.stlouisfed.org/series/DEXJPUS
2024-12-26,엔/달러,158.01,https://fred.stlouisfed.org/series/DEXJPUS
2024-12-27,엔/달러,157.73,https://fred.stlouisfed.org/series/DEXJPUS
2024-12-30,엔/달러,157.26,https://fred.stlouisfed.org/series/DEXJPUS
2024-12-31,엔/달러,157.37,https://fred.stlouisfed.org/series/DEXJPUS
2025-01-02,엔/달러,157.65,https://fred.stlouisfed.org/series/DEXJPUS
2025-01-03,엔/달러,157.2,https://fred.stlouisfed.org/series/DEXJPUS
2025-01-06,엔/달러,157.54,https://fred.stlouisfed.org/series/DEXJPUS
2025-01-07,엔/달러,157.82,https://fred.stlouisfed.org/series/DEXJPUS
2025-01-08,엔/달러,158.31,https://fred.stlouisfed.org/series/DEXJPUS
2025-01-09,엔/달러,158.01,https://fred.stlouisfed.org/series/DEXJPUS
2025-01-10,엔/달러,157.68,https://fred.stlouisfed.org/series/DEXJPUS
2025-01-13,엔/달러,157.51,https://fred.stlouisfed.org/series/DEXJPUS
2025-01-14,엔/달러,157.95,https://fred.stlouisfed.org/series/DEXJPUS
2025-01-15,엔/달러,156.6,https://fred.stlouisfed.org/series/DEXJPUS
2025-01-16,엔/달러,155.44,https://fred.stlouisfed.org/series/DEXJPUS
2025-01-17,엔/달러,156.3,https://fred.stlouisfed.org/series/DEXJPUS
2025-01-21,엔/달러,155.49,https://fred.stlouisfed.org/series/DEXJPUS
2025-01-22,엔/달러,156.62,https://fred.stlouisfed.org/series/DEXJPUS
2025-01-23,엔/달러,156.0,https://fred.stlouisfed.org/series/DEXJPUS
2025-01-24,엔/달러,155.58,https://fred.stlouisfed.org/series/DEXJPUS
2025-01-27,엔/달러,154.22,https://fred.stlouisfed.org/series/DEXJPUS
2025-01-28,엔/달러,155.65,https://fred.stlouisfed.org/series/DEXJPUS
2025-01-29,엔/달러,155.22,https://fred.stlouisfed.org/series/DEXJPUS
2025-01-30,엔/달러,154.42,https://fred.stlouisfed.org/series/DEXJPUS
2025-01-31,엔/달러,154.91,https://fred.stlouisfed.org/series/DEXJPUS
2025-02-03,엔/달러,154.68,https://fred.stlouisfed.org/series/DEXJPUS
2025-02-04,엔/달러,154.56,https://fred.stlouisfed.org/series/DEXJPUS
2025-02-05,엔/달러,152.33,https://fred.stlouisfed.org/series/DEXJPUS
2025-02-06,엔/달러,152.04,https://fred.stlouisfed.org/series/DEXJPUS
2025-02-07,엔/달러,151.3,https://fred.stlouisfed.org/series/DEXJPUS
2025-02-10,엔/달러,151.72,https://fred.stlouisfed.org/series/DEXJPUS
2025-02-11,엔/달러,152.37,https://fred.stlouisfed.org/series/DEXJPUS
2025-02-12,엔/달러,154.62,https://fred.stlouisfed.org/series/DEXJPUS
2025-02-13,엔/달러,153.18,https://fred.stlouisfed.org/series/DEXJPUS
2025-02-14,엔/달러,152.25,https://fred.stlouisfed.org/series/DEXJPUS
2025-02-18,엔/달러,151.79,https://fred.stlouisfed.org/series/DEXJPUS
2025-02-19,엔/달러,151.67,https://fred.stlouisfed.org/series/DEXJPUS
2025-02-20,엔/달러,149.63,https://fred.stlouisfed.org/series/DEXJPUS
2025-02-21,엔/달러,149.49,https://fred.stlouisfed.org/series/DEXJPUS
2025-02-24,엔/달러,149.57,https://fred.stlouisfed.org/series/DEXJPUS
2025-02-25,엔/달러,149.09,https://fred.stlouisfed.org/series/DEXJPUS
2025-02-26,엔/달러,149.13,https://fred.stlouisfed.org/series/DEXJPUS
2025-02-27,엔/달러,149.8,https://fred.stlouisfed.org/series/DEXJPUS
2025-02-28,엔/달러,150.64,https://fred.stlouisfed.org/series/DEXJPUS
2025-03-03,엔/달러,150.16,https://fred.stlouisfed.org/series/DEXJPUS
2025-03-04,엔/달러,148.81,https://fred.stlouisfed.org/series/DEXJPUS
2025-03-05,엔/달러,148.82,https://fred.stlouisfed.org/series/DEXJPUS
2025-03-06,엔/달러,147.9,https://fred.stlouisfed.org/series/DEXJPUS
2025-03-07,엔/달러,147.13,https://fred.stlouisfed.org/series/DEXJPUS
2025-03-10,엔/달러,147.15,https://fred.stlouisfed.org/series/DEXJPUS
2025-03-11,엔/달러,147.48,https://fred.stlouisfed.org/series/DEXJPUS
2025-03-12,엔/달러,148.32,https://fred.stlouisfed.org/series/DEXJPUS
2025-03-13,엔/달러,147.71,https://fred.stlouisfed.org/series/DEXJPUS
2025-03-14,엔/달러,148.51,https://fred.stlouisfed.org/series/DEXJPUS
2025-03-17,엔/달러,148.56,https://fred.stlouisfed.org/series/DEXJPUS
2025-03-18,엔/달러,149.49,https://fred.stlouisfed.org/series/DEXJPUS
2025-03-19,엔/달러,150.02,https://fred.stlouisfed.org/series/DEXJPUS
2025-03-20,엔/달러,148.84,https://fred.stlouisfed.org/series/DEXJPUS
2025-03-21,엔/달러,148.98,https://fred.stlouisfed.org/series/DEXJPUS
2025-03-24,엔/달러,150.74,https://fred.stlouisfed.org/series/DEXJPUS
2025-03-25,엔/달러,149.77,https://fred.stlouisfed.org/series/DEXJPUS
2025-03-26,엔/달러,150.69,https://fred.stlouisfed.org/series/DEXJPUS
2025-03-27,엔/달러,150.97,https://fred.stlouisfed.org/series/DEXJPUS
2025-03-28,엔/달러,150.26,https://fred.stlouisfed.org/series/DEXJPUS
2025-03-31,엔/달러,149.9,https://fred.stlouisfed.org/series/DEXJPUS
2025-04-01,엔/달러,149.4,https://fred.stlouisfed.org/series/DEXJPUS
2025-04-02,엔/달러,149.98,https://fred.stlouisfed.org/series/DEXJPUS
2025-04-03,엔/달러,146.04,https://fred.stlouisfed.org/series/DEXJPUS
2025-04-04,엔/달러,145.93,https://fred.stlouisfed.org/series/DEXJPUS
2025-04-07,엔/달러,147.96,https://fred.stlouisfed.org/series/DEXJPUS
2025-04-08,엔/달러,147.02,https://fred.stlouisfed.org/series/DEXJPUS
2025-04-09,엔/달러,145.09,https://fred.stlouisfed.org/series/DEXJPUS
2025-04-10,엔/달러,144.34,https://fred.stlouisfed.org/series/DEXJPUS
2025-04-11,엔/달러,143.57,https://fred.stlouisfed.org/series/DEXJPUS
2025-04-14,엔/달러,142.96,https://fred.stlouisfed.org/series/DEXJPUS
2025-04-15,엔/달러,143.1,https://fred.stlouisfed.org/series/DEXJPUS
2025-04-16,엔/달러,142.56,https://fred.stlouisfed.org/series/DEXJPUS
2025-04-17,엔/달러,142.33,https://fred.stlouisfed.org/series/DEXJPUS
2025-04-18,엔/달러,142.22,https://fred.stlouisfed.org/series/DEXJPUS
2025-04-21,엔/달러,140.81,https://fred.stlouisfed.org/series/DEXJPUS
2025-04-22,엔/달러,140.87,https://fred.stlouisfed.org/series/DEXJPUS
2025-04-23,엔/달러,142.64,https://fred.stlouisfed.org/series/DEXJPUS
2025-04-24,엔/달러,142.64,https://fred.stlouisfed.org/series/DEXJPUS
2025-04-25,엔/달러,143.75,https://fred.stlouisfed.org/series/DEXJPUS
2025-04-28,엔/달러,142.7,https://fred.stlouisfed.org/series/DEXJPUS
2025-04-29,엔/달러,142.29,https://fred.stlouisfed.org/series/DEXJPUS
2025-04-30,엔/달러,142.63,https://fred.stlouisfed.org/series/DEXJPUS
2025-05-01,엔/달러,145.48,https://fred.stlouisfed.org/series/DEXJPUS
2025-05-02,엔/달러,144.52,https://fred.stlouisfed.org/series/DEXJPUS
2025-05-05,엔/달러,143.98,https://fred.stlouisfed.org/series/DEXJPUS
2025-05-06,엔/달러,142.76,https://fred.stlouisfed.org/series/DEXJPUS
2025-05-07,엔/달러,143.47,https://fred.stlouisfed.org/series/DEXJPUS
2025-05-08,엔/달러,145.46,https://fred.stlouisfed.org/series/DEXJPUS
2025-05-09,엔/달러,145.15,https://fred.stlouisfed.org/series/DEXJPUS
2025-05-12,엔/달러,148.09,https://fred.stlouisfed.org/series/DEXJPUS
2025-05-13,엔/달러,147.75,https://fred.stlouisfed.org/series/DEXJPUS
2025-05-14,엔/달러,146.54,https://fred.stlouisfed.org/series/DEXJPUS
2025-05-15,엔/달러,145.61,https://fred.stlouisfed.org/series/DEXJPUS
2025-05-16,엔/달러,146.02,https://fred.stlouisfed.org/series/DEXJPUS
2025-05-19,엔/달러,144.99,https://fred.stlouisfed.org/series/DEXJPUS
2025-05-20,엔/달러,144.72,https://fred.stlouisfed.org/series/DEXJPUS
2025-05-21,엔/달러,143.68,https://fred.stlouisfed.org/series/DEXJPUS
2025-05-22,엔/달러,143.89,https://fred.stlouisfed.org/series/DEXJPUS
2025-05-23,엔/달러,142.61,https://fred.stlouisfed.org/series/DEXJPUS
2025-05-27,엔/달러,144.37,https://fred.stlouisfed.org/series/DEXJPUS
2025-05-28,엔/달러,145.04,https://fred.stlouisfed.org/series/DEXJPUS
2025-05-29,엔/달러,144.09,https://fred.stlouisfed.org/series/DEXJPUS
2025-05-30,엔/달러,144.18,https://fred.stlouisfed.org/series/DEXJPUS
2025-06-02,엔/달러,142.76,https://fred.stlouisfed.org/series/DEXJPUS
2025-06-03,엔/달러,143.93,https://fred.stlouisfed.org/series/DEXJPUS
2025-06-04,엔/달러,142.91,https://fred.stlouisfed.org/series/DEXJPUS
2025-06-05,엔/달러,143.87,https://fred.stlouisfed.org/series/DEXJPUS
2025-06-06,엔/달러,144.87,https://fred.stlouisfed.org/series/DEXJPUS
2025-06-09,엔/달러,144.37,https://fred.stlouisfed.org/series/DEXJPUS
2025-06-10,엔/달러,144.91,https://fred.stlouisfed.org/series/DEXJPUS
2025-06-11,엔/달러,144.48,https://fred.stlouisfed.org/series/DEXJPUS
2025-06-12,엔/달러,143.64,https://fred.stlouisfed.org/series/DEXJPUS
2025-06-13,엔/달러,144.04,https://fred.stlouisfed.org/series/DEXJPUS
2025-06-16,엔/달러,144.14,https://fred.stlouisfed.org/series/DEXJPUS
2025-06-17,엔/달러,145.04,https://fred.stlouisfed.org/series/DEXJPUS
2025-06-18,엔/달러,144.58,https://fred.stlouisfed.org/series/DEXJPUS
2025-06-20,엔/달러,145.92,https://fred.stlouisfed.org/series/DEXJPUS
2025-06-23,엔/달러,146.47,https://fred.stlouisfed.org/series/DEXJPUS
2025-06-24,엔/달러,144.9,https://fred.stlouisfed.org/series/DEXJPUS
2025-06-25,엔/달러,145.59,https://fred.stlouisfed.org/series/DEXJPUS
2025-06-26,엔/달러,144.34,https://fred.stlouisfed.org/series/DEXJPUS
2025-06-27,엔/달러,144.74,https://fred.stlouisfed.org/series/DEXJPUS
2025-06-30,엔/달러,144.17,https://fred.stlouisfed.org/series/DEXJPUS
2025-07-01,엔/달러,143.58,https://fred.stlouisfed.org/series/DEXJPUS
2025-07-02,엔/달러,143.76,https://fred.stlouisfed.org/series/DEXJPUS
2025-07-03,엔/달러,144.96,https://fred.stlouisfed.org/series/DEXJPUS
2025-07-07,엔/달러,145.86,https://fred.stlouisfed.org/series/DEXJPUS
2025-07-08,엔/달러,146.81,https://fred.stlouisfed.org/series/DEXJPUS
2025-07-09,엔/달러,146.53,https://fred.stlouisfed.org/series/DEXJPUS
2025-07-10,엔/달러,146.46,https://fred.stlouisfed.org/series/DEXJPUS
2025-07-11,엔/달러,147.29,https://fred.stlouisfed.org/series/DEXJPUS
2025-07-14,엔/달러,147.69,https://fred.stlouisfed.org/series/DEXJPUS
2025-07-15,엔/달러,148.75,https://fred.stlouisfed.org/series/DEXJPUS
2025-07-16,엔/달러,148.08,https://fred.stlouisfed.org/series/DEXJPUS
2025-07-17,엔/달러,148.55,https://fred.stlouisfed.org/series/DEXJPUS
2025-07-18,엔/달러,148.55,https://fred.stlouisfed.org/series/DEXJPUS
2025-07-21,엔/달러,147.27,https://fred.stlouisfed.org/series/DEXJPUS
2025-07-22,엔/달러,146.36,https://fred.stlouisfed.org/series/DEXJPUS
2025-07-23,엔/달러,146.55,https://fred.stlouisfed.org/series/DEXJPUS
2025-07-24,엔/달러,146.92,https://fred.stlouisfed.org/series/DEXJPUS
2025-07-25,엔/달러,147.77,https://fred.stlouisfed.org/series/DEXJPUS
2025-07-28,엔/달러,148.45,https://fred.stlouisfed.org/series/DEXJPUS
2025-07-29,엔/달러,148.57,https://fred.stlouisfed.org/series/DEXJPUS
2025-07-30,엔/달러,149.07,https://fred.stlouisfed.org/series/DEXJPUS
2025-07-31,엔/달러,150.6,https://fred.stlouisfed.org/series/DEXJPUS
2025-08-01,엔/달러,148.06,https://fred.stlouisfed.org/series/DEXJPUS
2025-08-04,엔/달러,147.09,https://fred.stlouisfed.org/series/DEXJPUS
2025-08-05,엔/달러,147.49,https://fred.stlouisfed.org/series/DEXJPUS
2025-08-06,엔/달러,147.25,https://fred.stlouisfed.org/series/DEXJPUS
2025-08-07,엔/달러,147.35,https://fred.stlouisfed.org/series/DEXJPUS
2025-08-08,엔/달러,147.7,https://fred.stlouisfed.org/series/DEXJPUS
2025-08-11,엔/달러,147.99,https://fred.stlouisfed.org/series/DEXJPUS
2025-08-12,엔/달러,147.8,https://fred.stlouisfed.org/series/DEXJPUS
2025-08-13,엔/달러,147.25,https://fred.stlouisfed.org/series/DEXJPUS
2025-08-14,엔/달러,147.69,https://fred.stlouisfed.org/series/DEXJPUS
2025-08-15,엔/달러,147.0,https://fred.stlouisfed.org/series/DEXJPUS
2025-08-18,엔/달러,147.76,https://fred.stlouisfed.org/series/DEXJPUS
2025-08-19,엔/달러,147.72,https://fred.stlouisfed.org/series/DEXJPUS
2025-08-20,엔/달러,147.19,https://fred.stlouisfed.org/series/DEXJPUS
2025-08-21,엔/달러,148.35,https://fred.stlouisfed.org/series/DEXJPUS
2025-08-22,엔/달러,146.82,https://fred.stlouisfed.org/series/DEXJPUS
2025-08-25,엔/달러,147.61,https://fred.stlouisfed.org/series/DEXJPUS
2025-08-26,엔/달러,147.3,https://fred.stlouisfed.org/series/DEXJPUS
2025-08-27,엔/달러,147.75,https://fred.stlouisfed.org/series/DEXJPUS
2025-08-28,엔/달러,146.98,https://fred.stlouisfed.org/series/DEXJPUS
2025-08-29,엔/달러,146.9,https://fred.stlouisfed.org/series/DEXJPUS
2025-09-02,엔/달러,148.23,https://fred.stlouisfed.org/series/DEXJPUS
2025-09-03,엔/달러,147.97,https://fred.stlouisfed.org/series/DEXJPUS
2025-09-04,엔/달러,148.63,https://fred.stlouisfed.org/series/DEXJPUS
2025-09-05,엔/달러,146.84,https://fred.stlouisfed.org/series/DEXJPUS
2025-09-08,엔/달러,147.58,https://fred.stlouisfed.org/series/DEXJPUS
2025-09-09,엔/달러,147.23,https://fred.stlouisfed.org/series/DEXJPUS
2025-09-10,엔/달러,147.37,https://fred.stlouisfed.org/series/DEXJPUS
2025-09-11,엔/달러,147.17,https://fred.stlouisfed.org/series/DEXJPUS
2025-09-12,엔/달러,147.85,https://fred.stlouisfed.org/series/DEXJPUS
2025-09-15,엔/달러,147.27,https://fred.stlouisfed.org/series/DEXJPUS
2025-09-16,엔/달러,146.56,https://fred.stlouisfed.org/series/DEXJPUS
2025-09-17,엔/달러,146.36,https://fred.stlouisfed.org/series/DEXJPUS
2025-09-18,엔/달러,148.02,https://fred.stlouisfed.org/series/DEXJPUS
2025-09-19,엔/달러,147.83,https://fred.stlouisfed.org/series/DEXJPUS
2025-09-22,엔/달러,147.83,https://fred.stlouisfed.org/series/DEXJPUS
2025-09-23,엔/달러,147.83,https://fred.stlouisfed.org/series/DEXJPUS
2025-09-24,엔/달러,148.71,https://fred.stlouisfed.org/series/DEXJPUS
2025-09-25,엔/달러,149.78,https://fred.stlouisfed.org/series/DEXJPUS
2025-09-26,엔/달러,149.52,https://fred.stlouisfed.org/series/DEXJPUS
2025-09-29,엔/달러,148.57,https://fred.stlouisfed.org/series/DEXJPUS
2025-09-30,엔/달러,147.97,https://fred.stlouisfed.org/series/DEXJPUS
2025-10-01,엔/달러,147.16,https://fred.stlouisfed.org/series/DEXJPUS
2025-10-02,엔/달러,147.35,https://fred.stlouisfed.org/series/DEXJPUS
2025-10-03,엔/달러,147.33,https://fred.stlouisfed.org/series/DEXJPUS
2025-10-06,엔/달러,150.02,https://fred.stlouisfed.org/series/DEXJPUS
2025-10-07,엔/달러,151.17,https://fred.stlouisfed.org/series/DEXJPUS
2025-10-08,엔/달러,152.72,https://fred.stlouisfed.org/series/DEXJPUS
2025-10-09,엔/달러,153.05,https://fred.stlouisfed.org/series/DEXJPUS
2025-10-10,엔/달러,151.94,https://fred.stlouisfed.org/series/DEXJPUS
2025-10-14,엔/달러,151.77,https://fred.stlouisfed.org/series/DEXJPUS
2025-10-15,엔/달러,151.21,https://fred.stlouisfed.org/series/DEXJPUS
2025-10-16,엔/달러,150.75,https://fred.stlouisfed.org/series/DEXJPUS
2025-10-17,엔/달러,150.33,https://fred.stlouisfed.org/series/DEXJPUS
2025-10-20,엔/달러,150.59,https://fred.stlouisfed.org/series/DEXJPUS
2025-10-21,엔/달러,151.72,https://fred.stlouisfed.org/series/DEXJPUS
2025-10-22,엔/달러,151.79,https://fred.stlouisfed.org/series/DEXJPUS
2025-10-23,엔/달러,152.72,https://fred.stlouisfed.org/series/DEXJPUS
2025-10-24,엔/달러,152.82,https://fred.stlouisfed.org/series/DEXJPUS
2025-10-27,엔/달러,153.09,https://fred.stlouisfed.org/series/DEXJPUS
2025-10-28,엔/달러,152.14,https://fred.stlouisfed.org/series/DEXJPUS
2025-10-29,엔/달러,151.91,https://fred.stlouisfed.org/series/DEXJPUS
2025-10-30,엔/달러,154.17,https://fred.stlouisfed.org/series/DEXJPUS
2025-10-31,엔/달러,154.05,https://fred.stlouisfed.org/series/DEXJPUS
2025-11-03,엔/달러,154.13,https://fred.stlouisfed.org/series/DEXJPUS
2025-11-04,엔/달러,153.55,https://fred.stlouisfed.org/series/DEXJPUS
2025-11-05,엔/달러,154.11,https://fred.stlouisfed.org/series/DEXJPUS
2025-11-06,엔/달러,152.97,https://fred.stlouisfed.org/series/DEXJPUS
2025-11-07,엔/달러,153.06,https://fred.stlouisfed.org/series/DEXJPUS
2025-11-10,엔/달러,153.99,https://fred.stlouisfed.org/series/DEXJPUS
2025-11-12,엔/달러,154.64,https://fred.stlouisfed.org/series/DEXJPUS
2025-11-13,엔/달러,154.4,https://fred.stlouisfed.org/series/DEXJPUS
2025-11-14,엔/달러,154.64,https://fred.stlouisfed.org/series/DEXJPUS
2025-11-17,엔/달러,155.2,https://fred.stlouisfed.org/series/DEXJPUS
2025-11-18,엔/달러,155.44,https://fred.stlouisfed.org/series/DEXJPUS
2025-11-19,엔/달러,156.63,https://fred.stlouisfed.org/series/DEXJPUS
2025-11-20,엔/달러,157.41,https://fred.stlouisfed.org/series/DEXJPUS
2025-11-21,엔/달러,156.58,https://fred.stlouisfed.org/series/DEXJPUS
2025-11-24,엔/달러,156.94,https://fred.stlouisfed.org/series/DEXJPUS
2025-11-25,엔/달러,156.3,https://fred.stlouisfed.org/series/DEXJPUS
2025-11-26,엔/달러,156.38,https://fred.stlouisfed.org/series/DEXJPUS
2025-11-28,엔/달러,156.17,https://fred.stlouisfed.org/series/DEXJPUS
2025-12-01,엔/달러,155.28,https://fred.stlouisfed.org/series/DEXJPUS
2025-12-02,엔/달러,155.92,https://fred.stlouisfed.org/series/DEXJPUS
2025-12-03,엔/달러,155.17,https://fred.stlouisfed.org/series/DEXJPUS
2025-12-04,엔/달러,154.9,https://fred.stlouisfed.org/series/DEXJPUS
2025-12-05,엔/달러,155.3,https://fred.stlouisfed.org/series/DEXJPUS
2025-12-08,엔/달러,155.89,https://fred.stlouisfed.org/series/DEXJPUS
2025-12-09,엔/달러,156.85,https://fred.stlouisfed.org/series/DEXJPUS
2025-12-10,엔/달러,156.33,https://fred.stlouisfed.org/series/DEXJPUS
2025-12-11,엔/달러,155.15,https://fred.stlouisfed.org/series/DEXJPUS
2025-12-12,엔/달러,155.81,https://fred.stlouisfed.org/series/DEXJPUS
2025-12-15,엔/달러,155.29,https://fred.stlouisfed.org/series/DEXJPUS
2025-12-16,엔/달러,154.8,https://fred.stlouisfed.org/series/DEXJPUS
2025-12-17,엔/달러,155.6,https://fred.stlouisfed.org/series/DEXJPUS
2025-12-18,엔/달러,155.53,https://fred.stlouisfed.org/series/DEXJPUS
2025-12-19,엔/달러,157.43,https://fred.stlouisfed.org/series/DEXJPUS
2025-12-22,엔/달러,156.93,https://fred.stlouisfed.org/series/DEXJPUS
2025-12-23,엔/달러,156.33,https://fred.stlouisfed.org/series/DEXJPUS
2025-12-24,엔/달러,155.83,https://fred.stlouisfed.org/series/DEXJPUS
2025-12-26,엔/달러,156.63,https://fred.stlouisfed.org/series/DEXJPUS
2025-12-29,엔/달러,156.1,https://fred.stlouisfed.org/series/DEXJPUS
2025-12-30,엔/달러,156.26,https://fred.stlouisfed.org/series/DEXJPUS
2025-12-31,엔/달러,156.8,https://fred.stlouisfed.org/series/DEXJPUS
2026-01-02,엔/달러,156.72,https://fred.stlouisfed.org/series/DEXJPUS
2026-01-05,엔/달러,156.32,https://fred.stlouisfed.org/series/DEXJPUS
2026-01-06,엔/달러,156.7,https://fred.stlouisfed.org/series/DEXJPUS
2026-01-07,엔/달러,156.73,https://fred.stlouisfed.org/series/DEXJPUS
2026-01-08,엔/달러,156.9,https://fred.stlouisfed.org/series/DEXJPUS
2026-01-09,엔/달러,158.07,https://fred.stlouisfed.org/series/DEXJPUS
2026-01-12,엔/달러,158.15,https://fred.stlouisfed.org/series/DEXJPUS
2026-01-13,엔/달러,159.06,https://fred.stlouisfed.org/series/DEXJPUS
2026-01-14,엔/달러,158.13,https://fred.stlouisfed.org/series/DEXJPUS
2026-01-15,엔/달러,158.5,https://fred.stlouisfed.org/series/DEXJPUS
2026-01-16,엔/달러,158.02,https://fred.stlouisfed.org/series/DEXJPUS
2026-01-20,엔/달러,157.89,https://fred.stlouisfed.org/series/DEXJPUS
2026-01-21,엔/달러,158.16,https://fred.stlouisfed.org/series/DEXJPUS
2026-01-22,엔/달러,158.36,https://fred.stlouisfed.org/series/DEXJPUS
2026-01-23,엔/달러,157.57,https://fred.stlouisfed.org/series/DEXJPUS
2026-01-26,엔/달러,153.88,https://fred.stlouisfed.org/series/DEXJPUS
2026-01-27,엔/달러,153.03,https://fred.stlouisfed.org/series/DEXJPUS
2026-01-28,엔/달러,153.6,https://fred.stlouisfed.org/series/DEXJPUS
2026-01-29,엔/달러,152.88,https://fred.stlouisfed.org/series/DEXJPUS
2026-01-30,엔/달러,154.34,https://fred.stlouisfed.org/series/DEXJPUS
2026-02-02,엔/달러,155.5,https://fred.stlouisfed.org/series/DEXJPUS
2026-02-03,엔/달러,155.7,https://fred.stlouisfed.org/series/DEXJPUS
2026-02-04,엔/달러,156.61,https://fred.stlouisfed.org/series/DEXJPUS
2026-02-05,엔/달러,156.91,https://fred.stlouisfed.org/series/DEXJPUS
2026-02-06,엔/달러,157.1,https://fred.stlouisfed.org/series/DEXJPUS
2026-02-09,엔/달러,156.08,https://fred.stlouisfed.org/series/DEXJPUS
2026-02-10,엔/달러,154.28,https://fred.stlouisfed.org/series/DEXJPUS
2026-02-11,엔/달러,152.93,https://fred.stlouisfed.org/series/DEXJPUS
2026-02-12,엔/달러,152.64,https://fred.stlouisfed.org/series/DEXJPUS
2026-02-13,엔/달러,152.77,https://fred.stlouisfed.org/series/DEXJPUS
2026-02-17,엔/달러,153.57,https://fred.stlouisfed.org/series/DEXJPUS
2026-02-18,엔/달러,154.45,https://fred.stlouisfed.org/series/DEXJPUS
2026-02-19,엔/달러,154.96,https://fred.stlouisfed.org/series/DEXJPUS
2026-02-20,엔/달러,154.99,https://fred.stlouisfed.org/series/DEXJPUS
2026-02-23,엔/달러,154.3,https://fred.stlouisfed.org/series/DEXJPUS
2026-02-24,엔/달러,155.66,https://fred.stlouisfed.org/series/DEXJPUS
2026-02-25,엔/달러,156.3,https://fred.stlouisfed.org/series/DEXJPUS
2026-02-26,엔/달러,156.13,https://fred.stlouisfed.org/series/DEXJPUS
2026-02-27,엔/달러,156.05,https://fred.stlouisfed.org/series/DEXJPUS
2026-03-02,엔/달러,157.48,https://fred.stlouisfed.org/series/DEXJPUS
2026-03-03,엔/달러,157.69,https://fred.stlouisfed.org/series/DEXJPUS
2026-03-04,엔/달러,156.93,https://fred.stlouisfed.org/series/DEXJPUS
2026-03-05,엔/달러,157.58,https://fred.stlouisfed.org/series/DEXJPUS
2026-03-06,엔/달러,157.64,https://fred.stlouisfed.org/series/DEXJPUS
2026-03-09,엔/달러,158.08,https://fred.stlouisfed.org/series/DEXJPUS
2026-03-10,엔/달러,157.6,https://fred.stlouisfed.org/series/DEXJPUS
2026-03-11,엔/달러,158.83,https://fred.stlouisfed.org/series/DEXJPUS
2026-03-12,엔/달러,159.21,https://fred.stlouisfed.org/series/DEXJPUS
2026-03-13,엔/달러,159.54,https://fred.stlouisfed.org/series/DEXJPUS
2026-03-16,엔/달러,159.3,https://fred.stlouisfed.org/series/DEXJPUS
2026-03-17,엔/달러,159.03,https://fred.stlouisfed.org/series/DEXJPUS
2026-03-18,엔/달러,159.48,https://fred.stlouisfed.org/series/DEXJPUS
2026-03-19,엔/달러,158.19,https://fred.stlouisfed.org/series/DEXJPUS
2026-03-20,엔/달러,159.26,https://fred.stlouisfed.org/series/DEXJPUS
2026-03-23,엔/달러,158.7,https://fred.stlouisfed.org/series/DEXJPUS
2026-03-24,엔/달러,158.9,https://fred.stlouisfed.org/series/DEXJPUS
2026-03-25,엔/달러,159.2,https://fred.stlouisfed.org/series/DEXJPUS
2026-03-26,엔/달러,159.65,https://fred.stlouisfed.org/series/DEXJPUS
2026-03-27,엔/달러,160.16,https://fred.stlouisfed.org/series/DEXJPUS
2026-03-30,엔/달러,159.49,https://fred.stlouisfed.org/series/DEXJPUS
2026-03-31,엔/달러,159.08,https://fred.stlouisfed.org/series/DEXJPUS
2026-04-01,엔/달러,158.63,https://fred.stlouisfed.org/series/DEXJPUS
2026-04-02,엔/달러,159.34,https://fred.stlouisfed.org/series/DEXJPUS
2026-04-03,엔/달러,159.64,https://fred.stlouisfed.org/series/DEXJPUS
2026-04-06,엔/달러,159.71,https://fred.stlouisfed.org/series/DEXJPUS
2026-04-07,엔/달러,159.9,https://fred.stlouisfed.org/series/DEXJPUS
2026-04-08,엔/달러,158.39,https://fred.stlouisfed.org/series/DEXJPUS
2026-04-09,엔/달러,158.87,https://fred.stlouisfed.org/series/DEXJPUS
2026-04-10,엔/달러,159.22,https://fred.stlouisfed.org/series/DEXJPUS
2026-04-13,엔/달러,159.74,https://fred.stlouisfed.org/series/DEXJPUS
2026-04-14,엔/달러,158.91,https://fred.stlouisfed.org/series/DEXJPUS
2026-04-15,엔/달러,159.02,https://fred.stlouisfed.org/series/DEXJPUS
2026-04-16,엔/달러,159.07,https://fred.stlouisfed.org/series/DEXJPUS
2026-04-17,엔/달러,158.1,https://fred.stlouisfed.org/series/DEXJPUS
2026-04-20,엔/달러,158.66,https://fred.stlouisfed.org/series/DEXJPUS
2026-04-21,엔/달러,159.39,https://fred.stlouisfed.org/series/DEXJPUS
2026-04-22,엔/달러,159.49,https://fred.stlouisfed.org/series/DEXJPUS
2026-04-23,엔/달러,159.44,https://fred.stlouisfed.org/series/DEXJPUS
2026-04-24,엔/달러,159.35,https://fred.stlouisfed.org/series/DEXJPUS
2026-04-27,엔/달러,159.29,https://fred.stlouisfed.org/series/DEXJPUS
2026-04-28,엔/달러,159.53,https://fred.stlouisfed.org/series/DEXJPUS
2026-04-29,엔/달러,160.23,https://fred.stlouisfed.org/series/DEXJPUS
2026-04-30,엔/달러,156.66,https://fred.stlouisfed.org/series/DEXJPUS
2026-05-01,엔/달러,156.76,https://fred.stlouisfed.org/series/DEXJPUS
2026-05-04,엔/달러,157.21,https://fred.stlouisfed.org/series/DEXJPUS
2026-05-05,엔/달러,157.68,https://fred.stlouisfed.org/series/DEXJPUS
2026-05-06,엔/달러,156.44,https://fred.stlouisfed.org/series/DEXJPUS
2026-05-07,엔/달러,156.48,https://fred.stlouisfed.org/series/DEXJPUS
2026-05-08,엔/달러,156.64,https://fred.stlouisfed.org/series/DEXJPUS
2026-05-11,엔/달러,157.04,https://fred.stlouisfed.org/series/DEXJPUS
2026-05-12,엔/달러,157.71,https://fred.stlouisfed.org/series/DEXJPUS
2026-05-13,엔/달러,157.84,https://fred.stlouisfed.org/series/DEXJPUS
2026-05-14,엔/달러,158.08,https://fred.stlouisfed.org/series/DEXJPUS
2026-05-15,엔/달러,158.69,https://fred.stlouisfed.org/series/DEXJPUS
2026-05-18,엔/달러,158.83,https://fred.stlouisfed.org/series/DEXJPUS
2026-05-19,엔/달러,159.11,https://fred.stlouisfed.org/series/DEXJPUS
2026-05-20,엔/달러,158.84,https://fred.stlouisfed.org/series/DEXJPUS
2026-05-21,엔/달러,159.16,https://fred.stlouisfed.org/series/DEXJPUS
2026-05-22,엔/달러,159.2,https://fred.stlouisfed.org/series/DEXJPUS
2026-05-26,엔/달러,159.36,https://fred.stlouisfed.org/series/DEXJPUS
2026-05-27,엔/달러,159.47,https://fred.stlouisfed.org/series/DEXJPUS
2026-05-28,엔/달러,159.29,https://fred.stlouisfed.org/series/DEXJPUS
2026-05-29,엔/달러,159.23,https://fred.stlouisfed.org/series/DEXJPUS
2026-06-01,엔/달러,159.66,https://fred.stlouisfed.org/series/DEXJPUS
2026-06-02,엔/달러,159.86,https://fred.stlouisfed.org/series/DEXJPUS
2026-06-03,엔/달러,159.97,https://fred.stlouisfed.org/series/DEXJPUS
2026-06-04,엔/달러,159.97,https://fred.stlouisfed.org/series/DEXJPUS
2026-06-05,엔/달러,160.26,https://fred.stlouisfed.org/series/DEXJPUS
2026-06-08,엔/달러,160.12,https://fred.stlouisfed.org/series/DEXJPUS
2026-06-09,엔/달러,160.23,https://fred.stlouisfed.org/series/DEXJPUS
2026-06-10,엔/달러,160.47,https://fred.stlouisfed.org/series/DEXJPUS
2026-06-11,엔/달러,160.51,https://fred.stlouisfed.org/series/DEXJPUS
2026-06-12,엔/달러,160.24,https://fred.stlouisfed.org/series/DEXJPUS
2026-06-15,엔/달러,160.2,https://fred.stlouisfed.org/series/DEXJPUS
2026-06-16,엔/달러,160.39,https://fred.stlouisfed.org/series/DEXJPUS
2026-06-17,엔/달러,160.22,https://fred.stlouisfed.org/series/DEXJPUS
2026-06-18,엔/달러,161.37,https://fred.stlouisfed.org/series/DEXJPUS
2026-06-22,엔/달러,161.51,https://fred.stlouisfed.org/series/DEXJPUS
2026-06-23,엔/달러,161.55,https://fred.stlouisfed.org/series/DEXJPUS
2026-06-24,엔/달러,161.76,https://fred.stlouisfed.org/series/DEXJPUS
2026-06-25,엔/달러,161.67,https://fred.stlouisfed.org/series/DEXJPUS
2026-06-26,엔/달러,161.67,https://fred.stlouisfed.org/series/DEXJPUS
2026-06-29,엔/달러,161.93,https://fred.stlouisfed.org/series/DEXJPUS
2026-06-30,엔/달러,162.61,https://fred.stlouisfed.org/series/DEXJPUS
2026-07-01,엔/달러,162.41,https://fred.stlouisfed.org/series/DEXJPUS
2026-07-02,엔/달러,160.9,https://fred.stlouisfed.org/series/DEXJPUS
2026-07-06,엔/달러,162.28,https://fred.stlouisfed.org/series/DEXJPUS
2026-07-07,엔/달러,161.91,https://fred.stlouisfed.org/series/DEXJPUS
2026-07-08,엔/달러,162.67,https://fred.stlouisfed.org/series/DEXJPUS
2026-07-09,엔/달러,162.29,https://fred.stlouisfed.org/series/DEXJPUS
2026-07-10,엔/달러,161.31,https://fred.stlouisfed.org/series/DEXJPUS
2026-07-13,엔/달러,162.32,https://fred.stlouisfed.org/series/DEXJPUS
2026-07-14,엔/달러,162.14,https://fred.stlouisfed.org/series/DEXJPUS
2026-07-15,엔/달러,162.13,https://fred.stlouisfed.org/series/DEXJPUS
2026-07-16,엔/달러,162.42,https://fred.stlouisfed.org/series/DEXJPUS
2026-07-17,엔/달러,162.43,https://fred.stlouisfed.org/series/DEXJPUS
2026-07-20,엔/달러,162.59,https://fred.stlouisfed.org/series/DEXJPUS
2026-07-21,엔/달러,163.01,https://fred.stlouisfed.org/series/DEXJPUS
2026-07-22,엔/달러,163.08,https://fred.stlouisfed.org/series/DEXJPUS
2026-07-23,엔/달러,163.8,https://fred.stlouisfed.org/series/DEXJPUS
2026-07-24,엔/달러,163.71,https://fred.stlouisfed.org/series/DEXJPUS
2026-07-27,엔/달러,163.71,https://fred.stlouisfed.org/series/DEXJPUS
2026-07-28,엔/달러,163.65,https://fred.stlouisfed.org/series/DEXJPUS
2026-07-29,엔/달러,163.86,https://fred.stlouisfed.org/series/DEXJPUS
2026-07-30,엔/달러,159.47,https://fred.stlouisfed.org/series/DEXJPUS
2026-07-31,엔/달러,159.16,https://fred.stlouisfed.org/series/DEXJPUS
2026-08-03,엔/달러,156.96,https://fred.stlouisfed.org/series/DEXJPUS
2026-08-04,엔/달러,157.44,https://fred.stlouisfed.org/series/DEXJPUS
2026-08-05,엔/달러,157.63,https://fred.stlouisfed.org/series/DEXJPUS
2026-08-06,엔/달러,158.45,https://fred.stlouisfed.org/series/DEXJPUS
2026-08-07,엔/달러,157.54,https://fred.stlouisfed.org/series/DEXJPUS
2026-08-10,엔/달러,158.9,https://fred.stlouisfed.org/series/DEXJPUS
2026-08-11,엔/달러,159.25,https://fred.stlouisfed.org/series/DEXJPUS
2026-08-12,엔/달러,159.23,https://fred.stlouisfed.org/series/DEXJPUS
2026-08-13,엔/달러,159.35,https://fred.stlouisfed.org/series/DEXJPUS
2026-08-14,엔/달러,159.21,https://fred.stlouisfed.org/series/DEXJPUS
2026-08-17,엔/달러,159.34,https://fred.stlouisfed.org/series/DEXJPUS
2026-08-18,엔/달러,159.58,https://fred.stlouisfed.org/series/DEXJPUS
2026-08-19,엔/달러,158.45,https://fred.stlouisfed.org/series/DEXJPUS
2026-08-20,엔/달러,158.85,https://fred.stlouisfed.org/series/DEXJPUS
2026-08-21,엔/달러,158.91,https://fred.stlouisfed.org/series/DEXJPUS
2026-08-24,엔/달러,159.17,https://fred.stlouisfed.org/series/DEXJPUS
2026-08-25,엔/달러,159.21,https://fred.stlouisfed.org/series/DEXJPUS
2026-08-26,엔/달러,159.36,https://fred.stlouisfed.org/series/DEXJPUS
2026-08-27,엔/달러,159.26,https://fred.stlouisfed.org/series/DEXJPUS
2026-08-28,엔/달러,159.97,https://fred.stlouisfed.org/series/DEXJPUS
2026-08-31,엔/달러,159.74,https://fred.stlouisfed.org/series/DEXJPUS
2026-09-01,엔/달러,160.03,https://fred.stlouisfed.org/series/DEXJPUS
2026-09-02,엔/달러,158.79,https://fred.stlouisfed.org/series/DEXJPUS
2026-09-03,엔/달러,155.39,https://fred.stlouisfed.org/series/DEXJPUS
2026-09-04,엔/달러,156.11,https://fred.stlouisfed.org/series/DEXJPUS
2026-09-08,엔/달러,154.24,https://fred.stlouisfed.org/series/DEXJPUS
2026-09-09,엔/달러,153.5,https://fred.stlouisfed.org/series/DEXJPUS
2026-09-10,엔/달러,154.06,https://fred.stlouisfed.org/series/DEXJPUS
2026-09-11,엔/달러,153.71,https://fred.stlouisfed.org/series/DEXJPUS
2021-09-01,원/100엔,1057.04,https://ecos.bok.or.kr
2021-09-02,원/100엔,1051.84,https://ecos.bok.or.kr
2021-09-03,원/100엔,1054.7,https://ecos.bok.or.kr
2021-09-06,원/100엔,1053.72,https://ecos.bok.or.kr
2021-09-07,원/100엔,1053.67,https://ecos.bok.or.kr
2021-09-08,원/100엔,1049.82,https://ecos.bok.or.kr
2021-09-09,원/100엔,1056.28,https://ecos.bok.or.kr
2021-09-10,원/100엔,1065.81,https://ecos.bok.or.kr
2021-09-13,원/100엔,1065.36,https://ecos.bok.or.kr
2021-09-14,원/100엔,1067.4,https://ecos.bok.or.kr
2021-09-15,원/100엔,1068.4,https://ecos.bok.or.kr
2021-09-16,원/100엔,1071.66,https://ecos.bok.or.kr
2021-09-17,원/100엔,1065.58,https://ecos.bok.or.kr
2021-09-23,원/100엔,1072.64,https://ecos.bok.or.kr
2021-09-24,원/100엔,1071.45,https://ecos.bok.or.kr
2021-09-27,원/100엔,1060.79,https://ecos.bok.or.kr
2021-09-28,원/100엔,1059.37,https://ecos.bok.or.kr
2021-09-29,원/100엔,1059.38,https://ecos.bok.or.kr
2021-09-30,원/100엔,1058.18,https://ecos.bok.or.kr
2021-10-01,원/100엔,1064.06,https://ecos.bok.or.kr
2021-10-05,원/100엔,1069.98,https://ecos.bok.or.kr
2021-10-06,원/100엔,1064.81,https://ecos.bok.or.kr
2021-10-07,원/100엔,1067.98,https://ecos.bok.or.kr
2021-10-08,원/100엔,1066.05,https://ecos.bok.or.kr
2021-10-12,원/100엔,1052.38,https://ecos.bok.or.kr
2021-10-13,원/100엔,1055.82,https://ecos.bok.or.kr
2021-10-14,원/100엔,1055.14,https://ecos.bok.or.kr
2021-10-15,원/100엔,1044.71,https://ecos.bok.or.kr
2021-10-18,원/100엔,1034.59,https://ecos.bok.or.kr
2021-10-19,원/100엔,1037.4,https://ecos.bok.or.kr
2021-10-20,원/100엔,1032.73,https://ecos.bok.or.kr
2021-10-21,원/100엔,1027.85,https://ecos.bok.or.kr
2021-10-22,원/100엔,1031.72,https://ecos.bok.or.kr
2021-10-25,원/100엔,1037.92,https://ecos.bok.or.kr
2021-10-26,원/100엔,1030.38,https://ecos.bok.or.kr
2021-10-27,원/100엔,1021.41,https://ecos.bok.or.kr
2021-10-28,원/100엔,1026.63,https://ecos.bok.or.kr
2021-10-29,원/100엔,1031.65,https://ecos.bok.or.kr
2021-11-01,원/100엔,1024.84,https://ecos.bok.or.kr
2021-11-02,원/100엔,1031.25,https://ecos.bok.or.kr
2021-11-03,원/100엔,1031.28,https://ecos.bok.or.kr
2021-11-04,원/100엔,1035.78,https://ecos.bok.or.kr
2021-11-05,원/100엔,1036.54,https://ecos.bok.or.kr
2021-11-08,원/100엔,1044.83,https://ecos.bok.or.kr
2021-11-09,원/100엔,1045.79,https://ecos.bok.or.kr
2021-11-10,원/100엔,1043.52,https://ecos.bok.or.kr
2021-11-11,원/100엔,1037.01,https://ecos.bok.or.kr
2021-11-12,원/100엔,1038.8,https://ecos.bok.or.kr
2021-11-15,원/100엔,1034.78,https://ecos.bok.or.kr
2021-11-16,원/100엔,1034.22,https://ecos.bok.or.kr
2021-11-17,원/100엔,1027.03,https://ecos.bok.or.kr
2021-11-18,원/100엔,1036.34,https://ecos.bok.or.kr
2021-11-19,원/100엔,1033.31,https://ecos.bok.or.kr
2021-11-22,원/100엔,1037.57,https://ecos.bok.or.kr
2021-11-23,원/100엔,1033.92,https://ecos.bok.or.kr
2021-11-24,원/100엔,1032.79,https://ecos.bok.or.kr
2021-11-25,원/100엔,1029.54,https://ecos.bok.or.kr
2021-11-26,원/100엔,1031.79,https://ecos.bok.or.kr
2021-11-29,원/100엔,1049.53,https://ecos.bok.or.kr
2021-11-30,원/100엔,1049.56,https://ecos.bok.or.kr
2021-12-01,원/100엔,1049.16,https://ecos.bok.or.kr
2021-12-02,원/100엔,1045.81,https://ecos.bok.or.kr
2021-12-03,원/100엔,1039.97,https://ecos.bok.or.kr
2021-12-06,원/100엔,1042.69,https://ecos.bok.or.kr
2021-12-07,원/100엔,1043.23,https://ecos.bok.or.kr
2021-12-08,원/100엔,1040.48,https://ecos.bok.or.kr
2021-12-09,원/100엔,1034.43,https://ecos.bok.or.kr
2021-12-10,원/100엔,1034.73,https://ecos.bok.or.kr
2021-12-13,원/100엔,1038.47,https://ecos.bok.or.kr
2021-12-14,원/100엔,1038.0,https://ecos.bok.or.kr
2021-12-15,원/100엔,1040.57,https://ecos.bok.or.kr
2021-12-16,원/100엔,1039.8,https://ecos.bok.or.kr
2021-12-17,원/100엔,1040.81,https://ecos.bok.or.kr
2021-12-20,원/100엔,1042.01,https://ecos.bok.or.kr
2021-12-21,원/100엔,1047.04,https://ecos.bok.or.kr
2021-12-22,원/100엔,1044.67,https://ecos.bok.or.kr
2021-12-23,원/100엔,1043.68,https://ecos.bok.or.kr
2021-12-24,원/100엔,1037.48,https://ecos.bok.or.kr
2021-12-27,원/100엔,1037.06,https://ecos.bok.or.kr
2021-12-28,원/100엔,1032.6,https://ecos.bok.or.kr
2021-12-29,원/100엔,1033.76,https://ecos.bok.or.kr
2021-12-30,원/100엔,1032.14,https://ecos.bok.or.kr
2021-12-31,원/100엔,1030.24,https://ecos.bok.or.kr
2022-01-03,원/100엔,1029.57,https://ecos.bok.or.kr
2022-01-04,원/100엔,1032.38,https://ecos.bok.or.kr
2022-01-05,원/100엔,1027.93,https://ecos.bok.or.kr
2022-01-06,원/100엔,1032.09,https://ecos.bok.or.kr
2022-01-07,원/100엔,1035.43,https://ecos.bok.or.kr
2022-01-10,원/100엔,1039.82,https://ecos.bok.or.kr
2022-01-11,원/100엔,1041.44,https://ecos.bok.or.kr
2022-01-12,원/100엔,1036.56,https://ecos.bok.or.kr
2022-01-13,원/100엔,1037.99,https://ecos.bok.or.kr
2022-01-14,원/100엔,1040.41,https://ecos.bok.or.kr
2022-01-17,원/100엔,1038.7,https://ecos.bok.or.kr
2022-01-18,원/100엔,1040.36,https://ecos.bok.or.kr
2022-01-19,원/100엔,1037.48,https://ecos.bok.or.kr
2022-01-20,원/100엔,1041.97,https://ecos.bok.or.kr
2022-01-21,원/100엔,1044.16,https://ecos.bok.or.kr
2022-01-24,원/100엔,1049.36,https://ecos.bok.or.kr
2022-01-25,원/100엔,1047.5,https://ecos.bok.or.kr
2022-01-26,원/100엔,1051.62,https://ecos.bok.or.kr
2022-01-27,원/100엔,1043.36,https://ecos.bok.or.kr
2022-01-28,원/100엔,1042.8,https://ecos.bok.or.kr
2022-02-03,원/100엔,1053.75,https://ecos.bok.or.kr
2022-02-04,원/100엔,1048.4,https://ecos.bok.or.kr
2022-02-07,원/100엔,1040.19,https://ecos.bok.or.kr
2022-02-08,원/100엔,1042.37,https://ecos.bok.or.kr
2022-02-09,원/100엔,1035.94,https://ecos.bok.or.kr
2022-02-10,원/100엔,1035.09,https://ecos.bok.or.kr
2022-02-11,원/100엔,1030.46,https://ecos.bok.or.kr
2022-02-14,원/100엔,1038.57,https://ecos.bok.or.kr
2022-02-15,원/100엔,1037.22,https://ecos.bok.or.kr
2022-02-16,원/100엔,1036.63,https://ecos.bok.or.kr
2022-02-17,원/100엔,1036.77,https://ecos.bok.or.kr
2022-02-18,원/100엔,1042.45,https://ecos.bok.or.kr
2022-02-21,원/100엔,1041.25,https://ecos.bok.or.kr
2022-02-22,원/100엔,1042.45,https://ecos.bok.or.kr
2022-02-23,원/100엔,1038.33,https://ecos.bok.or.kr
2022-02-24,원/100엔,1037.19,https://ecos.bok.or.kr
2022-02-25,원/100엔,1038.76,https://ecos.bok.or.kr
2022-02-28,원/100엔,1041.52,https://ecos.bok.or.kr
2022-03-02,원/100엔,1049.49,https://ecos.bok.or.kr
2022-03-03,원/100엔,1043.52,https://ecos.bok.or.kr
2022-03-04,원/100엔,1042.21,https://ecos.bok.or.kr
2022-03-07,원/100엔,1054.17,https://ecos.bok.or.kr
2022-03-08,원/100엔,1062.65,https://ecos.bok.or.kr
2022-03-10,원/100엔,1065.56,https://ecos.bok.or.kr
2022-03-11,원/100엔,1057.81,https://ecos.bok.or.kr
2022-03-14,원/100엔,1048.9,https://ecos.bok.or.kr
2022-03-15,원/100엔,1047.22,https://ecos.bok.or.kr
2022-03-16,원/100엔,1049.49,https://ecos.bok.or.kr
2022-03-17,원/100엔,1043.89,https://ecos.bok.or.kr
2022-03-18,원/100엔,1029.82,https://ecos.bok.or.kr
2022-03-21,원/100엔,1015.38,https://ecos.bok.or.kr
2022-03-22,원/100엔,1015.1,https://ecos.bok.or.kr
2022-03-23,원/100엔,1007.71,https://ecos.bok.or.kr
2022-03-24,원/100엔,1001.61,https://ecos.bok.or.kr
2022-03-25,원/100엔,996.53,https://ecos.bok.or.kr
2022-03-28,원/100엔,995.79,https://ecos.bok.or.kr
2022-03-29,원/100엔,988.27,https://ecos.bok.or.kr
2022-03-30,원/100엔,992.48,https://ecos.bok.or.kr
2022-03-31,원/100엔,992.74,https://ecos.bok.or.kr
2022-04-01,원/100엔,993.88,https://ecos.bok.or.kr
2022-04-04,원/100엔,991.64,https://ecos.bok.or.kr
2022-04-05,원/100엔,991.0,https://ecos.bok.or.kr
2022-04-06,원/100엔,981.11,https://ecos.bok.or.kr
2022-04-07,원/100엔,984.14,https://ecos.bok.or.kr
2022-04-08,원/100엔,981.47,https://ecos.bok.or.kr
2022-04-11,원/100엔,984.2,https://ecos.bok.or.kr
2022-04-12,원/100엔,982.03,https://ecos.bok.or.kr
2022-04-13,원/100엔,985.69,https://ecos.bok.or.kr
2022-04-14,원/100엔,977.82,https://ecos.bok.or.kr
2022-04-15,원/100엔,971.55,https://ecos.bok.or.kr
2022-04-18,원/100엔,971.91,https://ecos.bok.or.kr
2022-04-19,원/100엔,969.45,https://ecos.bok.or.kr
2022-04-20,원/100엔,956.06,https://ecos.bok.or.kr
2022-04-21,원/100엔,967.13,https://ecos.bok.or.kr
2022-04-22,원/100엔,963.42,https://ecos.bok.or.kr
2022-04-25,원/100엔,964.61,https://ecos.bok.or.kr
2022-04-26,원/100엔,974.03,https://ecos.bok.or.kr
2022-04-27,원/100엔,980.79,https://ecos.bok.or.kr
2022-04-28,원/100엔,982.92,https://ecos.bok.or.kr
2022-04-29,원/100엔,970.16,https://ecos.bok.or.kr
2022-05-02,원/100엔,973.35,https://ecos.bok.or.kr
2022-05-03,원/100엔,972.23,https://ecos.bok.or.kr
2022-05-04,원/100엔,972.75,https://ecos.bok.or.kr
2022-05-06,원/100엔,968.94,https://ecos.bok.or.kr
2022-05-09,원/100엔,973.87,https://ecos.bok.or.kr
2022-05-10,원/100엔,977.57,https://ecos.bok.or.kr
2022-05-11,원/100엔,978.48,https://ecos.bok.or.kr
2022-05-12,원/100엔,982.95,https://ecos.bok.or.kr
2022-05-13,원/100엔,1000.58,https://ecos.bok.or.kr
2022-05-16,원/100엔,993.86,https://ecos.bok.or.kr
2022-05-17,원/100엔,993.3,https://ecos.bok.or.kr
2022-05-18,원/100엔,986.67,https://ecos.bok.or.kr
2022-05-19,원/100엔,988.98,https://ecos.bok.or.kr
2022-05-20,원/100엔,997.61,https://ecos.bok.or.kr
2022-05-23,원/100엔,992.69,https://ecos.bok.or.kr
2022-05-24,원/100엔,991.79,https://ecos.bok.or.kr
2022-05-25,원/100엔,996.57,https://ecos.bok.or.kr
2022-05-26,원/100엔,992.97,https://ecos.bok.or.kr
2022-05-27,원/100엔,996.5,https://ecos.bok.or.kr
2022-05-30,원/100엔,988.01,https://ecos.bok.or.kr
2022-05-31,원/100엔,975.61,https://ecos.bok.or.kr
2022-06-02,원/100엔,951.41,https://ecos.bok.or.kr
2022-06-03,원/100엔,963.31,https://ecos.bok.or.kr
2022-06-07,원/100엔,940.19,https://ecos.bok.or.kr
2022-06-08,원/100엔,947.0,https://ecos.bok.or.kr
2022-06-09,원/100엔,934.18,https://ecos.bok.or.kr
2022-06-10,원/100엔,935.4,https://ecos.bok.or.kr
2022-06-13,원/100엔,939.97,https://ecos.bok.or.kr
2022-06-14,원/100엔,957.88,https://ecos.bok.or.kr
2022-06-15,원/100엔,953.32,https://ecos.bok.or.kr
2022-06-16,원/100엔,963.12,https://ecos.bok.or.kr
2022-06-17,원/100엔,968.73,https://ecos.bok.or.kr
2022-06-20,원/100엔,952.4,https://ecos.bok.or.kr
2022-06-21,원/100엔,955.93,https://ecos.bok.or.kr
2022-06-22,원/100엔,945.63,https://ecos.bok.or.kr
2022-06-23,원/100엔,951.78,https://ecos.bok.or.kr
2022-06-24,원/100엔,964.66,https://ecos.bok.or.kr
2022-06-27,원/100엔,961.27,https://ecos.bok.or.kr
2022-06-28,원/100엔,949.87,https://ecos.bok.or.kr
2022-06-29,원/100엔,944.26,https://ecos.bok.or.kr
2022-06-30,원/100엔,946.45,https://ecos.bok.or.kr
2022-07-01,원/100엔,957.18,https://ecos.bok.or.kr
2022-07-04,원/100엔,957.14,https://ecos.bok.or.kr
2022-07-05,원/100엔,955.43,https://ecos.bok.or.kr
2022-07-06,원/100엔,957.05,https://ecos.bok.or.kr
2022-07-07,원/100엔,960.93,https://ecos.bok.or.kr
2022-07-08,원/100엔,958.11,https://ecos.bok.or.kr
2022-07-11,원/100엔,954.0,https://ecos.bok.or.kr
2022-07-12,원/100엔,947.1,https://ecos.bok.or.kr
2022-07-13,원/100엔,959.06,https://ecos.bok.or.kr
2022-07-14,원/100엔,949.99,https://ecos.bok.or.kr
2022-07-15,원/100엔,942.24,https://ecos.bok.or.kr
2022-07-18,원/100엔,956.19,https://ecos.bok.or.kr
2022-07-19,원/100엔,953.51,https://ecos.bok.or.kr
2022-07-20,원/100엔,951.34,https://ecos.bok.or.kr
2022-07-21,원/100엔,946.14,https://ecos.bok.or.kr
2022-07-22,원/100엔,956.17,https://ecos.bok.or.kr
2022-07-25,원/100엔,962.26,https://ecos.bok.or.kr
2022-07-26,원/100엔,960.47,https://ecos.bok.or.kr
2022-07-27,원/100엔,957.15,https://ecos.bok.or.kr
2022-07-28,원/100엔,962.57,https://ecos.bok.or.kr
2022-07-29,원/100엔,970.53,https://ecos.bok.or.kr
2022-08-01,원/100엔,973.43,https://ecos.bok.or.kr
2022-08-02,원/100엔,993.08,https://ecos.bok.or.kr
2022-08-03,원/100엔,981.57,https://ecos.bok.or.kr
2022-08-04,원/100엔,977.66,https://ecos.bok.or.kr
2022-08-05,원/100엔,986.22,https://ecos.bok.or.kr
2022-08-08,원/100엔,961.91,https://ecos.bok.or.kr
2022-08-09,원/100엔,967.06,https://ecos.bok.or.kr
2022-08-10,원/100엔,965.77,https://ecos.bok.or.kr
2022-08-11,원/100엔,985.29,https://ecos.bok.or.kr
2022-08-12,원/100엔,979.21,https://ecos.bok.or.kr
2022-08-16,원/100엔,979.22,https://ecos.bok.or.kr
2022-08-17,원/100엔,975.46,https://ecos.bok.or.kr
2022-08-18,원/100엔,969.32,https://ecos.bok.or.kr
2022-08-19,원/100엔,969.71,https://ecos.bok.or.kr
2022-08-22,원/100엔,968.75,https://ecos.bok.or.kr
2022-08-23,원/100엔,973.34,https://ecos.bok.or.kr
2022-08-24,원/100엔,981.82,https://ecos.bok.or.kr
2022-08-25,원/100엔,978.09,https://ecos.bok.or.kr
2022-08-26,원/100엔,978.95,https://ecos.bok.or.kr
2022-08-29,원/100엔,965.89,https://ecos.bok.or.kr
2022-08-30,원/100엔,971.35,https://ecos.bok.or.kr
2022-08-31,원/100엔,970.65,https://ecos.bok.or.kr
2022-09-01,원/100엔,966.34,https://ecos.bok.or.kr
2022-09-02,원/100엔,964.29,https://ecos.bok.or.kr
2022-09-05,원/100엔,966.34,https://ecos.bok.or.kr
2022-09-06,원/100엔,974.98,https://ecos.bok.or.kr
2022-09-07,원/100엔,956.05,https://ecos.bok.or.kr
2022-09-08,원/100엔,961.25,https://ecos.bok.or.kr
2022-09-13,원/100엔,968.07,https://ecos.bok.or.kr
2022-09-14,원/100엔,948.69,https://ecos.bok.or.kr
2022-09-15,원/100엔,973.25,https://ecos.bok.or.kr
2022-09-16,원/100엔,972.58,https://ecos.bok.or.kr
2022-09-19,원/100엔,975.54,https://ecos.bok.or.kr
2022-09-20,원/100엔,969.83,https://ecos.bok.or.kr
2022-09-21,원/100엔,967.17,https://ecos.bok.or.kr
2022-09-22,원/100엔,965.8,https://ecos.bok.or.kr
2022-09-23,원/100엔,989.15,https://ecos.bok.or.kr
2022-09-26,원/100엔,981.53,https://ecos.bok.or.kr
2022-09-27,원/100엔,988.8,https://ecos.bok.or.kr
2022-09-28,원/100엔,985.43,https://ecos.bok.or.kr
2022-09-29,원/100엔,995.67,https://ecos.bok.or.kr
2022-09-30,원/100엔,993.25,https://ecos.bok.or.kr
2022-10-04,원/100엔,991.38,https://ecos.bok.or.kr
2022-10-05,원/100엔,993.58,https://ecos.bok.or.kr
2022-10-06,원/100엔,982.08,https://ecos.bok.or.kr
2022-10-07,원/100엔,968.58,https://ecos.bok.or.kr
2022-10-11,원/100엔,968.31,https://ecos.bok.or.kr
2022-10-12,원/100엔,982.96,https://ecos.bok.or.kr
2022-10-13,원/100엔,974.88,https://ecos.bok.or.kr
2022-10-14,원/100엔,968.87,https://ecos.bok.or.kr
2022-10-17,원/100엔,961.67,https://ecos.bok.or.kr
2022-10-18,원/100엔,964.1,https://ecos.bok.or.kr
2022-10-19,원/100엔,955.82,https://ecos.bok.or.kr
2022-10-20,원/100엔,948.11,https://ecos.bok.or.kr
2022-10-21,원/100엔,953.42,https://ecos.bok.or.kr
2022-10-24,원/100엔,962.03,https://ecos.bok.or.kr
2022-10-25,원/100엔,965.39,https://ecos.bok.or.kr
2022-10-26,원/100엔,969.92,https://ecos.bok.or.kr
2022-10-27,원/100엔,975.58,https://ecos.bok.or.kr
2022-10-28,원/100엔,969.91,https://ecos.bok.or.kr
2022-10-31,원/100엔,961.19,https://ecos.bok.or.kr
2022-11-01,원/100엔,956.97,https://ecos.bok.or.kr
2022-11-02,원/100엔,960.9,https://ecos.bok.or.kr
2022-11-03,원/100엔,958.33,https://ecos.bok.or.kr
2022-11-04,원/100엔,959.39,https://ecos.bok.or.kr
2022-11-07,원/100엔,967.85,https://ecos.bok.or.kr
2022-11-08,원/100엔,959.12,https://ecos.bok.or.kr
2022-11-09,원/100엔,952.75,https://ecos.bok.or.kr
2022-11-10,원/100엔,934.22,https://ecos.bok.or.kr
2022-11-11,원/100엔,966.39,https://ecos.bok.or.kr
2022-11-14,원/100엔,954.74,https://ecos.bok.or.kr
2022-11-15,원/100엔,942.84,https://ecos.bok.or.kr
2022-11-16,원/100엔,950.31,https://ecos.bok.or.kr
2022-11-17,원/100엔,950.8,https://ecos.bok.or.kr
2022-11-18,원/100엔,954.3,https://ecos.bok.or.kr
2022-11-21,원/100엔,955.2,https://ecos.bok.or.kr
2022-11-22,원/100엔,951.96,https://ecos.bok.or.kr
2022-11-23,원/100엔,960.37,https://ecos.bok.or.kr
2022-11-24,원/100엔,969.63,https://ecos.bok.or.kr
2022-11-25,원/100엔,961.18,https://ecos.bok.or.kr
2022-11-28,원/100엔,952.31,https://ecos.bok.or.kr
2022-11-29,원/100엔,964.18,https://ecos.bok.or.kr
2022-11-30,원/100엔,959.54,https://ecos.bok.or.kr
2022-12-01,원/100엔,957.74,https://ecos.bok.or.kr
2022-12-02,원/100엔,961.74,https://ecos.bok.or.kr
2022-12-05,원/100엔,966.59,https://ecos.bok.or.kr
2022-12-06,원/100엔,945.63,https://ecos.bok.or.kr
2022-12-07,원/100엔,955.93,https://ecos.bok.or.kr
2022-12-08,원/100엔,967.13,https://ecos.bok.or.kr
2022-12-09,원/100엔,966.3,https://ecos.bok.or.kr
2022-12-12,원/100엔,955.75,https://ecos.bok.or.kr
2022-12-13,원/100엔,952.35,https://ecos.bok.or.kr
2022-12-14,원/100엔,963.05,https://ecos.bok.or.kr
2022-12-15,원/100엔,956.74,https://ecos.bok.or.kr
2022-12-16,원/100엔,944.43,https://ecos.bok.or.kr
2022-12-19,원/100엔,961.58,https://ecos.bok.or.kr
2022-12-20,원/100엔,950.89,https://ecos.bok.or.kr
2022-12-21,원/100엔,983.74,https://ecos.bok.or.kr
2022-12-22,원/100엔,972.45,https://ecos.bok.or.kr
2022-12-23,원/100엔,963.68,https://ecos.bok.or.kr
2022-12-26,원/100엔,965.4,https://ecos.bok.or.kr
2022-12-27,원/100엔,961.04,https://ecos.bok.or.kr
2022-12-28,원/100엔,950.18,https://ecos.bok.or.kr
2022-12-29,원/100엔,945.19,https://ecos.bok.or.kr
2022-12-30,원/100엔,953.18,https://ecos.bok.or.kr
2023-01-02,원/100엔,968.55,https://ecos.bok.or.kr
2023-01-03,원/100엔,971.93,https://ecos.bok.or.kr
2023-01-04,원/100엔,970.77,https://ecos.bok.or.kr
2023-01-05,원/100엔,962.62,https://ecos.bok.or.kr
2023-01-06,원/100엔,952.14,https://ecos.bok.or.kr
2023-01-09,원/100엔,958.55,https://ecos.bok.or.kr
2023-01-10,원/100엔,945.94,https://ecos.bok.or.kr
2023-01-11,원/100엔,938.72,https://ecos.bok.or.kr
2023-01-12,원/100엔,942.09,https://ecos.bok.or.kr
2023-01-13,원/100엔,962.46,https://ecos.bok.or.kr
2023-01-16,원/100엔,969.86,https://ecos.bok.or.kr
2023-01-17,원/100엔,961.92,https://ecos.bok.or.kr
2023-01-18,원/100엔,965.69,https://ecos.bok.or.kr
2023-01-19,원/100엔,962.99,https://ecos.bok.or.kr
2023-01-20,원/100엔,962.35,https://ecos.bok.or.kr
2023-01-25,원/100엔,948.92,https://ecos.bok.or.kr
2023-01-26,원/100엔,953.21,https://ecos.bok.or.kr
2023-01-27,원/100엔,946.68,https://ecos.bok.or.kr
2023-01-30,원/100엔,947.51,https://ecos.bok.or.kr
2023-01-31,원/100엔,942.22,https://ecos.bok.or.kr
2023-02-01,원/100엔,946.15,https://ecos.bok.or.kr
2023-02-02,원/100엔,957.06,https://ecos.bok.or.kr
2023-02-03,원/100엔,947.47,https://ecos.bok.or.kr
2023-02-06,원/100엔,931.18,https://ecos.bok.or.kr
2023-02-07,원/100엔,940.34,https://ecos.bok.or.kr
2023-02-08,원/100엔,957.94,https://ecos.bok.or.kr
2023-02-09,원/100엔,957.32,https://ecos.bok.or.kr
2023-02-10,원/100엔,960.79,https://ecos.bok.or.kr
2023-02-13,원/100엔,961.48,https://ecos.bok.or.kr
2023-02-14,원/100엔,962.43,https://ecos.bok.or.kr
2023-02-15,원/100엔,954.06,https://ecos.bok.or.kr
2023-02-16,원/100엔,955.27,https://ecos.bok.or.kr
2023-02-17,원/100엔,957.16,https://ecos.bok.or.kr
2023-02-20,원/100엔,966.34,https://ecos.bok.or.kr
2023-02-21,원/100엔,965.07,https://ecos.bok.or.kr
2023-02-22,원/100엔,960.07,https://ecos.bok.or.kr
2023-02-23,원/100엔,966.67,https://ecos.bok.or.kr
2023-02-24,원/100엔,965.78,https://ecos.bok.or.kr
2023-02-27,원/100엔,953.69,https://ecos.bok.or.kr
2023-02-28,원/100엔,967.36,https://ecos.bok.or.kr
2023-03-02,원/100엔,969.39,https://ecos.bok.or.kr
2023-03-03,원/100엔,958.49,https://ecos.bok.or.kr
2023-03-06,원/100엔,960.22,https://ecos.bok.or.kr
2023-03-07,원/100엔,954.19,https://ecos.bok.or.kr
2023-03-08,원/100엔,946.87,https://ecos.bok.or.kr
2023-03-09,원/100엔,961.66,https://ecos.bok.or.kr
2023-03-10,원/100엔,969.26,https://ecos.bok.or.kr
2023-03-13,원/100엔,988.26,https://ecos.bok.or.kr
2023-03-14,원/100엔,980.9,https://ecos.bok.or.kr
2023-03-15,원/100엔,971.81,https://ecos.bok.or.kr
2023-03-16,원/100엔,977.73,https://ecos.bok.or.kr
2023-03-17,원/100엔,983.4,https://ecos.bok.or.kr
2023-03-20,원/100엔,987.09,https://ecos.bok.or.kr
2023-03-21,원/100엔,996.0,https://ecos.bok.or.kr
2023-03-22,원/100엔,988.62,https://ecos.bok.or.kr
2023-03-23,원/100엔,994.94,https://ecos.bok.or.kr
2023-03-24,원/100엔,984.21,https://ecos.bok.or.kr
2023-03-27,원/100엔,986.27,https://ecos.bok.or.kr
2023-03-28,원/100엔,989.54,https://ecos.bok.or.kr
2023-03-29,원/100엔,991.4,https://ecos.bok.or.kr
2023-03-30,원/100엔,979.09,https://ecos.bok.or.kr
2023-03-31,원/100엔,981.44,https://ecos.bok.or.kr
2023-04-03,원/100엔,972.71,https://ecos.bok.or.kr
2023-04-04,원/100엔,995.27,https://ecos.bok.or.kr
2023-04-05,원/100엔,995.03,https://ecos.bok.or.kr
2023-04-06,원/100엔,1001.34,https://ecos.bok.or.kr
2023-04-07,원/100엔,999.77,https://ecos.bok.or.kr
2023-04-10,원/100엔,999.36,https://ecos.bok.or.kr
2023-04-11,원/100엔,988.28,https://ecos.bok.or.kr
2023-04-12,원/100엔,987.32,https://ecos.bok.or.kr
2023-04-13,원/100엔,995.34,https://ecos.bok.or.kr
2023-04-14,원/100엔,994.15,https://ecos.bok.or.kr
2023-04-17,원/100엔,970.1,https://ecos.bok.or.kr
2023-04-18,원/100엔,975.27,https://ecos.bok.or.kr
2023-04-19,원/100엔,984.07,https://ecos.bok.or.kr
2023-04-20,원/100엔,978.66,https://ecos.bok.or.kr
2023-04-21,원/100엔,989.6,https://ecos.bok.or.kr
2023-04-24,원/100엔,990.86,https://ecos.bok.or.kr
2023-04-25,원/100엔,993.7,https://ecos.bok.or.kr
2023-04-26,원/100엔,997.42,https://ecos.bok.or.kr
2023-04-27,원/100엔,1001.61,https://ecos.bok.or.kr
2023-04-28,원/100엔,1000.63,https://ecos.bok.or.kr
2023-05-02,원/100엔,974.0,https://ecos.bok.or.kr
2023-05-03,원/100엔,982.34,https://ecos.bok.or.kr
2023-05-04,원/100엔,995.21,https://ecos.bok.or.kr
2023-05-08,원/100엔,980.87,https://ecos.bok.or.kr
2023-05-09,원/100엔,979.52,https://ecos.bok.or.kr
2023-05-10,원/100엔,978.22,https://ecos.bok.or.kr
2023-05-11,원/100엔,987.36,https://ecos.bok.or.kr
2023-05-12,원/100엔,981.85,https://ecos.bok.or.kr
2023-05-15,원/100엔,982.21,https://ecos.bok.or.kr
2023-05-16,원/100엔,983.57,https://ecos.bok.or.kr
2023-05-17,원/100엔,979.29,https://ecos.bok.or.kr
2023-05-18,원/100엔,973.44,https://ecos.bok.or.kr
2023-05-19,원/100엔,962.0,https://ecos.bok.or.kr
2023-05-22,원/100엔,967.34,https://ecos.bok.or.kr
2023-05-23,원/100엔,951.9,https://ecos.bok.or.kr
2023-05-24,원/100엔,946.59,https://ecos.bok.or.kr
2023-05-25,원/100엔,946.31,https://ecos.bok.or.kr
2023-05-26,원/100엔,945.72,https://ecos.bok.or.kr
2023-05-30,원/100엔,943.72,https://ecos.bok.or.kr
2023-05-31,원/100엔,945.98,https://ecos.bok.or.kr
2023-06-01,원/100엔,950.01,https://ecos.bok.or.kr
2023-06-02,원/100엔,951.75,https://ecos.bok.or.kr
2023-06-05,원/100엔,934.02,https://ecos.bok.or.kr
2023-06-07,원/100엔,937.28,https://ecos.bok.or.kr
2023-06-08,원/100엔,928.63,https://ecos.bok.or.kr
2023-06-09,원/100엔,940.69,https://ecos.bok.or.kr
2023-06-12,원/100엔,928.81,https://ecos.bok.or.kr
2023-06-13,원/100엔,925.75,https://ecos.bok.or.kr
2023-06-14,원/100엔,911.49,https://ecos.bok.or.kr
2023-06-15,원/100엔,911.0,https://ecos.bok.or.kr
2023-06-16,원/100엔,913.48,https://ecos.bok.or.kr
2023-06-19,원/100엔,897.49,https://ecos.bok.or.kr
2023-06-20,원/100엔,902.31,https://ecos.bok.or.kr
2023-06-21,원/100엔,907.46,https://ecos.bok.or.kr
2023-06-22,원/100엔,911.5,https://ecos.bok.or.kr
2023-06-23,원/100엔,902.67,https://ecos.bok.or.kr
2023-06-26,원/100엔,907.01,https://ecos.bok.or.kr
2023-06-27,원/100엔,909.11,https://ecos.bok.or.kr
2023-06-28,원/100엔,905.34,https://ecos.bok.or.kr
2023-06-29,원/100엔,903.35,https://ecos.bok.or.kr
2023-06-30,원/100엔,906.97,https://ecos.bok.or.kr
2023-07-03,원/100엔,913.87,https://ecos.bok.or.kr
2023-07-04,원/100엔,905.57,https://ecos.bok.or.kr
2023-07-05,원/100엔,900.92,https://ecos.bok.or.kr
2023-07-06,원/100엔,900.05,https://ecos.bok.or.kr
2023-07-07,원/100엔,905.51,https://ecos.bok.or.kr
2023-07-10,원/100엔,919.11,https://ecos.bok.or.kr
2023-07-11,원/100엔,922.82,https://ecos.bok.or.kr
2023-07-12,원/100엔,923.25,https://ecos.bok.or.kr
2023-07-13,원/100엔,932.92,https://ecos.bok.or.kr
2023-07-14,원/100엔,925.22,https://ecos.bok.or.kr
2023-07-17,원/100엔,911.99,https://ecos.bok.or.kr
2023-07-18,원/100엔,912.87,https://ecos.bok.or.kr
2023-07-19,원/100엔,908.31,https://ecos.bok.or.kr
2023-07-20,원/100엔,906.03,https://ecos.bok.or.kr
2023-07-21,원/100엔,904.37,https://ecos.bok.or.kr
2023-07-24,원/100엔,904.61,https://ecos.bok.or.kr
2023-07-25,원/100엔,907.12,https://ecos.bok.or.kr
2023-07-26,원/100엔,908.78,https://ecos.bok.or.kr
2023-07-27,원/100엔,910.59,https://ecos.bok.or.kr
2023-07-28,원/100엔,914.4,https://ecos.bok.or.kr
2023-07-31,원/100엔,908.28,https://ecos.bok.or.kr
2023-08-01,원/100엔,895.18,https://ecos.bok.or.kr
2023-08-02,원/100엔,896.0,https://ecos.bok.or.kr
2023-08-03,원/100엔,902.78,https://ecos.bok.or.kr
2023-08-04,원/100엔,911.02,https://ecos.bok.or.kr
2023-08-07,원/100엔,919.05,https://ecos.bok.or.kr
2023-08-08,원/100엔,915.58,https://ecos.bok.or.kr
2023-08-09,원/100엔,916.08,https://ecos.bok.or.kr
2023-08-10,원/100엔,917.49,https://ecos.bok.or.kr
2023-08-11,원/100엔,909.77,https://ecos.bok.or.kr
2023-08-14,원/100엔,911.7,https://ecos.bok.or.kr
2023-08-16,원/100엔,914.26,https://ecos.bok.or.kr
2023-08-17,원/100엔,914.8,https://ecos.bok.or.kr
2023-08-18,원/100엔,920.76,https://ecos.bok.or.kr
2023-08-21,원/100엔,919.75,https://ecos.bok.or.kr
2023-08-22,원/100엔,917.48,https://ecos.bok.or.kr
2023-08-23,원/100엔,918.05,https://ecos.bok.or.kr
2023-08-24,원/100엔,924.38,https://ecos.bok.or.kr
2023-08-25,원/100엔,906.88,https://ecos.bok.or.kr
2023-08-28,원/100엔,905.0,https://ecos.bok.or.kr
2023-08-29,원/100엔,903.13,https://ecos.bok.or.kr
2023-08-30,원/100엔,906.69,https://ecos.bok.or.kr
2023-08-31,원/100엔,905.07,https://ecos.bok.or.kr
2023-09-01,원/100엔,908.64,https://ecos.bok.or.kr
2023-09-04,원/100엔,902.94,https://ecos.bok.or.kr
2023-09-05,원/100엔,900.45,https://ecos.bok.or.kr
2023-09-06,원/100엔,897.86,https://ecos.bok.or.kr
2023-09-07,원/100엔,902.63,https://ecos.bok.or.kr
2023-09-08,원/100엔,906.2,https://ecos.bok.or.kr
2023-09-11,원/100엔,905.75,https://ecos.bok.or.kr
2023-09-12,원/100엔,909.08,https://ecos.bok.or.kr
2023-09-13,원/100엔,901.59,https://ecos.bok.or.kr
2023-09-14,원/100엔,901.18,https://ecos.bok.or.kr
2023-09-15,원/100엔,899.08,https://ecos.bok.or.kr
2023-09-18,원/100엔,897.91,https://ecos.bok.or.kr
2023-09-19,원/100엔,898.34,https://ecos.bok.or.kr
2023-09-20,원/100엔,896.18,https://ecos.bok.or.kr
2023-09-21,원/100엔,896.45,https://ecos.bok.or.kr
2023-09-22,원/100엔,907.34,https://ecos.bok.or.kr
2023-09-25,원/100엔,901.32,https://ecos.bok.or.kr
2023-09-26,원/100엔,896.21,https://ecos.bok.or.kr
2023-09-27,원/100엔,902.22,https://ecos.bok.or.kr
2023-10-04,원/100엔,906.27,https://ecos.bok.or.kr
2023-10-05,원/100엔,913.37,https://ecos.bok.or.kr
2023-10-06,원/100엔,909.08,https://ecos.bok.or.kr
2023-10-10,원/100엔,908.25,https://ecos.bok.or.kr
2023-10-11,원/100엔,907.55,https://ecos.bok.or.kr
2023-10-12,원/100엔,898.97,https://ecos.bok.or.kr
2023-10-13,원/100엔,894.73,https://ecos.bok.or.kr
2023-10-16,원/100엔,901.98,https://ecos.bok.or.kr
2023-10-17,원/100엔,905.1,https://ecos.bok.or.kr
2023-10-18,원/100엔,902.56,https://ecos.bok.or.kr
2023-10-19,원/100엔,901.95,https://ecos.bok.or.kr
2023-10-20,원/100엔,906.18,https://ecos.bok.or.kr
2023-10-23,원/100엔,904.15,https://ecos.bok.or.kr
2023-10-24,원/100엔,903.97,https://ecos.bok.or.kr
2023-10-25,원/100엔,896.74,https://ecos.bok.or.kr
2023-10-26,원/100엔,896.98,https://ecos.bok.or.kr
2023-10-27,원/100엔,902.42,https://ecos.bok.or.kr
2023-10-30,원/100엔,903.43,https://ecos.bok.or.kr
2023-10-31,원/100엔,907.04,https://ecos.bok.or.kr
2023-11-01,원/100엔,892.39,https://ecos.bok.or.kr
2023-11-02,원/100엔,900.64,https://ecos.bok.or.kr
2023-11-03,원/100엔,892.67,https://ecos.bok.or.kr
2023-11-06,원/100엔,887.27,https://ecos.bok.or.kr
2023-11-07,원/100엔,868.8,https://ecos.bok.or.kr
2023-11-08,원/100엔,868.62,https://ecos.bok.or.kr
2023-11-09,원/100엔,865.23,https://ecos.bok.or.kr
2023-11-10,원/100엔,864.94,https://ecos.bok.or.kr
2023-11-13,원/100엔,869.22,https://ecos.bok.or.kr
2023-11-14,원/100엔,872.12,https://ecos.bok.or.kr
2023-11-15,원/100엔,881.07,https://ecos.bok.or.kr
2023-11-16,원/100엔,860.66,https://ecos.bok.or.kr
2023-11-17,원/100엔,865.29,https://ecos.bok.or.kr
2023-11-20,원/100엔,864.58,https://ecos.bok.or.kr
2023-11-21,원/100엔,871.89,https://ecos.bok.or.kr
2023-11-22,원/100엔,869.57,https://ecos.bok.or.kr
2023-11-23,원/100엔,866.54,https://ecos.bok.or.kr
2023-11-24,원/100엔,868.26,https://ecos.bok.or.kr
2023-11-27,원/100엔,870.82,https://ecos.bok.or.kr
2023-11-28,원/100엔,878.08,https://ecos.bok.or.kr
2023-11-29,원/100엔,878.27,https://ecos.bok.or.kr
2023-11-30,원/100엔,877.29,https://ecos.bok.or.kr
2023-12-01,원/100엔,871.21,https://ecos.bok.or.kr
2023-12-04,원/100엔,890.41,https://ecos.bok.or.kr
2023-12-05,원/100엔,884.53,https://ecos.bok.or.kr
2023-12-06,원/100엔,891.55,https://ecos.bok.or.kr
2023-12-07,원/100엔,891.36,https://ecos.bok.or.kr
2023-12-08,원/100엔,919.15,https://ecos.bok.or.kr
2023-12-11,원/100엔,903.09,https://ecos.bok.or.kr
2023-12-12,원/100엔,901.93,https://ecos.bok.or.kr
2023-12-13,원/100엔,904.76,https://ecos.bok.or.kr
2023-12-14,원/100엔,923.76,https://ecos.bok.or.kr
2023-12-15,원/100엔,912.04,https://ecos.bok.or.kr
2023-12-18,원/100엔,909.93,https://ecos.bok.or.kr
2023-12-19,원/100엔,909.42,https://ecos.bok.or.kr
2023-12-20,원/100엔,906.89,https://ecos.bok.or.kr
2023-12-21,원/100엔,906.35,https://ecos.bok.or.kr
2023-12-22,원/100엔,917.59,https://ecos.bok.or.kr
2023-12-26,원/100엔,914.63,https://ecos.bok.or.kr
2023-12-27,원/100엔,911.15,https://ecos.bok.or.kr
2023-12-28,원/100엔,914.16,https://ecos.bok.or.kr
2023-12-29,원/100엔,912.66,https://ecos.bok.or.kr
2024-01-02,원/100엔,915.6,https://ecos.bok.or.kr
2024-01-03,원/100엔,914.55,https://ecos.bok.or.kr
2024-01-04,원/100엔,914.76,https://ecos.bok.or.kr
2024-01-05,원/100엔,905.68,https://ecos.bok.or.kr
2024-01-08,원/100엔,907.47,https://ecos.bok.or.kr
2024-01-09,원/100엔,912.14,https://ecos.bok.or.kr
2024-01-10,원/100엔,908.94,https://ecos.bok.or.kr
2024-01-11,원/100엔,906.6,https://ecos.bok.or.kr
2024-01-12,원/100엔,906.24,https://ecos.bok.or.kr
2024-01-15,원/100엔,906.03,https://ecos.bok.or.kr
2024-01-16,원/100엔,905.09,https://ecos.bok.or.kr
2024-01-17,원/100엔,903.22,https://ecos.bok.or.kr
2024-01-18,원/100엔,906.74,https://ecos.bok.or.kr
2024-01-19,원/100엔,906.57,https://ecos.bok.or.kr
2024-01-22,원/100엔,901.91,https://ecos.bok.or.kr
2024-01-23,원/100엔,901.52,https://ecos.bok.or.kr
2024-01-24,원/100엔,900.82,https://ecos.bok.or.kr
2024-01-25,원/100엔,907.34,https://ecos.bok.or.kr
2024-01-26,원/100엔,905.04,https://ecos.bok.or.kr
2024-01-29,원/100엔,902.62,https://ecos.bok.or.kr
2024-01-30,원/100엔,906.74,https://ecos.bok.or.kr
2024-01-31,원/100엔,901.89,https://ecos.bok.or.kr
2024-02-01,원/100엔,908.19,https://ecos.bok.or.kr
2024-02-02,원/100엔,910.24,https://ecos.bok.or.kr
2024-02-05,원/100엔,892.23,https://ecos.bok.or.kr
2024-02-06,원/100엔,897.75,https://ecos.bok.or.kr
2024-02-07,원/100엔,899.65,https://ecos.bok.or.kr
2024-02-08,원/100엔,895.2,https://ecos.bok.or.kr
2024-02-13,원/100엔,888.8,https://ecos.bok.or.kr
2024-02-14,원/100엔,882.04,https://ecos.bok.or.kr
2024-02-15,원/100엔,888.48,https://ecos.bok.or.kr
2024-02-16,원/100엔,889.48,https://ecos.bok.or.kr
2024-02-19,원/100엔,888.05,https://ecos.bok.or.kr
2024-02-20,원/100엔,888.37,https://ecos.bok.or.kr
2024-02-21,원/100엔,892.2,https://ecos.bok.or.kr
2024-02-22,원/100엔,888.08,https://ecos.bok.or.kr
2024-02-23,원/100엔,884.53,https://ecos.bok.or.kr
2024-02-26,원/100엔,883.11,https://ecos.bok.or.kr
2024-02-27,원/100엔,883.57,https://ecos.bok.or.kr
2024-02-28,원/100엔,884.73,https://ecos.bok.or.kr
2024-02-29,원/100엔,885.76,https://ecos.bok.or.kr
2024-03-04,원/100엔,888.66,https://ecos.bok.or.kr
2024-03-05,원/100엔,884.2,https://ecos.bok.or.kr
2024-03-06,원/100엔,889.57,https://ecos.bok.or.kr
2024-03-07,원/100엔,894.61,https://ecos.bok.or.kr
2024-03-08,원/100엔,898.89,https://ecos.bok.or.kr
2024-03-11,원/100엔,900.47,https://ecos.bok.or.kr
2024-03-12,원/100엔,894.73,https://ecos.bok.or.kr
2024-03-13,원/100엔,888.55,https://ecos.bok.or.kr
2024-03-14,원/100엔,889.1,https://ecos.bok.or.kr
2024-03-15,원/100엔,888.12,https://ecos.bok.or.kr
2024-03-18,원/100엔,891.51,https://ecos.bok.or.kr
2024-03-19,원/100엔,894.24,https://ecos.bok.or.kr
2024-03-20,원/100엔,886.81,https://ecos.bok.or.kr
2024-03-21,원/100엔,887.17,https://ecos.bok.or.kr
2024-03-22,원/100엔,874.49,https://ecos.bok.or.kr
2024-03-25,원/100엔,883.87,https://ecos.bok.or.kr
2024-03-26,원/100엔,885.56,https://ecos.bok.or.kr
2024-03-27,원/100엔,883.24,https://ecos.bok.or.kr
2024-03-28,원/100엔,889.17,https://ecos.bok.or.kr
2024-03-29,원/100엔,889.48,https://ecos.bok.or.kr
2024-04-01,원/100엔,890.11,https://ecos.bok.or.kr
2024-04-02,원/100엔,888.32,https://ecos.bok.or.kr
2024-04-03,원/100엔,892.69,https://ecos.bok.or.kr
2024-04-04,원/100엔,889.88,https://ecos.bok.or.kr
2024-04-05,원/100엔,890.53,https://ecos.bok.or.kr
2024-04-08,원/100엔,891.37,https://ecos.bok.or.kr
2024-04-09,원/100엔,891.49,https://ecos.bok.or.kr
2024-04-11,원/100엔,885.55,https://ecos.bok.or.kr
2024-04-12,원/100엔,890.06,https://ecos.bok.or.kr
2024-04-15,원/100엔,894.8,https://ecos.bok.or.kr
2024-04-16,원/100엔,897.43,https://ecos.bok.or.kr
2024-04-17,원/100엔,901.91,https://ecos.bok.or.kr
2024-04-18,원/100엔,898.36,https://ecos.bok.or.kr
2024-04-19,원/100엔,889.77,https://ecos.bok.or.kr
2024-04-22,원/100엔,895.89,https://ecos.bok.or.kr
2024-04-23,원/100엔,891.89,https://ecos.bok.or.kr
2024-04-24,원/100엔,890.26,https://ecos.bok.or.kr
2024-04-25,원/100엔,882.48,https://ecos.bok.or.kr
2024-04-26,원/100엔,884.79,https://ecos.bok.or.kr
2024-04-29,원/100엔,869.12,https://ecos.bok.or.kr
2024-04-30,원/100엔,882.68,https://ecos.bok.or.kr
2024-05-02,원/100엔,886.17,https://ecos.bok.or.kr
2024-05-03,원/100엔,899.92,https://ecos.bok.or.kr
2024-05-07,원/100엔,885.83,https://ecos.bok.or.kr
2024-05-08,원/100엔,877.44,https://ecos.bok.or.kr
2024-05-09,원/100엔,877.12,https://ecos.bok.or.kr
2024-05-10,원/100엔,880.53,https://ecos.bok.or.kr
2024-05-13,원/100엔,878.01,https://ecos.bok.or.kr
2024-05-14,원/100엔,876.95,https://ecos.bok.or.kr
2024-05-16,원/100엔,885.37,https://ecos.bok.or.kr
2024-05-17,원/100엔,868.37,https://ecos.bok.or.kr
2024-05-20,원/100엔,870.25,https://ecos.bok.or.kr
2024-05-21,원/100엔,867.83,https://ecos.bok.or.kr
2024-05-22,원/100엔,873.24,https://ecos.bok.or.kr
2024-05-23,원/100엔,869.63,https://ecos.bok.or.kr
2024-05-24,원/100엔,869.14,https://ecos.bok.or.kr
2024-05-27,원/100엔,873.42,https://ecos.bok.or.kr
2024-05-28,원/100엔,870.1,https://ecos.bok.or.kr
2024-05-29,원/100엔,864.71,https://ecos.bok.or.kr
2024-05-30,원/100엔,865.63,https://ecos.bok.or.kr
2024-05-31,원/100엔,877.84,https://ecos.bok.or.kr
2024-06-03,원/100엔,878.41,https://ecos.bok.or.kr
2024-06-04,원/100엔,882.03,https://ecos.bok.or.kr
2024-06-05,원/100엔,886.76,https://ecos.bok.or.kr
2024-06-07,원/100엔,881.54,https://ecos.bok.or.kr
2024-06-10,원/100엔,871.55,https://ecos.bok.or.kr
2024-06-11,원/100엔,877.39,https://ecos.bok.or.kr
2024-06-12,원/100엔,876.4,https://ecos.bok.or.kr
2024-06-13,원/100엔,878.56,https://ecos.bok.or.kr
2024-06-14,원/100엔,872.58,https://ecos.bok.or.kr
2024-06-17,원/100엔,874.56,https://ecos.bok.or.kr
2024-06-18,원/100엔,875.22,https://ecos.bok.or.kr
2024-06-19,원/100엔,874.62,https://ecos.bok.or.kr
2024-06-20,원/100엔,874.01,https://ecos.bok.or.kr
2024-06-21,원/100엔,870.89,https://ecos.bok.or.kr
2024-06-24,원/100엔,869.63,https://ecos.bok.or.kr
2024-06-25,원/100엔,870.38,https://ecos.bok.or.kr
2024-06-26,원/100엔,868.26,https://ecos.bok.or.kr
2024-06-27,원/100엔,865.0,https://ecos.bok.or.kr
2024-06-28,원/100엔,864.31,https://ecos.bok.or.kr
2024-07-01,원/100엔,859.57,https://ecos.bok.or.kr
2024-07-02,원/100엔,855.38,https://ecos.bok.or.kr
2024-07-03,원/100엔,859.42,https://ecos.bok.or.kr
2024-07-04,원/100엔,859.59,https://ecos.bok.or.kr
2024-07-05,원/100엔,856.86,https://ecos.bok.or.kr
2024-07-08,원/100엔,858.07,https://ecos.bok.or.kr
2024-07-09,원/100엔,858.13,https://ecos.bok.or.kr
2024-07-10,원/100엔,857.36,https://ecos.bok.or.kr
2024-07-11,원/100엔,857.53,https://ecos.bok.or.kr
2024-07-12,원/100엔,865.95,https://ecos.bok.or.kr
2024-07-15,원/100엔,869.34,https://ecos.bok.or.kr
2024-07-16,원/100엔,874.09,https://ecos.bok.or.kr
2024-07-17,원/100엔,875.47,https://ecos.bok.or.kr
2024-07-18,원/100엔,886.17,https://ecos.bok.or.kr
2024-07-19,원/100엔,877.44,https://ecos.bok.or.kr
2024-07-22,원/100엔,881.81,https://ecos.bok.or.kr
2024-07-23,원/100엔,884.09,https://ecos.bok.or.kr
2024-07-24,원/100엔,889.45,https://ecos.bok.or.kr
2024-07-25,원/100엔,901.32,https://ecos.bok.or.kr
2024-07-26,원/100엔,901.92,https://ecos.bok.or.kr
2024-07-29,원/100엔,899.11,https://ecos.bok.or.kr
2024-07-30,원/100엔,898.45,https://ecos.bok.or.kr
2024-07-31,원/100엔,905.44,https://ecos.bok.or.kr
2024-08-01,원/100엔,918.66,https://ecos.bok.or.kr
2024-08-02,원/100엔,915.7,https://ecos.bok.or.kr
2024-08-05,원/100엔,938.67,https://ecos.bok.or.kr
2024-08-06,원/100엔,937.18,https://ecos.bok.or.kr
2024-08-07,원/100엔,949.49,https://ecos.bok.or.kr
2024-08-08,원/100엔,940.13,https://ecos.bok.or.kr
2024-08-09,원/100엔,934.32,https://ecos.bok.or.kr
2024-08-12,원/100엔,931.09,https://ecos.bok.or.kr
2024-08-13,원/100엔,929.08,https://ecos.bok.or.kr
2024-08-14,원/100엔,933.38,https://ecos.bok.or.kr
2024-08-16,원/100엔,912.44,https://ecos.bok.or.kr
2024-08-19,원/100엔,919.89,https://ecos.bok.or.kr
2024-08-20,원/100엔,911.84,https://ecos.bok.or.kr
2024-08-21,원/100엔,917.07,https://ecos.bok.or.kr
2024-08-22,원/100엔,919.63,https://ecos.bok.or.kr
2024-08-23,원/100엔,914.34,https://ecos.bok.or.kr
2024-08-26,원/100엔,933.05,https://ecos.bok.or.kr
2024-08-27,원/100엔,917.75,https://ecos.bok.or.kr
2024-08-28,원/100엔,925.21,https://ecos.bok.or.kr
2024-08-29,원/100엔,925.17,https://ecos.bok.or.kr
2024-08-30,원/100엔,921.75,https://ecos.bok.or.kr
2024-09-02,원/100엔,910.69,https://ecos.bok.or.kr
2024-09-03,원/100엔,911.12,https://ecos.bok.or.kr
2024-09-04,원/100엔,923.43,https://ecos.bok.or.kr
2024-09-05,원/100엔,934.22,https://ecos.bok.or.kr
2024-09-06,원/100엔,931.81,https://ecos.bok.or.kr
2024-09-09,원/100엔,935.29,https://ecos.bok.or.kr
2024-09-10,원/100엔,935.83,https://ecos.bok.or.kr
2024-09-11,원/100엔,943.87,https://ecos.bok.or.kr
2024-09-12,원/100엔,940.59,https://ecos.bok.or.kr
2024-09-13,원/100엔,945.74,https://ecos.bok.or.kr
2024-09-19,원/100엔,934.46,https://ecos.bok.or.kr
2024-09-20,원/100엔,932.93,https://ecos.bok.or.kr
2024-09-23,원/100엔,923.93,https://ecos.bok.or.kr
2024-09-24,원/100엔,930.24,https://ecos.bok.or.kr
2024-09-25,원/100엔,932.52,https://ecos.bok.or.kr
2024-09-26,원/100엔,918.01,https://ecos.bok.or.kr
2024-09-27,원/100엔,917.29,https://ecos.bok.or.kr
2024-09-30,원/100엔,924.51,https://ecos.bok.or.kr
2024-10-02,원/100엔,910.26,https://ecos.bok.or.kr
2024-10-04,원/100엔,899.47,https://ecos.bok.or.kr
2024-10-07,원/100엔,894.65,https://ecos.bok.or.kr
2024-10-08,원/100엔,910.26,https://ecos.bok.or.kr
2024-10-10,원/100엔,903.08,https://ecos.bok.or.kr
2024-10-11,원/100엔,907.74,https://ecos.bok.or.kr
2024-10-14,원/100엔,903.31,https://ecos.bok.or.kr
2024-10-15,원/100엔,904.62,https://ecos.bok.or.kr
2024-10-16,원/100엔,911.22,https://ecos.bok.or.kr
2024-10-17,원/100엔,911.29,https://ecos.bok.or.kr
2024-10-18,원/100엔,909.64,https://ecos.bok.or.kr
2024-10-21,원/100엔,916.91,https://ecos.bok.or.kr
2024-10-22,원/100엔,909.08,https://ecos.bok.or.kr
2024-10-23,원/100엔,913.55,https://ecos.bok.or.kr
2024-10-24,원/100엔,904.86,https://ecos.bok.or.kr
2024-10-25,원/100엔,910.26,https://ecos.bok.or.kr
2024-10-28,원/100엔,905.75,https://ecos.bok.or.kr
2024-10-29,원/100엔,904.67,https://ecos.bok.or.kr
2024-10-30,원/100엔,902.6,https://ecos.bok.or.kr
2024-10-31,원/100엔,902.2,https://ecos.bok.or.kr
2024-11-01,원/100엔,908.24,https://ecos.bok.or.kr
2024-11-04,원/100엔,904.19,https://ecos.bok.or.kr
2024-11-05,원/100엔,901.31,https://ecos.bok.or.kr
2024-11-06,원/100엔,907.76,https://ecos.bok.or.kr
2024-11-07,원/100엔,901.29,https://ecos.bok.or.kr
2024-11-08,원/100엔,914.21,https://ecos.bok.or.kr
2024-11-11,원/100엔,906.17,https://ecos.bok.or.kr
2024-11-12,원/100엔,907.6,https://ecos.bok.or.kr
2024-11-13,원/100엔,906.6,https://ecos.bok.or.kr
2024-11-14,원/100엔,905.6,https://ecos.bok.or.kr
2024-11-15,원/100엔,899.61,https://ecos.bok.or.kr
2024-11-18,원/100엔,906.93,https://ecos.bok.or.kr
2024-11-19,원/100엔,901.39,https://ecos.bok.or.kr
2024-11-20,원/100엔,900.56,https://ecos.bok.or.kr
2024-11-21,원/100엔,895.87,https://ecos.bok.or.kr
2024-11-22,원/100엔,906.0,https://ecos.bok.or.kr
2024-11-25,원/100엔,907.62,https://ecos.bok.or.kr
2024-11-26,원/100엔,908.13,https://ecos.bok.or.kr
2024-11-27,원/100엔,915.01,https://ecos.bok.or.kr
2024-11-28,원/100엔,925.31,https://ecos.bok.or.kr
2024-11-29,원/100엔,920.87,https://ecos.bok.or.kr
2024-12-02,원/100엔,931.46,https://ecos.bok.or.kr
2024-12-03,원/100엔,937.51,https://ecos.bok.or.kr
2024-12-04,원/100엔,937.69,https://ecos.bok.or.kr
2024-12-05,원/100엔,938.15,https://ecos.bok.or.kr
2024-12-06,원/100엔,942.48,https://ecos.bok.or.kr
2024-12-09,원/100엔,947.06,https://ecos.bok.or.kr
2024-12-10,원/100엔,947.35,https://ecos.bok.or.kr
2024-12-11,원/100엔,940.07,https://ecos.bok.or.kr
2024-12-12,원/100엔,939.12,https://ecos.bok.or.kr
2024-12-13,원/100엔,938.04,https://ecos.bok.or.kr
2024-12-16,원/100엔,933.2,https://ecos.bok.or.kr
2024-12-17,원/100엔,930.51,https://ecos.bok.or.kr
2024-12-18,원/100엔,935.74,https://ecos.bok.or.kr
2024-12-19,원/100엔,928.92,https://ecos.bok.or.kr
2024-12-20,원/100엔,920.21,https://ecos.bok.or.kr
2024-12-23,원/100엔,926.86,https://ecos.bok.or.kr
2024-12-24,원/100엔,922.45,https://ecos.bok.or.kr
2024-12-26,원/100엔,924.56,https://ecos.bok.or.kr
2024-12-27,원/100엔,927.0,https://ecos.bok.or.kr
2024-12-30,원/100엔,934.31,https://ecos.bok.or.kr
2024-12-31,원/100엔,936.48,https://ecos.bok.or.kr
2025-01-02,원/100엔,934.67,https://ecos.bok.or.kr
2025-01-03,원/100엔,932.19,https://ecos.bok.or.kr
2025-01-06,원/100엔,931.6,https://ecos.bok.or.kr
2025-01-07,원/100엔,932.48,https://ecos.bok.or.kr
2025-01-08,원/100엔,920.0,https://ecos.bok.or.kr
2025-01-09,원/100엔,917.51,https://ecos.bok.or.kr
2025-01-10,원/100엔,922.42,https://ecos.bok.or.kr
2025-01-13,원/100엔,925.69,https://ecos.bok.or.kr
2025-01-14,원/100엔,934.81,https://ecos.bok.or.kr
2025-01-15,원/100엔,926.43,https://ecos.bok.or.kr
2025-01-16,원/100엔,933.69,https://ecos.bok.or.kr
2025-01-17,원/100엔,937.25,https://ecos.bok.or.kr
2025-01-20,원/100엔,931.26,https://ecos.bok.or.kr
2025-01-21,원/100엔,934.59,https://ecos.bok.or.kr
2025-01-22,원/100엔,923.18,https://ecos.bok.or.kr
2025-01-23,원/100엔,916.84,https://ecos.bok.or.kr
2025-01-24,원/100엔,921.01,https://ecos.bok.or.kr
2025-01-31,원/100엔,927.88,https://ecos.bok.or.kr
2025-02-03,원/100엔,935.91,https://ecos.bok.or.kr
2025-02-04,원/100엔,947.96,https://ecos.bok.or.kr
2025-02-05,원/100엔,946.08,https://ecos.bok.or.kr
2025-02-06,원/100엔,950.48,https://ecos.bok.or.kr
2025-02-07,원/100엔,956.48,https://ecos.bok.or.kr
2025-02-10,원/100엔,954.4,https://ecos.bok.or.kr
2025-02-11,원/100엔,956.47,https://ecos.bok.or.kr
2025-02-12,원/100엔,952.8,https://ecos.bok.or.kr
2025-02-13,원/100엔,941.44,https://ecos.bok.or.kr
2025-02-14,원/100엔,948.47,https://ecos.bok.or.kr
2025-02-17,원/100엔,947.79,https://ecos.bok.or.kr
2025-02-18,원/100엔,950.97,https://ecos.bok.or.kr
2025-02-19,원/100엔,949.68,https://ecos.bok.or.kr
2025-02-20,원/100엔,952.12,https://ecos.bok.or.kr
2025-02-21,원/100엔,962.91,https://ecos.bok.or.kr
2025-02-24,원/100엔,961.26,https://ecos.bok.or.kr
2025-02-25,원/100엔,953.59,https://ecos.bok.or.kr
2025-02-26,원/100엔,959.69,https://ecos.bok.or.kr
2025-02-27,원/100엔,961.49,https://ecos.bok.or.kr
2025-02-28,원/100엔,961.82,https://ecos.bok.or.kr
2025-03-04,원/100엔,976.37,https://ecos.bok.or.kr
2025-03-05,원/100엔,973.42,https://ecos.bok.or.kr
2025-03-06,원/100엔,978.26,https://ecos.bok.or.kr
2025-03-07,원/100엔,974.28,https://ecos.bok.or.kr
2025-03-10,원/100엔,980.54,https://ecos.bok.or.kr
2025-03-11,원/100엔,988.29,https://ecos.bok.or.kr
2025-03-12,원/100엔,986.0,https://ecos.bok.or.kr
2025-03-13,원/100엔,979.86,https://ecos.bok.or.kr
2025-03-14,원/100엔,981.64,https://ecos.bok.or.kr
2025-03-17,원/100엔,979.33,https://ecos.bok.or.kr
2025-03-18,원/100엔,969.37,https://ecos.bok.or.kr
2025-03-19,원/100엔,968.74,https://ecos.bok.or.kr
2025-03-20,원/100엔,976.7,https://ecos.bok.or.kr
2025-03-21,원/100엔,981.14,https://ecos.bok.or.kr
2025-03-24,원/100엔,980.65,https://ecos.bok.or.kr
2025-03-25,원/100엔,973.36,https://ecos.bok.or.kr
2025-03-26,원/100엔,980.09,https://ecos.bok.or.kr
2025-03-27,원/100엔,974.37,https://ecos.bok.or.kr
2025-03-28,원/100엔,971.26,https://ecos.bok.or.kr
2025-03-31,원/100엔,981.76,https://ecos.bok.or.kr
2025-04-01,원/100엔,980.11,https://ecos.bok.or.kr
2025-04-02,원/100엔,982.48,https://ecos.bok.or.kr
2025-04-03,원/100엔,989.95,https://ecos.bok.or.kr
2025-04-04,원/100엔,1006.0,https://ecos.bok.or.kr
2025-04-07,원/100엔,992.45,https://ecos.bok.or.kr
2025-04-08,원/100엔,990.91,https://ecos.bok.or.kr
2025-04-09,원/100엔,1008.61,https://ecos.bok.or.kr
2025-04-10,원/100엔,1004.81,https://ecos.bok.or.kr
2025-04-11,원/100엔,1012.07,https://ecos.bok.or.kr
2025-04-14,원/100엔,1009.74,https://ecos.bok.or.kr
2025-04-15,원/100엔,996.41,https://ecos.bok.or.kr
2025-04-16,원/100엔,993.89,https://ecos.bok.or.kr
2025-04-17,원/100엔,1006.42,https://ecos.bok.or.kr
2025-04-18,원/100엔,997.26,https://ecos.bok.or.kr
2025-04-21,원/100엔,1003.53,https://ecos.bok.or.kr
2025-04-22,원/100엔,1007.99,https://ecos.bok.or.kr
2025-04-23,원/100엔,996.99,https://ecos.bok.or.kr
2025-04-24,원/100엔,997.03,https://ecos.bok.or.kr
2025-04-25,원/100엔,1001.68,https://ecos.bok.or.kr
2025-04-28,원/100엔,997.88,https://ecos.bok.or.kr
2025-04-29,원/100엔,1011.85,https://ecos.bok.or.kr
2025-04-30,원/100엔,1011.07,https://ecos.bok.or.kr
2025-05-02,원/100엔,980.89,https://ecos.bok.or.kr
2025-05-07,원/100엔,995.92,https://ecos.bok.or.kr
2025-05-08,원/100엔,969.17,https://ecos.bok.or.kr
2025-05-09,원/100엔,956.69,https://ecos.bok.or.kr
2025-05-12,원/100엔,964.23,https://ecos.bok.or.kr
2025-05-13,원/100엔,943.38,https://ecos.bok.or.kr
2025-05-14,원/100엔,958.67,https://ecos.bok.or.kr
2025-05-15,원/100엔,966.12,https://ecos.bok.or.kr
2025-05-16,원/100엔,961.96,https://ecos.bok.or.kr
2025-05-19,원/100엔,960.43,https://ecos.bok.or.kr
2025-05-20,원/100엔,964.5,https://ecos.bok.or.kr
2025-05-21,원/100엔,964.5,https://ecos.bok.or.kr
2025-05-22,원/100엔,962.96,https://ecos.bok.or.kr
2025-05-23,원/100엔,958.59,https://ecos.bok.or.kr
2025-05-26,원/100엔,964.05,https://ecos.bok.or.kr
2025-05-27,원/100엔,956.62,https://ecos.bok.or.kr
2025-05-28,원/100엔,948.79,https://ecos.bok.or.kr
2025-05-29,원/100엔,946.56,https://ecos.bok.or.kr
2025-05-30,원/100엔,959.27,https://ecos.bok.or.kr
2025-06-02,원/100엔,956.78,https://ecos.bok.or.kr
2025-06-04,원/100엔,956.75,https://ecos.bok.or.kr
2025-06-05,원/100엔,962.18,https://ecos.bok.or.kr
2025-06-09,원/100엔,939.48,https://ecos.bok.or.kr
2025-06-10,원/100엔,939.47,https://ecos.bok.or.kr
2025-06-11,원/100엔,938.35,https://ecos.bok.or.kr
2025-06-12,원/100엔,948.94,https://ecos.bok.or.kr
2025-06-13,원/100엔,950.22,https://ecos.bok.or.kr
2025-06-16,원/100엔,945.59,https://ecos.bok.or.kr
2025-06-17,원/100엔,942.66,https://ecos.bok.or.kr
2025-06-18,원/100엔,936.87,https://ecos.bok.or.kr
2025-06-19,원/100엔,946.87,https://ecos.bok.or.kr
2025-06-20,원/100엔,948.6,https://ecos.bok.or.kr
2025-06-23,원/100엔,935.54,https://ecos.bok.or.kr
2025-06-24,원/100엔,947.16,https://ecos.bok.or.kr
2025-06-25,원/100엔,941.9,https://ecos.bok.or.kr
2025-06-26,원/100엔,938.2,https://ecos.bok.or.kr
2025-06-27,원/100엔,939.26,https://ecos.bok.or.kr
2025-06-30,원/100엔,938.98,https://ecos.bok.or.kr
2025-07-01,원/100엔,940.65,https://ecos.bok.or.kr
2025-07-02,원/100엔,943.01,https://ecos.bok.or.kr
2025-07-03,원/100엔,946.82,https://ecos.bok.or.kr
2025-07-04,원/100엔,937.43,https://ecos.bok.or.kr
2025-07-07,원/100엔,943.95,https://ecos.bok.or.kr
2025-07-08,원/100엔,936.77,https://ecos.bok.or.kr
2025-07-09,원/100엔,932.77,https://ecos.bok.or.kr
2025-07-10,원/100엔,939.25,https://ecos.bok.or.kr
2025-07-11,원/100엔,939.32,https://ecos.bok.or.kr
2025-07-14,원/100엔,932.16,https://ecos.bok.or.kr
2025-07-15,원/100엔,932.52,https://ecos.bok.or.kr
2025-07-16,원/100엔,928.77,https://ecos.bok.or.kr
2025-07-17,원/100엔,937.9,https://ecos.bok.or.kr
2025-07-18,원/100엔,937.73,https://ecos.bok.or.kr
2025-07-21,원/100엔,936.64,https://ecos.bok.or.kr
2025-07-22,원/100엔,943.66,https://ecos.bok.or.kr
2025-07-23,원/100엔,945.02,https://ecos.bok.or.kr
2025-07-24,원/100엔,941.94,https://ecos.bok.or.kr
2025-07-25,원/100엔,930.96,https://ecos.bok.or.kr
2025-07-28,원/100엔,931.21,https://ecos.bok.or.kr
2025-07-29,원/100엔,928.96,https://ecos.bok.or.kr
2025-07-30,원/100엔,936.88,https://ecos.bok.or.kr
2025-07-31,원/100엔,926.1,https://ecos.bok.or.kr
2025-08-01,원/100엔,922.78,https://ecos.bok.or.kr
2025-08-04,원/100엔,950.1,https://ecos.bok.or.kr
2025-08-05,원/100엔,943.42,https://ecos.bok.or.kr
2025-08-06,원/100엔,939.66,https://ecos.bok.or.kr
2025-08-07,원/100엔,943.89,https://ecos.bok.or.kr
2025-08-08,원/100엔,942.5,https://ecos.bok.or.kr
2025-08-11,원/100엔,938.07,https://ecos.bok.or.kr
2025-08-12,원/100엔,936.74,https://ecos.bok.or.kr
2025-08-13,원/100엔,940.72,https://ecos.bok.or.kr
2025-08-14,원/100엔,940.05,https://ecos.bok.or.kr
2025-08-18,원/100엔,938.52,https://ecos.bok.or.kr
2025-08-19,원/100엔,936.39,https://ecos.bok.or.kr
2025-08-20,원/100엔,940.95,https://ecos.bok.or.kr
2025-08-21,원/100엔,948.13,https://ecos.bok.or.kr
2025-08-22,원/100엔,942.15,https://ecos.bok.or.kr
2025-08-25,원/100엔,948.65,https://ecos.bok.or.kr
2025-08-26,원/100엔,937.92,https://ecos.bok.or.kr
2025-08-27,원/100엔,943.51,https://ecos.bok.or.kr
2025-08-28,원/100엔,947.52,https://ecos.bok.or.kr
2025-08-29,원/100엔,944.79,https://ecos.bok.or.kr
2025-09-01,원/100엔,943.05,https://ecos.bok.or.kr
2025-09-02,원/100엔,946.25,https://ecos.bok.or.kr
2025-09-03,원/100엔,937.41,https://ecos.bok.or.kr
2025-09-04,원/100엔,941.72,https://ecos.bok.or.kr
2025-09-05,원/100엔,937.88,https://ecos.bok.or.kr
2025-09-08,원/100엔,938.28,https://ecos.bok.or.kr
2025-09-09,원/100엔,943.25,https://ecos.bok.or.kr
2025-09-10,원/100엔,940.93,https://ecos.bok.or.kr
2025-09-11,원/100엔,941.7,https://ecos.bok.or.kr
2025-09-12,원/100엔,943.79,https://ecos.bok.or.kr
2025-09-15,원/100엔,940.15,https://ecos.bok.or.kr
2025-09-16,원/100엔,942.7,https://ecos.bok.or.kr
2025-09-17,원/100엔,943.77,https://ecos.bok.or.kr
2025-09-18,원/100엔,939.83,https://ecos.bok.or.kr
2025-09-19,원/100엔,935.76,https://ecos.bok.or.kr
2025-09-22,원/100엔,941.53,https://ecos.bok.or.kr
2025-09-23,원/100엔,943.68,https://ecos.bok.or.kr
2025-09-24,원/100엔,944.02,https://ecos.bok.or.kr
2025-09-25,원/100엔,937.31,https://ecos.bok.or.kr
2025-09-26,원/100엔,935.19,https://ecos.bok.or.kr
2025-09-29,원/100엔,944.44,https://ecos.bok.or.kr
2025-09-30,원/100엔,943.73,https://ecos.bok.or.kr
2025-10-01,원/100엔,949.26,https://ecos.bok.or.kr
2025-10-02,원/100엔,956.43,https://ecos.bok.or.kr
2025-10-10,원/100엔,915.08,https://ecos.bok.or.kr
2025-10-13,원/100엔,935.49,https://ecos.bok.or.kr
2025-10-14,원/100엔,937.0,https://ecos.bok.or.kr
2025-10-15,원/100엔,940.88,https://ecos.bok.or.kr
2025-10-16,원/100엔,943.59,https://ecos.bok.or.kr
2025-10-17,원/100엔,944.68,https://ecos.bok.or.kr
2025-10-20,원/100엔,940.66,https://ecos.bok.or.kr
2025-10-21,원/100엔,941.9,https://ecos.bok.or.kr
2025-10-22,원/100엔,937.2,https://ecos.bok.or.kr
2025-10-23,원/100엔,941.2,https://ecos.bok.or.kr
2025-10-24,원/100엔,941.23,https://ecos.bok.or.kr
2025-10-27,원/100엔,937.77,https://ecos.bok.or.kr
2025-10-28,원/100엔,937.75,https://ecos.bok.or.kr
2025-10-29,원/100엔,942.84,https://ecos.bok.or.kr
2025-10-30,원/100엔,938.38,https://ecos.bok.or.kr
2025-10-31,원/100엔,923.62,https://ecos.bok.or.kr
2025-11-03,원/100엔,926.1,https://ecos.bok.or.kr
2025-11-04,원/100엔,926.69,https://ecos.bok.or.kr
2025-11-05,원/100엔,935.61,https://ecos.bok.or.kr
2025-11-06,원/100엔,939.43,https://ecos.bok.or.kr
2025-11-07,원/100엔,944.87,https://ecos.bok.or.kr
2025-11-10,원/100엔,945.54,https://ecos.bok.or.kr
2025-11-11,원/100엔,943.26,https://ecos.bok.or.kr
2025-11-12,원/100엔,949.33,https://ecos.bok.or.kr
2025-11-13,원/100엔,947.75,https://ecos.bok.or.kr
2025-11-14,원/100엔,950.67,https://ecos.bok.or.kr
2025-11-17,원/100엔,944.1,https://ecos.bok.or.kr
2025-11-18,원/100엔,939.51,https://ecos.bok.or.kr
2025-11-19,원/100엔,942.13,https://ecos.bok.or.kr
2025-11-20,원/100엔,932.76,https://ecos.bok.or.kr
2025-11-21,원/100엔,933.03,https://ecos.bok.or.kr
2025-11-24,원/100엔,939.94,https://ecos.bok.or.kr
2025-11-25,원/100엔,939.04,https://ecos.bok.or.kr
2025-11-26,원/100엔,944.01,https://ecos.bok.or.kr
2025-11-27,원/100엔,935.56,https://ecos.bok.or.kr
2025-11-28,원/100엔,937.29,https://ecos.bok.or.kr
2025-12-01,원/100엔,939.47,https://ecos.bok.or.kr
2025-12-02,원/100엔,945.15,https://ecos.bok.or.kr
2025-12-03,원/100엔,942.96,https://ecos.bok.or.kr
2025-12-04,원/100엔,946.33,https://ecos.bok.or.kr
2025-12-05,원/100엔,948.59,https://ecos.bok.or.kr
2025-12-08,원/100엔,948.09,https://ecos.bok.or.kr
2025-12-09,원/100엔,942.06,https://ecos.bok.or.kr
2025-12-10,원/100엔,937.67,https://ecos.bok.or.kr
2025-12-11,원/100엔,942.81,https://ecos.bok.or.kr
2025-12-12,원/100엔,945.05,https://ecos.bok.or.kr
2025-12-15,원/100엔,945.3,https://ecos.bok.or.kr
2025-12-16,원/100엔,950.39,https://ecos.bok.or.kr
2025-12-17,원/100엔,951.47,https://ecos.bok.or.kr
2025-12-18,원/100엔,950.01,https://ecos.bok.or.kr
2025-12-19,원/100엔,949.63,https://ecos.bok.or.kr
2025-12-22,원/100엔,937.78,https://ecos.bok.or.kr
2025-12-23,원/100엔,942.15,https://ecos.bok.or.kr
2025-12-24,원/100엔,950.01,https://ecos.bok.or.kr
2025-12-26,원/100엔,937.27,https://ecos.bok.or.kr
2025-12-29,원/100엔,921.77,https://ecos.bok.or.kr
2025-12-30,원/100엔,919.08,https://ecos.bok.or.kr
2025-12-31,원/100엔,917.63,https://ecos.bok.or.kr
2026-01-02,원/100엔,915.06,https://ecos.bok.or.kr
2026-01-05,원/100엔,919.79,https://ecos.bok.or.kr
2026-01-06,원/100엔,924.21,https://ecos.bok.or.kr
2026-01-07,원/100엔,923.06,https://ecos.bok.or.kr
2026-01-08,원/100엔,924.46,https://ecos.bok.or.kr
2026-01-09,원/100엔,923.89,https://ecos.bok.or.kr
2026-01-12,원/100엔,921.01,https://ecos.bok.or.kr
2026-01-13,원/100엔,925.62,https://ecos.bok.or.kr
2026-01-14,원/100엔,925.33,https://ecos.bok.or.kr
2026-01-15,원/100엔,933.47,https://ecos.bok.or.kr
2026-01-16,원/100엔,926.52,https://ecos.bok.or.kr
2026-01-19,원/100엔,934.58,https://ecos.bok.or.kr
2026-01-20,원/100엔,931.74,https://ecos.bok.or.kr
2026-01-21,원/100엔,934.01,https://ecos.bok.or.kr
2026-01-22,원/100엔,930.41,https://ecos.bok.or.kr
2026-01-23,원/100엔,927.02,https://ecos.bok.or.kr
2026-01-26,원/100엔,948.88,https://ecos.bok.or.kr
2026-01-27,원/100엔,935.7,https://ecos.bok.or.kr
2026-01-28,원/100엔,950.81,https://ecos.bok.or.kr
2026-01-29,원/100엔,931.32,https://ecos.bok.or.kr
2026-01-30,원/100엔,932.89,https://ecos.bok.or.kr
2026-02-02,원/100엔,924.01,https://ecos.bok.or.kr
2026-02-03,원/100엔,936.66,https://ecos.bok.or.kr
2026-02-04,원/100엔,930.19,https://ecos.bok.or.kr
2026-02-05,원/100엔,925.39,https://ecos.bok.or.kr
2026-02-06,원/100엔,932.46,https://ecos.bok.or.kr
2026-02-09,원/100엔,932.81,https://ecos.bok.or.kr
2026-02-10,원/100엔,938.89,https://ecos.bok.or.kr
2026-02-11,원/100엔,943.62,https://ecos.bok.or.kr
2026-02-12,원/100엔,949.29,https://ecos.bok.or.kr
2026-02-13,원/100엔,944.73,https://ecos.bok.or.kr
2026-02-19,원/100엔,932.63,https://ecos.bok.or.kr
2026-02-20,원/100엔,936.15,https://ecos.bok.or.kr
2026-02-23,원/100엔,935.55,https://ecos.bok.or.kr
2026-02-24,원/100엔,932.91,https://ecos.bok.or.kr
2026-02-25,원/100엔,927.66,https://ecos.bok.or.kr
2026-02-26,원/100엔,918.39,https://ecos.bok.or.kr
2026-02-27,원/100엔,913.38,https://ecos.bok.or.kr
2026-03-03,원/100엔,912.35,https://ecos.bok.or.kr
2026-03-04,원/100엔,929.28,https://ecos.bok.or.kr
2026-03-05,원/100엔,941.58,https://ecos.bok.or.kr
2026-03-06,원/100엔,929.33,https://ecos.bok.or.kr
2026-03-09,원/100엔,931.61,https://ecos.bok.or.kr
2026-03-10,원/100엔,946.17,https://ecos.bok.or.kr
2026-03-11,원/100엔,931.21,https://ecos.bok.or.kr
2026-03-12,원/100엔,922.86,https://ecos.bok.or.kr
2026-03-13,원/100엔,928.94,https://ecos.bok.or.kr
2026-03-16,원/100엔,933.62,https://ecos.bok.or.kr
2026-03-17,원/100엔,939.82,https://ecos.bok.or.kr
2026-03-18,원/100엔,938.26,https://ecos.bok.or.kr
2026-03-19,원/100엔,929.71,https://ecos.bok.or.kr
2026-03-20,원/100엔,949.93,https://ecos.bok.or.kr
2026-03-23,원/100엔,939.45,https://ecos.bok.or.kr
2026-03-24,원/100엔,953.51,https://ecos.bok.or.kr
2026-03-25,원/100엔,944.08,https://ecos.bok.or.kr
2026-03-26,원/100엔,938.18,https://ecos.bok.or.kr
2026-03-27,원/100엔,943.47,https://ecos.bok.or.kr
2026-03-30,원/100엔,940.09,https://ecos.bok.or.kr
2026-03-31,원/100엔,946.73,https://ecos.bok.or.kr
2026-04-01,원/100엔,964.22,https://ecos.bok.or.kr
2026-04-02,원/100엔,950.9,https://ecos.bok.or.kr
2026-04-03,원/100엔,952.11,https://ecos.bok.or.kr
2026-04-06,원/100엔,944.23,https://ecos.bok.or.kr
2026-04-07,원/100엔,944.01,https://ecos.bok.or.kr
2026-04-08,원/100엔,948.6,https://ecos.bok.or.kr
2026-04-09,원/100엔,930.88,https://ecos.bok.or.kr
2026-04-10,원/100엔,931.19,https://ecos.bok.or.kr
2026-04-13,원/100엔,925.83,https://ecos.bok.or.kr
2026-04-14,원/100엔,935.1,https://ecos.bok.or.kr
2026-04-15,원/100엔,932.55,https://ecos.bok.or.kr
2026-04-16,원/100엔,927.62,https://ecos.bok.or.kr
2026-04-17,원/100엔,925.35,https://ecos.bok.or.kr
2026-04-20,원/100엔,930.73,https://ecos.bok.or.kr
2026-04-21,원/100엔,929.31,https://ecos.bok.or.kr
2026-04-22,원/100엔,922.45,https://ecos.bok.or.kr
2026-04-23,원/100엔,926.51,https://ecos.bok.or.kr
2026-04-24,원/100엔,927.0,https://ecos.bok.or.kr
2026-04-27,원/100엔,929.63,https://ecos.bok.or.kr
2026-04-28,원/100엔,924.24,https://ecos.bok.or.kr
2026-04-29,원/100엔,923.26,https://ecos.bok.or.kr
2026-04-30,원/100엔,920.58,https://ecos.bok.or.kr
2026-05-04,원/100엔,946.67,https://ecos.bok.or.kr
2026-05-06,원/100엔,932.79,https://ecos.bok.or.kr
2026-05-07,원/100엔,931.82,https://ecos.bok.or.kr
2026-05-08,원/100엔,924.69,https://ecos.bok.or.kr
2026-05-11,원/100엔,934.44,https://ecos.bok.or.kr
2026-05-12,원/100엔,937.02,https://ecos.bok.or.kr
2026-05-13,원/100엔,941.75,https://ecos.bok.or.kr
2026-05-14,원/100엔,947.47,https://ecos.bok.or.kr
2026-05-15,원/100엔,941.76,https://ecos.bok.or.kr
2026-05-18,원/100엔,944.4,https://ecos.bok.or.kr
2026-05-19,원/100엔,946.52,https://ecos.bok.or.kr
2026-05-20,원/100엔,945.52,https://ecos.bok.or.kr
2026-05-21,원/100엔,950.39,https://ecos.bok.or.kr
2026-05-22,원/100엔,945.51,https://ecos.bok.or.kr
2026-05-26,원/100엔,952.21,https://ecos.bok.or.kr
2026-05-27,원/100엔,946.7,https://ecos.bok.or.kr
2026-05-28,원/100엔,941.41,https://ecos.bok.or.kr
2026-05-29,원/100엔,945.56,https://ecos.bok.or.kr
2026-06-01,원/100엔,943.21,https://ecos.bok.or.kr
2026-06-02,원/100엔,946.63,https://ecos.bok.or.kr
2026-06-04,원/100엔,947.55,https://ecos.bok.or.kr
2026-06-05,원/100엔,955.35,https://ecos.bok.or.kr
2026-06-08,원/100엔,962.54,https://ecos.bok.or.kr
2026-06-09,원/100엔,965.51,https://ecos.bok.or.kr
2026-06-10,원/100엔,946.6,https://ecos.bok.or.kr
2026-06-11,원/100엔,948.18,https://ecos.bok.or.kr
2026-06-12,원/100엔,954.29,https://ecos.bok.or.kr
2026-06-15,원/100엔,950.76,https://ecos.bok.or.kr
2026-06-16,원/100엔,942.04,https://ecos.bok.or.kr
2026-06-17,원/100엔,943.55,https://ecos.bok.or.kr
2026-06-18,원/100엔,942.03,https://ecos.bok.or.kr
2026-06-19,원/100엔,944.33,https://ecos.bok.or.kr
2026-06-22,원/100엔,950.88,https://ecos.bok.or.kr
2026-06-23,원/100엔,950.49,https://ecos.bok.or.kr
2026-06-24,원/100엔,951.53,https://ecos.bok.or.kr
2026-06-25,원/100엔,950.92,https://ecos.bok.or.kr
2026-06-26,원/100엔,955.13,https://ecos.bok.or.kr
2026-06-29,원/100엔,954.45,https://ecos.bok.or.kr
2026-06-30,원/100엔,951.98,https://ecos.bok.or.kr
2026-07-01,원/100엔,952.25,https://ecos.bok.or.kr
2026-07-02,원/100엔,956.32,https://ecos.bok.or.kr
2026-07-03,원/100엔,963.69,https://ecos.bok.or.kr
2026-07-06,원/100엔,953.61,https://ecos.bok.or.kr
2026-07-07,원/100엔,945.41,https://ecos.bok.or.kr
2026-07-08,원/100엔,941.04,https://ecos.bok.or.kr
2026-07-09,원/100엔,928.85,https://ecos.bok.or.kr
2026-07-10,원/100엔,926.55,https://ecos.bok.or.kr
2026-07-13,원/100엔,930.08,https://ecos.bok.or.kr
2026-07-14,원/100엔,926.52,https://ecos.bok.or.kr
2026-07-15,원/100엔,919.83,https://ecos.bok.or.kr
2026-07-16,원/100엔,918.36,https://ecos.bok.or.kr
2026-07-20,원/100엔,913.27,https://ecos.bok.or.kr
2026-07-21,원/100엔,912.0,https://ecos.bok.or.kr
2026-07-22,원/100엔,904.11,https://ecos.bok.or.kr
2026-07-23,원/100엔,907.83,https://ecos.bok.or.kr
2026-07-24,원/100엔,896.82,https://ecos.bok.or.kr
2026-07-27,원/100엔,895.81,https://ecos.bok.or.kr
2026-07-28,원/100엔,895.01,https://ecos.bok.or.kr
2026-07-29,원/100엔,894.79,https://ecos.bok.or.kr
2026-07-30,원/100엔,887.92,https://ecos.bok.or.kr
2026-07-31,원/100엔,902.13,https://ecos.bok.or.kr
2026-08-03,원/100엔,910.66,https://ecos.bok.or.kr
2026-08-04,원/100엔,908.88,https://ecos.bok.or.kr
2026-08-05,원/100엔,905.16,https://ecos.bok.or.kr
2026-08-06,원/100엔,903.72,https://ecos.bok.or.kr
2026-08-07,원/100엔,895.51,https://ecos.bok.or.kr
2026-08-10,원/100엔,899.45,https://ecos.bok.or.kr
2026-08-11,원/100엔,888.56,https://ecos.bok.or.kr
2026-08-12,원/100엔,888.4,https://ecos.bok.or.kr
2026-08-13,원/100엔,887.84,https://ecos.bok.or.kr
2026-08-14,원/100엔,887.33,https://ecos.bok.or.kr
2026-08-18,원/100엔,888.02,https://ecos.bok.or.kr
2026-08-19,원/100엔,884.31,https://ecos.bok.or.kr
2026-08-20,원/100엔,886.45,https://ecos.bok.or.kr
2026-08-21,원/100엔,876.43,https://ecos.bok.or.kr
2026-08-24,원/100엔,870.44,https://ecos.bok.or.kr
2026-08-25,원/100엔,867.95,https://ecos.bok.or.kr
2026-08-26,원/100엔,868.64,https://ecos.bok.or.kr
2026-08-27,원/100엔,869.42,https://ecos.bok.or.kr
2026-08-28,원/100엔,866.12,https://ecos.bok.or.kr
2026-08-31,원/100엔,859.27,https://ecos.bok.or.kr
2026-09-01,원/100엔,859.49,https://ecos.bok.or.kr
2026-09-02,원/100엔,855.21,https://ecos.bok.or.kr
2026-09-03,원/100엔,862.15,https://ecos.bok.or.kr
2026-09-04,원/100엔,871.2,https://ecos.bok.or.kr
2026-09-07,원/100엔,867.66,https://ecos.bok.or.kr
2026-09-08,원/100엔,871.54,https://ecos.bok.or.kr
2026-09-09,원/100엔,873.23,https://ecos.bok.or.kr
2026-09-10,원/100엔,872.42,https://ecos.bok.or.kr
2026-09-11,원/100엔,866.49,https://ecos.bok.or.kr
2026-09-14,원/100엔,876.25,https://ecos.bok.or.kr
2026-09-15,원/100엔,872.07,https://ecos.bok.or.kr
2026-09-16,원/100엔,871.97,https://ecos.bok.or.kr
2026-09-17,원/100엔,875.96,https://ecos.bok.or.kr
2021-09-01,원/달러,1162.8,https://ecos.bok.or.kr
2021-09-02,원/달러,1157.5,https://ecos.bok.or.kr
2021-09-03,원/달러,1159.7,https://ecos.bok.or.kr
2021-09-06,원/달러,1156.4,https://ecos.bok.or.kr
2021-09-07,원/달러,1157.3,https://ecos.bok.or.kr
2021-09-08,원/달러,1157.9,https://ecos.bok.or.kr
2021-09-09,원/달러,1164.5,https://ecos.bok.or.kr
2021-09-10,원/달러,1170.1,https://ecos.bok.or.kr
2021-09-13,원/달러,1170.4,https://ecos.bok.or.kr
2021-09-14,원/달러,1174.3,https://ecos.bok.or.kr
2021-09-15,원/달러,1172.2,https://ecos.bok.or.kr
2021-09-16,원/달러,1171.7,https://ecos.bok.or.kr
2021-09-17,원/달러,1169.1,https://ecos.bok.or.kr
2021-09-23,원/달러,1177.6,https://ecos.bok.or.kr
2021-09-24,원/달러,1181.7,https://ecos.bok.or.kr
2021-09-27,원/달러,1175.3,https://ecos.bok.or.kr
2021-09-28,원/달러,1175.9,https://ecos.bok.or.kr
2021-09-29,원/달러,1182.0,https://ecos.bok.or.kr
2021-09-30,원/달러,1184.9,https://ecos.bok.or.kr
2021-10-01,원/달러,1185.2,https://ecos.bok.or.kr
2021-10-05,원/달러,1187.2,https://ecos.bok.or.kr
2021-10-06,원/달러,1187.1,https://ecos.bok.or.kr
2021-10-07,원/달러,1190.0,https://ecos.bok.or.kr
2021-10-08,원/달러,1190.3,https://ecos.bok.or.kr
2021-10-12,원/달러,1193.4,https://ecos.bok.or.kr
2021-10-13,원/달러,1199.1,https://ecos.bok.or.kr
2021-10-14,원/달러,1195.0,https://ecos.bok.or.kr
2021-10-15,원/달러,1188.3,https://ecos.bok.or.kr
2021-10-18,원/달러,1182.8,https://ecos.bok.or.kr
2021-10-19,원/달러,1185.8,https://ecos.bok.or.kr
2021-10-20,원/달러,1181.7,https://ecos.bok.or.kr
2021-10-21,원/달러,1175.6,https://ecos.bok.or.kr
2021-10-22,원/달러,1175.8,https://ecos.bok.or.kr
2021-10-25,원/달러,1178.4,https://ecos.bok.or.kr
2021-10-26,원/달러,1171.8,https://ecos.bok.or.kr
2021-10-27,원/달러,1166.3,https://ecos.bok.or.kr
2021-10-28,원/달러,1168.1,https://ecos.bok.or.kr
2021-10-29,원/달러,1171.7,https://ecos.bok.or.kr
2021-11-01,원/달러,1169.6,https://ecos.bok.or.kr
2021-11-02,원/달러,1176.3,https://ecos.bok.or.kr
2021-11-03,원/달러,1175.5,https://ecos.bok.or.kr
2021-11-04,원/달러,1181.1,https://ecos.bok.or.kr
2021-11-05,원/달러,1180.0,https://ecos.bok.or.kr
2021-11-08,원/달러,1185.2,https://ecos.bok.or.kr
2021-11-09,원/달러,1184.3,https://ecos.bok.or.kr
2021-11-10,원/달러,1178.4,https://ecos.bok.or.kr
2021-11-11,원/달러,1181.0,https://ecos.bok.or.kr
2021-11-12,원/달러,1184.7,https://ecos.bok.or.kr
2021-11-15,원/달러,1179.6,https://ecos.bok.or.kr
2021-11-16,원/달러,1180.2,https://ecos.bok.or.kr
2021-11-17,원/달러,1179.6,https://ecos.bok.or.kr
2021-11-18,원/달러,1183.6,https://ecos.bok.or.kr
2021-11-19,원/달러,1180.5,https://ecos.bok.or.kr
2021-11-22,원/달러,1183.5,https://ecos.bok.or.kr
2021-11-23,원/달러,1187.4,https://ecos.bok.or.kr
2021-11-24,원/달러,1188.9,https://ecos.bok.or.kr
2021-11-25,원/달러,1188.5,https://ecos.bok.or.kr
2021-11-26,원/달러,1189.7,https://ecos.bok.or.kr
2021-11-29,원/달러,1193.0,https://ecos.bok.or.kr
2021-11-30,원/달러,1193.4,https://ecos.bok.or.kr
2021-12-01,원/달러,1187.7,https://ecos.bok.or.kr
2021-12-02,원/달러,1180.3,https://ecos.bok.or.kr
2021-12-03,원/달러,1177.3,https://ecos.bok.or.kr
2021-12-06,원/달러,1178.6,https://ecos.bok.or.kr
2021-12-07,원/달러,1183.7,https://ecos.bok.or.kr
2021-12-08,원/달러,1181.2,https://ecos.bok.or.kr
2021-12-09,원/달러,1176.4,https://ecos.bok.or.kr
2021-12-10,원/달러,1173.8,https://ecos.bok.or.kr
2021-12-13,원/달러,1178.2,https://ecos.bok.or.kr
2021-12-14,원/달러,1178.8,https://ecos.bok.or.kr
2021-12-15,원/달러,1183.6,https://ecos.bok.or.kr
2021-12-16,원/달러,1186.2,https://ecos.bok.or.kr
2021-12-17,원/달러,1183.5,https://ecos.bok.or.kr
2021-12-20,원/달러,1184.4,https://ecos.bok.or.kr
2021-12-21,원/달러,1189.8,https://ecos.bok.or.kr
2021-12-22,원/달러,1191.5,https://ecos.bok.or.kr
2021-12-23,원/달러,1191.2,https://ecos.bok.or.kr
2021-12-24,원/달러,1187.5,https://ecos.bok.or.kr
2021-12-27,원/달러,1186.4,https://ecos.bok.or.kr
2021-12-28,원/달러,1186.2,https://ecos.bok.or.kr
2021-12-29,원/달러,1186.7,https://ecos.bok.or.kr
2021-12-30,원/달러,1186.6,https://ecos.bok.or.kr
2021-12-31,원/달러,1185.5,https://ecos.bok.or.kr
2022-01-03,원/달러,1185.5,https://ecos.bok.or.kr
2022-01-04,원/달러,1190.8,https://ecos.bok.or.kr
2022-01-05,원/달러,1194.3,https://ecos.bok.or.kr
2022-01-06,원/달러,1198.2,https://ecos.bok.or.kr
2022-01-07,원/달러,1199.6,https://ecos.bok.or.kr
2022-01-10,원/달러,1202.4,https://ecos.bok.or.kr
2022-01-11,원/달러,1200.0,https://ecos.bok.or.kr
2022-01-12,원/달러,1195.2,https://ecos.bok.or.kr
2022-01-13,원/달러,1189.9,https://ecos.bok.or.kr
2022-01-14,원/달러,1188.2,https://ecos.bok.or.kr
2022-01-17,원/달러,1187.6,https://ecos.bok.or.kr
2022-01-18,원/달러,1192.3,https://ecos.bok.or.kr
2022-01-19,원/달러,1188.9,https://ecos.bok.or.kr
2022-01-20,원/달러,1191.8,https://ecos.bok.or.kr
2022-01-21,원/달러,1190.4,https://ecos.bok.or.kr
2022-01-24,원/달러,1193.6,https://ecos.bok.or.kr
2022-01-25,원/달러,1194.2,https://ecos.bok.or.kr
2022-01-26,원/달러,1197.8,https://ecos.bok.or.kr
2022-01-27,원/달러,1197.0,https://ecos.bok.or.kr
2022-01-28,원/달러,1202.4,https://ecos.bok.or.kr
2022-02-03,원/달러,1205.7,https://ecos.bok.or.kr
2022-02-04,원/달러,1205.4,https://ecos.bok.or.kr
2022-02-07,원/달러,1199.5,https://ecos.bok.or.kr
2022-02-08,원/달러,1199.4,https://ecos.bok.or.kr
2022-02-09,원/달러,1197.8,https://ecos.bok.or.kr
2022-02-10,원/달러,1196.0,https://ecos.bok.or.kr
2022-02-11,원/달러,1196.0,https://ecos.bok.or.kr
2022-02-14,원/달러,1199.6,https://ecos.bok.or.kr
2022-02-15,원/달러,1198.3,https://ecos.bok.or.kr
2022-02-16,원/달러,1198.5,https://ecos.bok.or.kr
2022-02-17,원/달러,1196.9,https://ecos.bok.or.kr
2022-02-18,원/달러,1197.1,https://ecos.bok.or.kr
2022-02-21,원/달러,1196.4,https://ecos.bok.or.kr
2022-02-22,원/달러,1194.6,https://ecos.bok.or.kr
2022-02-23,원/달러,1194.7,https://ecos.bok.or.kr
2022-02-24,원/달러,1192.1,https://ecos.bok.or.kr
2022-02-25,원/달러,1199.4,https://ecos.bok.or.kr
2022-02-28,원/달러,1202.7,https://ecos.bok.or.kr
2022-03-02,원/달러,1205.6,https://ecos.bok.or.kr
2022-03-03,원/달러,1205.0,https://ecos.bok.or.kr
2022-03-04,원/달러,1203.6,https://ecos.bok.or.kr
2022-03-07,원/달러,1211.5,https://ecos.bok.or.kr
2022-03-08,원/달러,1225.4,https://ecos.bok.or.kr
2022-03-10,원/달러,1234.5,https://ecos.bok.or.kr
2022-03-11,원/달러,1228.7,https://ecos.bok.or.kr
2022-03-14,원/달러,1232.4,https://ecos.bok.or.kr
2022-03-15,원/달러,1238.6,https://ecos.bok.or.kr
2022-03-16,원/달러,1241.7,https://ecos.bok.or.kr
2022-03-17,원/달러,1240.4,https://ecos.bok.or.kr
2022-03-18,원/달러,1220.6,https://ecos.bok.or.kr
2022-03-21,원/달러,1211.1,https://ecos.bok.or.kr
2022-03-22,원/달러,1213.7,https://ecos.bok.or.kr
2022-03-23,원/달러,1221.4,https://ecos.bok.or.kr
2022-03-24,원/달러,1212.7,https://ecos.bok.or.kr
2022-03-25,원/달러,1219.4,https://ecos.bok.or.kr
2022-03-28,원/달러,1218.3,https://ecos.bok.or.kr
2022-03-29,원/달러,1225.7,https://ecos.bok.or.kr
2022-03-30,원/달러,1220.5,https://ecos.bok.or.kr
2022-03-31,원/달러,1210.8,https://ecos.bok.or.kr
2022-04-01,원/달러,1210.7,https://ecos.bok.or.kr
2022-04-04,원/달러,1216.1,https://ecos.bok.or.kr
2022-04-05,원/달러,1216.7,https://ecos.bok.or.kr
2022-04-06,원/달러,1212.6,https://ecos.bok.or.kr
2022-04-07,원/달러,1219.1,https://ecos.bok.or.kr
2022-04-08,원/달러,1218.5,https://ecos.bok.or.kr
2022-04-11,원/달러,1224.0,https://ecos.bok.or.kr
2022-04-12,원/달러,1232.0,https://ecos.bok.or.kr
2022-04-13,원/달러,1236.6,https://ecos.bok.or.kr
2022-04-14,원/달러,1227.7,https://ecos.bok.or.kr
2022-04-15,원/달러,1224.2,https://ecos.bok.or.kr
2022-04-18,원/달러,1230.1,https://ecos.bok.or.kr
2022-04-19,원/달러,1232.8,https://ecos.bok.or.kr
2022-04-20,원/달러,1234.9,https://ecos.bok.or.kr
2022-04-21,원/달러,1237.1,https://ecos.bok.or.kr
2022-04-22,원/달러,1236.4,https://ecos.bok.or.kr
2022-04-25,원/달러,1241.7,https://ecos.bok.or.kr
2022-04-26,원/달러,1247.1,https://ecos.bok.or.kr
2022-04-27,원/달러,1248.3,https://ecos.bok.or.kr
2022-04-28,원/달러,1263.1,https://ecos.bok.or.kr
2022-04-29,원/달러,1269.4,https://ecos.bok.or.kr
2022-05-02,원/달러,1265.4,https://ecos.bok.or.kr
2022-05-03,원/달러,1265.8,https://ecos.bok.or.kr
2022-05-04,원/달러,1265.7,https://ecos.bok.or.kr
2022-05-06,원/달러,1261.8,https://ecos.bok.or.kr
2022-05-09,원/달러,1272.7,https://ecos.bok.or.kr
2022-05-10,원/달러,1274.6,https://ecos.bok.or.kr
2022-05-11,원/달러,1275.5,https://ecos.bok.or.kr
2022-05-12,원/달러,1277.0,https://ecos.bok.or.kr
2022-05-13,원/달러,1286.4,https://ecos.bok.or.kr
2022-05-16,원/달러,1286.0,https://ecos.bok.or.kr
2022-05-17,원/달러,1281.6,https://ecos.bok.or.kr
2022-05-18,원/달러,1277.2,https://ecos.bok.or.kr
2022-05-19,원/달러,1269.3,https://ecos.bok.or.kr
2022-05-20,원/달러,1274.6,https://ecos.bok.or.kr
2022-05-23,원/달러,1269.5,https://ecos.bok.or.kr
2022-05-24,원/달러,1267.7,https://ecos.bok.or.kr
2022-05-25,원/달러,1264.3,https://ecos.bok.or.kr
2022-05-26,원/달러,1263.3,https://ecos.bok.or.kr
2022-05-27,원/달러,1266.4,https://ecos.bok.or.kr
2022-05-30,원/달러,1256.9,https://ecos.bok.or.kr
2022-05-31,원/달러,1245.8,https://ecos.bok.or.kr
2022-06-02,원/달러,1238.4,https://ecos.bok.or.kr
2022-06-03,원/달러,1251.2,https://ecos.bok.or.kr
2022-06-07,원/달러,1241.1,https://ecos.bok.or.kr
2022-06-08,원/달러,1257.1,https://ecos.bok.or.kr
2022-06-09,원/달러,1255.4,https://ecos.bok.or.kr
2022-06-10,원/달러,1257.6,https://ecos.bok.or.kr
2022-06-13,원/달러,1266.0,https://ecos.bok.or.kr
2022-06-14,원/달러,1286.0,https://ecos.bok.or.kr
2022-06-15,원/달러,1289.7,https://ecos.bok.or.kr
2022-06-16,원/달러,1291.3,https://ecos.bok.or.kr
2022-06-17,원/달러,1284.1,https://ecos.bok.or.kr
2022-06-20,원/달러,1287.5,https://ecos.bok.or.kr
2022-06-21,원/달러,1291.7,https://ecos.bok.or.kr
2022-06-22,원/달러,1290.6,https://ecos.bok.or.kr
2022-06-23,원/달러,1295.7,https://ecos.bok.or.kr
2022-06-24,원/달러,1300.7,https://ecos.bok.or.kr
2022-06-27,원/달러,1299.4,https://ecos.bok.or.kr
2022-06-28,원/달러,1285.6,https://ecos.bok.or.kr
2022-06-29,원/달러,1284.9,https://ecos.bok.or.kr
2022-06-30,원/달러,1292.9,https://ecos.bok.or.kr
2022-07-01,원/달러,1299.8,https://ecos.bok.or.kr
2022-07-04,원/달러,1294.2,https://ecos.bok.or.kr
2022-07-05,원/달러,1297.9,https://ecos.bok.or.kr
2022-07-06,원/달러,1298.0,https://ecos.bok.or.kr
2022-07-07,원/달러,1307.4,https://ecos.bok.or.kr
2022-07-08,원/달러,1302.7,https://ecos.bok.or.kr
2022-07-11,원/달러,1299.3,https://ecos.bok.or.kr
2022-07-12,원/달러,1300.6,https://ecos.bok.or.kr
2022-07-13,원/달러,1312.9,https://ecos.bok.or.kr
2022-07-14,원/달러,1305.9,https://ecos.bok.or.kr
2022-07-15,원/달러,1310.0,https://ecos.bok.or.kr
2022-07-18,원/달러,1323.7,https://ecos.bok.or.kr
2022-07-19,원/달러,1317.8,https://ecos.bok.or.kr
2022-07-20,원/달러,1314.9,https://ecos.bok.or.kr
2022-07-21,원/달러,1308.6,https://ecos.bok.or.kr
2022-07-22,원/달러,1312.1,https://ecos.bok.or.kr
2022-07-25,원/달러,1311.7,https://ecos.bok.or.kr
2022-07-26,원/달러,1311.0,https://ecos.bok.or.kr
2022-07-27,원/달러,1310.0,https://ecos.bok.or.kr
2022-07-28,원/달러,1312.8,https://ecos.bok.or.kr
2022-07-29,원/달러,1304.0,https://ecos.bok.or.kr
2022-08-01,원/달러,1298.6,https://ecos.bok.or.kr
2022-08-02,원/달러,1306.4,https://ecos.bok.or.kr
2022-08-03,원/달러,1307.2,https://ecos.bok.or.kr
2022-08-04,원/달러,1310.5,https://ecos.bok.or.kr
2022-08-05,원/달러,1309.7,https://ecos.bok.or.kr
2022-08-08,원/달러,1299.3,https://ecos.bok.or.kr
2022-08-09,원/달러,1304.8,https://ecos.bok.or.kr
2022-08-10,원/달러,1305.1,https://ecos.bok.or.kr
2022-08-11,원/달러,1309.1,https://ecos.bok.or.kr
2022-08-12,원/달러,1302.5,https://ecos.bok.or.kr
2022-08-16,원/달러,1303.1,https://ecos.bok.or.kr
2022-08-17,원/달러,1309.6,https://ecos.bok.or.kr
2022-08-18,원/달러,1309.8,https://ecos.bok.or.kr
2022-08-19,원/달러,1317.3,https://ecos.bok.or.kr
2022-08-22,원/달러,1326.7,https://ecos.bok.or.kr
2022-08-23,원/달러,1338.2,https://ecos.bok.or.kr
2022-08-24,원/달러,1341.8,https://ecos.bok.or.kr
2022-08-25,원/달러,1341.4,https://ecos.bok.or.kr
2022-08-26,원/달러,1336.9,https://ecos.bok.or.kr
2022-08-29,원/달러,1332.5,https://ecos.bok.or.kr
2022-08-30,원/달러,1347.7,https://ecos.bok.or.kr
2022-08-31,원/달러,1347.5,https://ecos.bok.or.kr
2022-09-01,원/달러,1345.1,https://ecos.bok.or.kr
2022-09-02,원/달러,1351.4,https://ecos.bok.or.kr
2022-09-05,원/달러,1356.5,https://ecos.bok.or.kr
2022-09-06,원/달러,1369.7,https://ecos.bok.or.kr
2022-09-07,원/달러,1370.3,https://ecos.bok.or.kr
2022-09-08,원/달러,1385.3,https://ecos.bok.or.kr
2022-09-13,원/달러,1381.2,https://ecos.bok.or.kr
2022-09-14,원/달러,1374.8,https://ecos.bok.or.kr
2022-09-15,원/달러,1391.7,https://ecos.bok.or.kr
2022-09-16,원/달러,1394.2,https://ecos.bok.or.kr
2022-09-19,원/달러,1394.2,https://ecos.bok.or.kr
2022-09-20,원/달러,1390.1,https://ecos.bok.or.kr
2022-09-21,원/달러,1389.1,https://ecos.bok.or.kr
2022-09-22,원/달러,1393.6,https://ecos.bok.or.kr
2022-09-23,원/달러,1408.0,https://ecos.bok.or.kr
2022-09-26,원/달러,1408.4,https://ecos.bok.or.kr
2022-09-27,원/달러,1429.7,https://ecos.bok.or.kr
2022-09-28,원/달러,1427.2,https://ecos.bok.or.kr
2022-09-29,원/달러,1436.5,https://ecos.bok.or.kr
2022-09-30,원/달러,1434.8,https://ecos.bok.or.kr
2022-10-04,원/달러,1432.1,https://ecos.bok.or.kr
2022-10-05,원/달러,1431.2,https://ecos.bok.or.kr
2022-10-06,원/달러,1419.1,https://ecos.bok.or.kr
2022-10-07,원/달러,1404.2,https://ecos.bok.or.kr
2022-10-11,원/달러,1410.3,https://ecos.bok.or.kr
2022-10-12,원/달러,1433.5,https://ecos.bok.or.kr
2022-10-13,원/달러,1430.4,https://ecos.bok.or.kr
2022-10-14,원/달러,1427.0,https://ecos.bok.or.kr
2022-10-17,원/달러,1428.9,https://ecos.bok.or.kr
2022-10-18,원/달러,1436.6,https://ecos.bok.or.kr
2022-10-19,원/달러,1425.6,https://ecos.bok.or.kr
2022-10-20,원/달러,1420.6,https://ecos.bok.or.kr
2022-10-21,원/달러,1431.7,https://ecos.bok.or.kr
2022-10-24,원/달러,1436.6,https://ecos.bok.or.kr
2022-10-25,원/달러,1436.6,https://ecos.bok.or.kr
2022-10-26,원/달러,1436.5,https://ecos.bok.or.kr
2022-10-27,원/달러,1428.2,https://ecos.bok.or.kr
2022-10-28,원/달러,1418.1,https://ecos.bok.or.kr
2022-10-31,원/달러,1419.3,https://ecos.bok.or.kr
2022-11-01,원/달러,1422.2,https://ecos.bok.or.kr
2022-11-02,원/달러,1421.7,https://ecos.bok.or.kr
2022-11-03,원/달러,1418.0,https://ecos.bok.or.kr
2022-11-04,원/달러,1422.1,https://ecos.bok.or.kr
2022-11-07,원/달러,1422.4,https://ecos.bok.or.kr
2022-11-08,원/달러,1406.5,https://ecos.bok.or.kr
2022-11-09,원/달러,1387.3,https://ecos.bok.or.kr
2022-11-10,원/달러,1368.3,https://ecos.bok.or.kr
2022-11-11,원/달러,1370.1,https://ecos.bok.or.kr
2022-11-14,원/달러,1334.1,https://ecos.bok.or.kr
2022-11-15,원/달러,1320.3,https://ecos.bok.or.kr
2022-11-16,원/달러,1322.4,https://ecos.bok.or.kr
2022-11-17,원/달러,1325.6,https://ecos.bok.or.kr
2022-11-18,원/달러,1338.4,https://ecos.bok.or.kr
2022-11-21,원/달러,1340.0,https://ecos.bok.or.kr
2022-11-22,원/달러,1352.3,https://ecos.bok.or.kr
2022-11-23,원/달러,1355.7,https://ecos.bok.or.kr
2022-11-24,원/달러,1352.3,https://ecos.bok.or.kr
2022-11-25,원/달러,1333.2,https://ecos.bok.or.kr
2022-11-28,원/달러,1326.8,https://ecos.bok.or.kr
2022-11-29,원/달러,1339.0,https://ecos.bok.or.kr
2022-11-30,원/달러,1331.5,https://ecos.bok.or.kr
2022-12-01,원/달러,1320.1,https://ecos.bok.or.kr
2022-12-02,원/달러,1300.8,https://ecos.bok.or.kr
2022-12-05,원/달러,1300.4,https://ecos.bok.or.kr
2022-12-06,원/달러,1293.2,https://ecos.bok.or.kr
2022-12-07,원/달러,1309.0,https://ecos.bok.or.kr
2022-12-08,원/달러,1319.5,https://ecos.bok.or.kr
2022-12-09,원/달러,1320.4,https://ecos.bok.or.kr
2022-12-12,원/달러,1306.6,https://ecos.bok.or.kr
2022-12-13,원/달러,1310.0,https://ecos.bok.or.kr
2022-12-14,원/달러,1304.4,https://ecos.bok.or.kr
2022-12-15,원/달러,1296.0,https://ecos.bok.or.kr
2022-12-16,원/달러,1301.0,https://ecos.bok.or.kr
2022-12-19,원/달러,1310.1,https://ecos.bok.or.kr
2022-12-20,원/달러,1302.0,https://ecos.bok.or.kr
2022-12-21,원/달러,1298.0,https://ecos.bok.or.kr
2022-12-22,원/달러,1286.6,https://ecos.bok.or.kr
2022-12-23,원/달러,1276.1,https://ecos.bok.or.kr
2022-12-26,원/달러,1282.2,https://ecos.bok.or.kr
2022-12-27,원/달러,1276.4,https://ecos.bok.or.kr
2022-12-28,원/달러,1268.3,https://ecos.bok.or.kr
2022-12-29,원/달러,1268.4,https://ecos.bok.or.kr
2022-12-30,원/달러,1267.3,https://ecos.bok.or.kr
2023-01-02,원/달러,1267.3,https://ecos.bok.or.kr
2023-01-03,원/달러,1268.9,https://ecos.bok.or.kr
2023-01-04,원/달러,1272.1,https://ecos.bok.or.kr
2023-01-05,원/달러,1274.7,https://ecos.bok.or.kr
2023-01-06,원/달러,1270.3,https://ecos.bok.or.kr
2023-01-09,원/달러,1267.2,https://ecos.bok.or.kr
2023-01-10,원/달러,1246.8,https://ecos.bok.or.kr
2023-01-11,원/달러,1240.8,https://ecos.bok.or.kr
2023-01-12,원/달러,1245.3,https://ecos.bok.or.kr
2023-01-13,원/달러,1244.6,https://ecos.bok.or.kr
2023-01-16,원/달러,1240.6,https://ecos.bok.or.kr
2023-01-17,원/달러,1234.0,https://ecos.bok.or.kr
2023-01-18,원/달러,1238.5,https://ecos.bok.or.kr
2023-01-19,원/달러,1239.8,https://ecos.bok.or.kr
2023-01-20,원/달러,1236.0,https://ecos.bok.or.kr
2023-01-25,원/달러,1234.4,https://ecos.bok.or.kr
2023-01-26,원/달러,1233.4,https://ecos.bok.or.kr
2023-01-27,원/달러,1231.4,https://ecos.bok.or.kr
2023-01-30,원/달러,1230.2,https://ecos.bok.or.kr
2023-01-31,원/달러,1228.7,https://ecos.bok.or.kr
2023-02-01,원/달러,1230.8,https://ecos.bok.or.kr
2023-02-02,원/달러,1231.4,https://ecos.bok.or.kr
2023-02-03,원/달러,1219.3,https://ecos.bok.or.kr
2023-02-06,원/달러,1227.2,https://ecos.bok.or.kr
2023-02-07,원/달러,1247.5,https://ecos.bok.or.kr
2023-02-08,원/달러,1256.0,https://ecos.bok.or.kr
2023-02-09,원/달러,1257.1,https://ecos.bok.or.kr
2023-02-10,원/달러,1263.1,https://ecos.bok.or.kr
2023-02-13,원/달러,1264.3,https://ecos.bok.or.kr
2023-02-14,원/달러,1274.6,https://ecos.bok.or.kr
2023-02-15,원/달러,1269.9,https://ecos.bok.or.kr
2023-02-16,원/달러,1279.3,https://ecos.bok.or.kr
2023-02-17,원/달러,1283.7,https://ecos.bok.or.kr
2023-02-20,원/달러,1297.7,https://ecos.bok.or.kr
2023-02-21,원/달러,1295.8,https://ecos.bok.or.kr
2023-02-22,원/달러,1295.8,https://ecos.bok.or.kr
2023-02-23,원/달러,1303.8,https://ecos.bok.or.kr
2023-02-24,원/달러,1299.6,https://ecos.bok.or.kr
2023-02-27,원/달러,1300.5,https://ecos.bok.or.kr
2023-02-28,원/달러,1317.4,https://ecos.bok.or.kr
2023-03-02,원/달러,1319.2,https://ecos.bok.or.kr
2023-03-03,원/달러,1310.4,https://ecos.bok.or.kr
2023-03-06,원/달러,1304.8,https://ecos.bok.or.kr
2023-03-07,원/달러,1296.7,https://ecos.bok.or.kr
2023-03-08,원/달러,1299.1,https://ecos.bok.or.kr
2023-03-09,원/달러,1319.5,https://ecos.bok.or.kr
2023-03-10,원/달러,1319.7,https://ecos.bok.or.kr
2023-03-13,원/달러,1325.7,https://ecos.bok.or.kr
2023-03-14,원/달러,1307.3,https://ecos.bok.or.kr
2023-03-15,원/달러,1304.9,https://ecos.bok.or.kr
2023-03-16,원/달러,1302.0,https://ecos.bok.or.kr
2023-03-17,원/달러,1312.1,https://ecos.bok.or.kr
2023-03-20,원/달러,1303.6,https://ecos.bok.or.kr
2023-03-21,원/달러,1308.4,https://ecos.bok.or.kr
2023-03-22,원/달러,1307.8,https://ecos.bok.or.kr
2023-03-23,원/달러,1307.1,https://ecos.bok.or.kr
2023-03-24,원/달러,1287.2,https://ecos.bok.or.kr
2023-03-27,원/달러,1289.7,https://ecos.bok.or.kr
2023-03-28,원/달러,1300.3,https://ecos.bok.or.kr
2023-03-29,원/달러,1297.4,https://ecos.bok.or.kr
2023-03-30,원/달러,1299.3,https://ecos.bok.or.kr
2023-03-31,원/달러,1303.8,https://ecos.bok.or.kr
2023-04-03,원/달러,1295.4,https://ecos.bok.or.kr
2023-04-04,원/달러,1316.3,https://ecos.bok.or.kr
2023-04-05,원/달러,1310.3,https://ecos.bok.or.kr
2023-04-06,원/달러,1311.9,https://ecos.bok.or.kr
2023-04-07,원/달러,1318.7,https://ecos.bok.or.kr
2023-04-10,원/달러,1318.9,https://ecos.bok.or.kr
2023-04-11,원/달러,1320.0,https://ecos.bok.or.kr
2023-04-12,원/달러,1319.5,https://ecos.bok.or.kr
2023-04-13,원/달러,1324.2,https://ecos.bok.or.kr
2023-04-14,원/달러,1318.0,https://ecos.bok.or.kr
2023-04-17,원/달러,1299.3,https://ecos.bok.or.kr
2023-04-18,원/달러,1311.3,https://ecos.bok.or.kr
2023-04-19,원/달러,1318.8,https://ecos.bok.or.kr
2023-04-20,원/달러,1318.8,https://ecos.bok.or.kr
2023-04-21,원/달러,1327.6,https://ecos.bok.or.kr
2023-04-24,원/달러,1327.9,https://ecos.bok.or.kr
2023-04-25,원/달러,1332.7,https://ecos.bok.or.kr
2023-04-26,원/달러,1333.3,https://ecos.bok.or.kr
2023-04-27,원/달러,1337.3,https://ecos.bok.or.kr
2023-04-28,원/달러,1339.9,https://ecos.bok.or.kr
2023-05-02,원/달러,1339.1,https://ecos.bok.or.kr
2023-05-03,원/달러,1340.2,https://ecos.bok.or.kr
2023-05-04,원/달러,1339.1,https://ecos.bok.or.kr
2023-05-08,원/달러,1325.6,https://ecos.bok.or.kr
2023-05-09,원/달러,1322.7,https://ecos.bok.or.kr
2023-05-10,원/달러,1323.0,https://ecos.bok.or.kr
2023-05-11,원/달러,1324.2,https://ecos.bok.or.kr
2023-05-12,원/달러,1320.3,https://ecos.bok.or.kr
2023-05-15,원/달러,1333.6,https://ecos.bok.or.kr
2023-05-16,원/달러,1337.8,https://ecos.bok.or.kr
2023-05-17,원/달러,1336.0,https://ecos.bok.or.kr
2023-05-18,원/달러,1339.4,https://ecos.bok.or.kr
2023-05-19,원/달러,1332.7,https://ecos.bok.or.kr
2023-05-22,원/달러,1331.2,https://ecos.bok.or.kr
2023-05-23,원/달러,1319.1,https://ecos.bok.or.kr
2023-05-24,원/달러,1311.4,https://ecos.bok.or.kr
2023-05-25,원/달러,1317.5,https://ecos.bok.or.kr
2023-05-26,원/달러,1323.4,https://ecos.bok.or.kr
2023-05-30,원/달러,1325.6,https://ecos.bok.or.kr
2023-05-31,원/달러,1322.2,https://ecos.bok.or.kr
2023-06-01,원/달러,1321.6,https://ecos.bok.or.kr
2023-06-02,원/달러,1320.7,https://ecos.bok.or.kr
2023-06-05,원/달러,1308.8,https://ecos.bok.or.kr
2023-06-07,원/달러,1308.3,https://ecos.bok.or.kr
2023-06-08,원/달러,1300.5,https://ecos.bok.or.kr
2023-06-09,원/달러,1306.1,https://ecos.bok.or.kr
2023-06-12,원/달러,1294.9,https://ecos.bok.or.kr
2023-06-13,원/달러,1291.1,https://ecos.bok.or.kr
2023-06-14,원/달러,1277.5,https://ecos.bok.or.kr
2023-06-15,원/달러,1275.9,https://ecos.bok.or.kr
2023-06-16,원/달러,1280.1,https://ecos.bok.or.kr
2023-06-19,원/달러,1273.5,https://ecos.bok.or.kr
2023-06-20,원/달러,1280.7,https://ecos.bok.or.kr
2023-06-21,원/달러,1282.2,https://ecos.bok.or.kr
2023-06-22,원/달러,1291.5,https://ecos.bok.or.kr
2023-06-23,원/달러,1291.4,https://ecos.bok.or.kr
2023-06-26,원/달러,1302.2,https://ecos.bok.or.kr
2023-06-27,원/달러,1303.8,https://ecos.bok.or.kr
2023-06-28,원/달러,1303.1,https://ecos.bok.or.kr
2023-06-29,원/달러,1304.3,https://ecos.bok.or.kr
2023-06-30,원/달러,1312.8,https://ecos.bok.or.kr
2023-07-03,원/달러,1319.4,https://ecos.bok.or.kr
2023-07-04,원/달러,1310.0,https://ecos.bok.or.kr
2023-07-05,원/달러,1301.7,https://ecos.bok.or.kr
2023-07-06,원/달러,1300.8,https://ecos.bok.or.kr
2023-07-07,원/달러,1303.8,https://ecos.bok.or.kr
2023-07-10,원/달러,1307.3,https://ecos.bok.or.kr
2023-07-11,원/달러,1303.8,https://ecos.bok.or.kr
2023-07-12,원/달러,1295.0,https://ecos.bok.or.kr
2023-07-13,원/달러,1291.4,https://ecos.bok.or.kr
2023-07-14,원/달러,1276.2,https://ecos.bok.or.kr
2023-07-17,원/달러,1265.8,https://ecos.bok.or.kr
2023-07-18,원/달러,1266.1,https://ecos.bok.or.kr
2023-07-19,원/달러,1261.6,https://ecos.bok.or.kr
2023-07-20,원/달러,1265.4,https://ecos.bok.or.kr
2023-07-21,원/달러,1265.8,https://ecos.bok.or.kr
2023-07-24,원/달러,1281.7,https://ecos.bok.or.kr
2023-07-25,원/달러,1283.8,https://ecos.bok.or.kr
2023-07-26,원/달러,1280.7,https://ecos.bok.or.kr
2023-07-27,원/달러,1278.7,https://ecos.bok.or.kr
2023-07-28,원/달러,1273.4,https://ecos.bok.or.kr
2023-07-31,원/달러,1280.0,https://ecos.bok.or.kr
2023-08-01,원/달러,1273.8,https://ecos.bok.or.kr
2023-08-02,원/달러,1280.7,https://ecos.bok.or.kr
2023-08-03,원/달러,1293.0,https://ecos.bok.or.kr
2023-08-04,원/달러,1298.8,https://ecos.bok.or.kr
2023-08-07,원/달러,1303.9,https://ecos.bok.or.kr
2023-08-08,원/달러,1304.1,https://ecos.bok.or.kr
2023-08-09,원/달러,1312.6,https://ecos.bok.or.kr
2023-08-10,원/달러,1318.3,https://ecos.bok.or.kr
2023-08-11,원/달러,1317.3,https://ecos.bok.or.kr
2023-08-14,원/달러,1321.1,https://ecos.bok.or.kr
2023-08-16,원/달러,1331.3,https://ecos.bok.or.kr
2023-08-17,원/달러,1338.3,https://ecos.bok.or.kr
2023-08-18,원/달러,1341.6,https://ecos.bok.or.kr
2023-08-21,원/달러,1336.9,https://ecos.bok.or.kr
2023-08-22,원/달러,1341.5,https://ecos.bok.or.kr
2023-08-23,원/달러,1338.7,https://ecos.bok.or.kr
2023-08-24,원/달러,1338.0,https://ecos.bok.or.kr
2023-08-25,원/달러,1324.0,https://ecos.bok.or.kr
2023-08-28,원/달러,1326.6,https://ecos.bok.or.kr
2023-08-29,원/달러,1322.5,https://ecos.bok.or.kr
2023-08-30,원/달러,1322.0,https://ecos.bok.or.kr
2023-08-31,원/달러,1321.4,https://ecos.bok.or.kr
2023-09-01,원/달러,1322.3,https://ecos.bok.or.kr
2023-09-04,원/달러,1319.2,https://ecos.bok.or.kr
2023-09-05,원/달러,1319.3,https://ecos.bok.or.kr
2023-09-06,원/달러,1324.3,https://ecos.bok.or.kr
2023-09-07,원/달러,1332.6,https://ecos.bok.or.kr
2023-09-08,원/달러,1334.7,https://ecos.bok.or.kr
2023-09-11,원/달러,1333.4,https://ecos.bok.or.kr
2023-09-12,원/달러,1332.4,https://ecos.bok.or.kr
2023-09-13,원/달러,1326.1,https://ecos.bok.or.kr
2023-09-14,원/달러,1327.8,https://ecos.bok.or.kr
2023-09-15,원/달러,1326.1,https://ecos.bok.or.kr
2023-09-18,원/달러,1327.6,https://ecos.bok.or.kr
2023-09-19,원/달러,1326.0,https://ecos.bok.or.kr
2023-09-20,원/달러,1323.7,https://ecos.bok.or.kr
2023-09-21,원/달러,1329.3,https://ecos.bok.or.kr
2023-09-22,원/달러,1339.1,https://ecos.bok.or.kr
2023-09-25,원/달러,1337.6,https://ecos.bok.or.kr
2023-09-26,원/달러,1333.7,https://ecos.bok.or.kr
2023-09-27,원/달러,1344.8,https://ecos.bok.or.kr
2023-10-04,원/달러,1351.3,https://ecos.bok.or.kr
2023-10-05,원/달러,1360.6,https://ecos.bok.or.kr
2023-10-06,원/달러,1349.4,https://ecos.bok.or.kr
2023-10-10,원/달러,1348.3,https://ecos.bok.or.kr
2023-10-11,원/달러,1348.3,https://ecos.bok.or.kr
2023-10-12,원/달러,1339.6,https://ecos.bok.or.kr
2023-10-13,원/달러,1339.9,https://ecos.bok.or.kr
2023-10-16,원/달러,1349.4,https://ecos.bok.or.kr
2023-10-17,원/달러,1353.8,https://ecos.bok.or.kr
2023-10-18,원/달러,1351.9,https://ecos.bok.or.kr
2023-10-19,원/달러,1351.7,https://ecos.bok.or.kr
2023-10-20,원/달러,1357.6,https://ecos.bok.or.kr
2023-10-23,원/달러,1355.1,https://ecos.bok.or.kr
2023-10-24,원/달러,1353.2,https://ecos.bok.or.kr
2023-10-25,원/달러,1343.9,https://ecos.bok.or.kr
2023-10-26,원/달러,1347.0,https://ecos.bok.or.kr
2023-10-27,원/달러,1357.1,https://ecos.bok.or.kr
2023-10-30,원/달러,1352.3,https://ecos.bok.or.kr
2023-10-31,원/달러,1352.8,https://ecos.bok.or.kr
2023-11-01,원/달러,1349.6,https://ecos.bok.or.kr
2023-11-02,원/달러,1356.9,https://ecos.bok.or.kr
2023-11-03,원/달러,1343.2,https://ecos.bok.or.kr
2023-11-06,원/달러,1325.8,https://ecos.bok.or.kr
2023-11-07,원/달러,1303.2,https://ecos.bok.or.kr
2023-11-08,원/달러,1306.1,https://ecos.bok.or.kr
2023-11-09,원/달러,1305.5,https://ecos.bok.or.kr
2023-11-10,원/달러,1309.0,https://ecos.bok.or.kr
2023-11-13,원/달러,1316.7,https://ecos.bok.or.kr
2023-11-14,원/달러,1322.7,https://ecos.bok.or.kr
2023-11-15,원/달러,1325.3,https://ecos.bok.or.kr
2023-11-16,원/달러,1302.0,https://ecos.bok.or.kr
2023-11-17,원/달러,1303.9,https://ecos.bok.or.kr
2023-11-20,원/달러,1294.4,https://ecos.bok.or.kr
2023-11-21,원/달러,1292.4,https://ecos.bok.or.kr
2023-11-22,원/달러,1287.7,https://ecos.bok.or.kr
2023-11-23,원/달러,1295.7,https://ecos.bok.or.kr
2023-11-24,원/달러,1298.7,https://ecos.bok.or.kr
2023-11-27,원/달러,1302.1,https://ecos.bok.or.kr
2023-11-28,원/달러,1304.7,https://ecos.bok.or.kr
2023-11-29,원/달러,1294.0,https://ecos.bok.or.kr
2023-11-30,원/달러,1289.0,https://ecos.bok.or.kr
2023-12-01,원/달러,1290.4,https://ecos.bok.or.kr
2023-12-04,원/달러,1303.2,https://ecos.bok.or.kr
2023-12-05,원/달러,1301.8,https://ecos.bok.or.kr
2023-12-06,원/달러,1311.7,https://ecos.bok.or.kr
2023-12-07,원/달러,1312.4,https://ecos.bok.or.kr
2023-12-08,원/달러,1322.7,https://ecos.bok.or.kr
2023-12-11,원/달러,1307.9,https://ecos.bok.or.kr
2023-12-12,원/달러,1318.3,https://ecos.bok.or.kr
2023-12-13,원/달러,1315.7,https://ecos.bok.or.kr
2023-12-14,원/달러,1316.5,https://ecos.bok.or.kr
2023-12-15,원/달러,1295.6,https://ecos.bok.or.kr
2023-12-18,원/달러,1294.7,https://ecos.bok.or.kr
2023-12-19,원/달러,1298.7,https://ecos.bok.or.kr
2023-12-20,원/달러,1304.7,https://ecos.bok.or.kr
2023-12-21,원/달러,1300.2,https://ecos.bok.or.kr
2023-12-22,원/달러,1303.8,https://ecos.bok.or.kr
2023-12-26,원/달러,1300.7,https://ecos.bok.or.kr
2023-12-27,원/달러,1296.8,https://ecos.bok.or.kr
2023-12-28,원/달러,1294.4,https://ecos.bok.or.kr
2023-12-29,원/달러,1289.4,https://ecos.bok.or.kr
2024-01-02,원/달러,1289.4,https://ecos.bok.or.kr
2024-01-03,원/달러,1299.3,https://ecos.bok.or.kr
2024-01-04,원/달러,1308.8,https://ecos.bok.or.kr
2024-01-05,원/달러,1310.2,https://ecos.bok.or.kr
2024-01-08,원/달러,1313.7,https://ecos.bok.or.kr
2024-01-09,원/달러,1314.8,https://ecos.bok.or.kr
2024-01-10,원/달러,1312.1,https://ecos.bok.or.kr
2024-01-11,원/달러,1320.1,https://ecos.bok.or.kr
2024-01-12,원/달러,1316.0,https://ecos.bok.or.kr
2024-01-15,원/달러,1314.1,https://ecos.bok.or.kr
2024-01-16,원/달러,1319.3,https://ecos.bok.or.kr
2024-01-17,원/달러,1329.0,https://ecos.bok.or.kr
2024-01-18,원/달러,1343.2,https://ecos.bok.or.kr
2024-01-19,원/달러,1342.4,https://ecos.bok.or.kr
2024-01-22,원/달러,1336.5,https://ecos.bok.or.kr
2024-01-23,원/달러,1334.7,https://ecos.bok.or.kr
2024-01-24,원/달러,1336.0,https://ecos.bok.or.kr
2024-01-25,원/달러,1339.1,https://ecos.bok.or.kr
2024-01-26,원/달러,1335.7,https://ecos.bok.or.kr
2024-01-29,원/달러,1336.6,https://ecos.bok.or.kr
2024-01-30,원/달러,1336.9,https://ecos.bok.or.kr
2024-01-31,원/달러,1330.6,https://ecos.bok.or.kr
2024-02-01,원/달러,1333.5,https://ecos.bok.or.kr
2024-02-02,원/달러,1332.5,https://ecos.bok.or.kr
2024-02-05,원/달러,1325.1,https://ecos.bok.or.kr
2024-02-06,원/달러,1334.6,https://ecos.bok.or.kr
2024-02-07,원/달러,1329.6,https://ecos.bok.or.kr
2024-02-08,원/달러,1325.3,https://ecos.bok.or.kr
2024-02-13,원/달러,1327.2,https://ecos.bok.or.kr
2024-02-14,원/달러,1328.4,https://ecos.bok.or.kr
2024-02-15,원/달러,1336.9,https://ecos.bok.or.kr
2024-02-16,원/달러,1333.2,https://ecos.bok.or.kr
2024-02-19,원/달러,1333.0,https://ecos.bok.or.kr
2024-02-20,원/달러,1333.8,https://ecos.bok.or.kr
2024-02-21,원/달러,1337.9,https://ecos.bok.or.kr
2024-02-22,원/달러,1335.0,https://ecos.bok.or.kr
2024-02-23,원/달러,1331.0,https://ecos.bok.or.kr
2024-02-26,원/달러,1329.3,https://ecos.bok.or.kr
2024-02-27,원/달러,1331.4,https://ecos.bok.or.kr
2024-02-28,원/달러,1331.3,https://ecos.bok.or.kr
2024-02-29,원/달러,1334.0,https://ecos.bok.or.kr
2024-03-04,원/달러,1334.1,https://ecos.bok.or.kr
2024-03-05,원/달러,1330.1,https://ecos.bok.or.kr
2024-03-06,원/달러,1333.2,https://ecos.bok.or.kr
2024-03-07,원/달러,1335.7,https://ecos.bok.or.kr
2024-03-08,원/달러,1329.6,https://ecos.bok.or.kr
2024-03-11,원/달러,1323.1,https://ecos.bok.or.kr
2024-03-12,원/달러,1314.4,https://ecos.bok.or.kr
2024-03-13,원/달러,1311.1,https://ecos.bok.or.kr
2024-03-14,원/달러,1312.8,https://ecos.bok.or.kr
2024-03-15,원/달러,1316.9,https://ecos.bok.or.kr
2024-03-18,원/달러,1328.4,https://ecos.bok.or.kr
2024-03-19,원/달러,1333.0,https://ecos.bok.or.kr
2024-03-20,원/달러,1338.5,https://ecos.bok.or.kr
2024-03-21,원/달러,1338.7,https://ecos.bok.or.kr
2024-03-22,원/달러,1326.3,https://ecos.bok.or.kr
2024-03-25,원/달러,1336.1,https://ecos.bok.or.kr
2024-03-26,원/달러,1340.7,https://ecos.bok.or.kr
2024-03-27,원/달러,1338.6,https://ecos.bok.or.kr
2024-03-28,원/달러,1345.8,https://ecos.bok.or.kr
2024-03-29,원/달러,1346.8,https://ecos.bok.or.kr
2024-04-01,원/달러,1347.4,https://ecos.bok.or.kr
2024-04-02,원/달러,1347.1,https://ecos.bok.or.kr
2024-04-03,원/달러,1353.0,https://ecos.bok.or.kr
2024-04-04,원/달러,1349.1,https://ecos.bok.or.kr
2024-04-05,원/달러,1346.8,https://ecos.bok.or.kr
2024-04-08,원/달러,1351.8,https://ecos.bok.or.kr
2024-04-09,원/달러,1353.6,https://ecos.bok.or.kr
2024-04-11,원/달러,1354.4,https://ecos.bok.or.kr
2024-04-12,원/달러,1363.7,https://ecos.bok.or.kr
2024-04-15,원/달러,1371.6,https://ecos.bok.or.kr
2024-04-16,원/달러,1383.7,https://ecos.bok.or.kr
2024-04-17,원/달러,1395.3,https://ecos.bok.or.kr
2024-04-18,원/달러,1386.3,https://ecos.bok.or.kr
2024-04-19,원/달러,1375.9,https://ecos.bok.or.kr
2024-04-22,원/달러,1385.0,https://ecos.bok.or.kr
2024-04-23,원/달러,1380.6,https://ecos.bok.or.kr
2024-04-24,원/달러,1377.9,https://ecos.bok.or.kr
2024-04-25,원/달러,1370.0,https://ecos.bok.or.kr
2024-04-26,원/달러,1376.6,https://ecos.bok.or.kr
2024-04-29,원/달러,1375.9,https://ecos.bok.or.kr
2024-04-30,원/달러,1378.7,https://ecos.bok.or.kr
2024-05-02,원/달러,1378.0,https://ecos.bok.or.kr
2024-05-03,원/달러,1378.5,https://ecos.bok.or.kr
2024-05-07,원/달러,1365.2,https://ecos.bok.or.kr
2024-05-08,원/달러,1357.8,https://ecos.bok.or.kr
2024-05-09,원/달러,1364.4,https://ecos.bok.or.kr
2024-05-10,원/달러,1367.9,https://ecos.bok.or.kr
2024-05-13,원/달러,1367.9,https://ecos.bok.or.kr
2024-05-14,원/달러,1370.1,https://ecos.bok.or.kr
2024-05-16,원/달러,1369.0,https://ecos.bok.or.kr
2024-05-17,원/달러,1349.4,https://ecos.bok.or.kr
2024-05-20,원/달러,1355.2,https://ecos.bok.or.kr
2024-05-21,원/달러,1356.2,https://ecos.bok.or.kr
2024-05-22,원/달러,1364.4,https://ecos.bok.or.kr
2024-05-23,원/달러,1363.1,https://ecos.bok.or.kr
2024-05-24,원/달러,1364.5,https://ecos.bok.or.kr
2024-05-27,원/달러,1370.0,https://ecos.bok.or.kr
2024-05-28,원/달러,1365.4,https://ecos.bok.or.kr
2024-05-29,원/달러,1359.5,https://ecos.bok.or.kr
2024-05-30,원/달러,1364.8,https://ecos.bok.or.kr
2024-05-31,원/달러,1376.5,https://ecos.bok.or.kr
2024-06-03,원/달러,1381.6,https://ecos.bok.or.kr
2024-06-04,원/달러,1377.6,https://ecos.bok.or.kr
2024-06-05,원/달러,1373.1,https://ecos.bok.or.kr
2024-06-07,원/달러,1371.5,https://ecos.bok.or.kr
2024-06-10,원/달러,1366.9,https://ecos.bok.or.kr
2024-06-11,원/달러,1377.9,https://ecos.bok.or.kr
2024-06-12,원/달러,1377.4,https://ecos.bok.or.kr
2024-06-13,원/달러,1377.8,https://ecos.bok.or.kr
2024-06-14,원/달러,1371.0,https://ecos.bok.or.kr
2024-06-17,원/달러,1377.7,https://ecos.bok.or.kr
2024-06-18,원/달러,1380.4,https://ecos.bok.or.kr
2024-06-19,원/달러,1380.5,https://ecos.bok.or.kr
2024-06-20,원/달러,1380.8,https://ecos.bok.or.kr
2024-06-21,원/달러,1383.8,https://ecos.bok.or.kr
2024-06-24,원/달러,1389.1,https://ecos.bok.or.kr
2024-06-25,원/달러,1389.7,https://ecos.bok.or.kr
2024-06-26,원/달러,1386.4,https://ecos.bok.or.kr
2024-06-27,원/달러,1390.1,https://ecos.bok.or.kr
2024-06-28,원/달러,1389.2,https://ecos.bok.or.kr
2024-07-01,원/달러,1382.4,https://ecos.bok.or.kr
2024-07-02,원/달러,1380.8,https://ecos.bok.or.kr
2024-07-03,원/달러,1387.4,https://ecos.bok.or.kr
2024-07-04,원/달러,1389.4,https://ecos.bok.or.kr
2024-07-05,원/달러,1381.9,https://ecos.bok.or.kr
2024-07-08,원/달러,1379.0,https://ecos.bok.or.kr
2024-07-09,원/달러,1379.4,https://ecos.bok.or.kr
2024-07-10,원/달러,1383.4,https://ecos.bok.or.kr
2024-07-11,원/달러,1385.6,https://ecos.bok.or.kr
2024-07-12,원/달러,1380.1,https://ecos.bok.or.kr
2024-07-15,원/달러,1376.3,https://ecos.bok.or.kr
2024-07-16,원/달러,1381.9,https://ecos.bok.or.kr
2024-07-17,원/달러,1386.0,https://ecos.bok.or.kr
2024-07-18,원/달러,1381.5,https://ecos.bok.or.kr
2024-07-19,원/달러,1379.9,https://ecos.bok.or.kr
2024-07-22,원/달러,1386.6,https://ecos.bok.or.kr
2024-07-23,원/달러,1388.6,https://ecos.bok.or.kr
2024-07-24,원/달러,1385.1,https://ecos.bok.or.kr
2024-07-25,원/달러,1385.1,https://ecos.bok.or.kr
2024-07-26,원/달러,1385.4,https://ecos.bok.or.kr
2024-07-29,원/달러,1385.4,https://ecos.bok.or.kr
2024-07-30,원/달러,1382.0,https://ecos.bok.or.kr
2024-07-31,원/달러,1384.6,https://ecos.bok.or.kr
2024-08-01,원/달러,1380.1,https://ecos.bok.or.kr
2024-08-02,원/달러,1365.9,https://ecos.bok.or.kr
2024-08-05,원/달러,1372.8,https://ecos.bok.or.kr
2024-08-06,원/달러,1360.6,https://ecos.bok.or.kr
2024-08-07,원/달러,1372.2,https://ecos.bok.or.kr
2024-08-08,원/달러,1376.4,https://ecos.bok.or.kr
2024-08-09,원/달러,1377.7,https://ecos.bok.or.kr
2024-08-12,원/달러,1369.4,https://ecos.bok.or.kr
2024-08-13,원/달러,1367.7,https://ecos.bok.or.kr
2024-08-14,원/달러,1370.3,https://ecos.bok.or.kr
2024-08-16,원/달러,1361.4,https://ecos.bok.or.kr
2024-08-19,원/달러,1360.1,https://ecos.bok.or.kr
2024-08-20,원/달러,1337.8,https://ecos.bok.or.kr
2024-08-21,원/달러,1332.0,https://ecos.bok.or.kr
2024-08-22,원/달러,1332.4,https://ecos.bok.or.kr
2024-08-23,원/달러,1335.9,https://ecos.bok.or.kr
2024-08-26,원/달러,1340.1,https://ecos.bok.or.kr
2024-08-27,원/달러,1323.9,https://ecos.bok.or.kr
2024-08-28,원/달러,1330.4,https://ecos.bok.or.kr
2024-08-29,원/달러,1334.7,https://ecos.bok.or.kr
2024-08-30,원/달러,1335.3,https://ecos.bok.or.kr
2024-09-02,원/달러,1334.8,https://ecos.bok.or.kr
2024-09-03,원/달러,1338.8,https://ecos.bok.or.kr
2024-09-04,원/달러,1341.0,https://ecos.bok.or.kr
2024-09-05,원/달러,1342.0,https://ecos.bok.or.kr
2024-09-06,원/달러,1335.8,https://ecos.bok.or.kr
2024-09-09,원/달러,1330.4,https://ecos.bok.or.kr
2024-09-10,원/달러,1339.5,https://ecos.bok.or.kr
2024-09-11,원/달러,1344.3,https://ecos.bok.or.kr
2024-09-12,원/달러,1340.3,https://ecos.bok.or.kr
2024-09-13,원/달러,1339.6,https://ecos.bok.or.kr
2024-09-19,원/달러,1331.0,https://ecos.bok.or.kr
2024-09-20,원/달러,1331.8,https://ecos.bok.or.kr
2024-09-23,원/달러,1329.9,https://ecos.bok.or.kr
2024-09-24,원/달러,1335.5,https://ecos.bok.or.kr
2024-09-25,원/달러,1334.3,https://ecos.bok.or.kr
2024-09-26,원/달러,1328.4,https://ecos.bok.or.kr
2024-09-27,원/달러,1329.7,https://ecos.bok.or.kr
2024-09-30,원/달러,1319.6,https://ecos.bok.or.kr
2024-10-02,원/달러,1306.9,https://ecos.bok.or.kr
2024-10-04,원/달러,1320.1,https://ecos.bok.or.kr
2024-10-07,원/달러,1333.3,https://ecos.bok.or.kr
2024-10-08,원/달러,1346.5,https://ecos.bok.or.kr
2024-10-10,원/달러,1347.8,https://ecos.bok.or.kr
2024-10-11,원/달러,1349.4,https://ecos.bok.or.kr
2024-10-14,원/달러,1348.6,https://ecos.bok.or.kr
2024-10-15,원/달러,1354.9,https://ecos.bok.or.kr
2024-10-16,원/달러,1360.4,https://ecos.bok.or.kr
2024-10-17,원/달러,1363.7,https://ecos.bok.or.kr
2024-10-18,원/달러,1366.5,https://ecos.bok.or.kr
2024-10-21,원/달러,1371.1,https://ecos.bok.or.kr
2024-10-22,원/달러,1370.4,https://ecos.bok.or.kr
2024-10-23,원/달러,1380.1,https://ecos.bok.or.kr
2024-10-24,원/달러,1382.0,https://ecos.bok.or.kr
2024-10-25,원/달러,1380.5,https://ecos.bok.or.kr
2024-10-28,원/달러,1384.4,https://ecos.bok.or.kr
2024-10-29,원/달러,1387.0,https://ecos.bok.or.kr
2024-10-30,원/달러,1383.1,https://ecos.bok.or.kr
2024-10-31,원/달러,1383.3,https://ecos.bok.or.kr
2024-11-01,원/달러,1379.3,https://ecos.bok.or.kr
2024-11-04,원/달러,1377.9,https://ecos.bok.or.kr
2024-11-05,원/달러,1371.3,https://ecos.bok.or.kr
2024-11-06,원/달러,1377.8,https://ecos.bok.or.kr
2024-11-07,원/달러,1391.5,https://ecos.bok.or.kr
2024-11-08,원/달러,1399.1,https://ecos.bok.or.kr
2024-11-11,원/달러,1385.4,https://ecos.bok.or.kr
2024-11-12,원/달러,1395.3,https://ecos.bok.or.kr
2024-11-13,원/달러,1401.1,https://ecos.bok.or.kr
2024-11-14,원/달러,1407.3,https://ecos.bok.or.kr
2024-11-15,원/달러,1406.4,https://ecos.bok.or.kr
2024-11-18,원/달러,1402.8,https://ecos.bok.or.kr
2024-11-19,원/달러,1392.6,https://ecos.bok.or.kr
2024-11-20,원/달러,1392.0,https://ecos.bok.or.kr
2024-11-21,원/달러,1391.6,https://ecos.bok.or.kr
2024-11-22,원/달러,1398.1,https://ecos.bok.or.kr
2024-11-25,원/달러,1400.5,https://ecos.bok.or.kr
2024-11-26,원/달러,1398.2,https://ecos.bok.or.kr
2024-11-27,원/달러,1401.2,https://ecos.bok.or.kr
2024-11-28,원/달러,1396.8,https://ecos.bok.or.kr
2024-11-29,원/달러,1394.7,https://ecos.bok.or.kr
2024-12-02,원/달러,1395.1,https://ecos.bok.or.kr
2024-12-03,원/달러,1402.0,https://ecos.bok.or.kr
2024-12-04,원/달러,1403.4,https://ecos.bok.or.kr
2024-12-05,원/달러,1413.0,https://ecos.bok.or.kr
2024-12-06,원/달러,1414.9,https://ecos.bok.or.kr
2024-12-09,원/달러,1419.4,https://ecos.bok.or.kr
2024-12-10,원/달러,1433.2,https://ecos.bok.or.kr
2024-12-11,원/달러,1428.1,https://ecos.bok.or.kr
2024-12-12,원/달러,1431.4,https://ecos.bok.or.kr
2024-12-13,원/달러,1431.5,https://ecos.bok.or.kr
2024-12-16,원/달러,1432.7,https://ecos.bok.or.kr
2024-12-17,원/달러,1434.9,https://ecos.bok.or.kr
2024-12-18,원/달러,1436.6,https://ecos.bok.or.kr
2024-12-19,원/달러,1436.8,https://ecos.bok.or.kr
2024-12-20,원/달러,1449.7,https://ecos.bok.or.kr
2024-12-23,원/달러,1450.3,https://ecos.bok.or.kr
2024-12-24,원/달러,1449.3,https://ecos.bok.or.kr
2024-12-26,원/달러,1453.6,https://ecos.bok.or.kr
2024-12-27,원/달러,1462.9,https://ecos.bok.or.kr
2024-12-30,원/달러,1474.1,https://ecos.bok.or.kr
2024-12-31,원/달러,1470.0,https://ecos.bok.or.kr
2025-01-02,원/달러,1470.0,https://ecos.bok.or.kr
2025-01-03,원/달러,1468.3,https://ecos.bok.or.kr
2025-01-06,원/달러,1466.8,https://ecos.bok.or.kr
2025-01-07,원/달러,1470.8,https://ecos.bok.or.kr
2025-01-08,원/달러,1455.4,https://ecos.bok.or.kr
2025-01-09,원/달러,1453.2,https://ecos.bok.or.kr
2025-01-10,원/달러,1458.2,https://ecos.bok.or.kr
2025-01-13,원/달러,1460.7,https://ecos.bok.or.kr
2025-01-14,원/달러,1471.3,https://ecos.bok.or.kr
2025-01-15,원/달러,1463.3,https://ecos.bok.or.kr
2025-01-16,원/달러,1460.2,https://ecos.bok.or.kr
2025-01-17,원/달러,1454.7,https://ecos.bok.or.kr
2025-01-20,원/달러,1455.8,https://ecos.bok.or.kr
2025-01-21,원/달러,1453.0,https://ecos.bok.or.kr
2025-01-22,원/달러,1437.9,https://ecos.bok.or.kr
2025-01-23,원/달러,1434.3,https://ecos.bok.or.kr
2025-01-24,원/달러,1437.1,https://ecos.bok.or.kr
2025-01-31,원/달러,1433.3,https://ecos.bok.or.kr
2025-02-03,원/달러,1453.0,https://ecos.bok.or.kr
2025-02-04,원/달러,1469.2,https://ecos.bok.or.kr
2025-02-05,원/달러,1460.8,https://ecos.bok.or.kr
2025-02-06,원/달러,1450.0,https://ecos.bok.or.kr
2025-02-07,원/달러,1447.1,https://ecos.bok.or.kr
2025-02-10,원/달러,1447.4,https://ecos.bok.or.kr
2025-02-11,원/달러,1453.4,https://ecos.bok.or.kr
2025-02-12,원/달러,1453.5,https://ecos.bok.or.kr
2025-02-13,원/달러,1452.6,https://ecos.bok.or.kr
2025-02-14,원/달러,1450.5,https://ecos.bok.or.kr
2025-02-17,원/달러,1443.3,https://ecos.bok.or.kr
2025-02-18,원/달러,1441.1,https://ecos.bok.or.kr
2025-02-19,원/달러,1443.9,https://ecos.bok.or.kr
2025-02-20,원/달러,1440.6,https://ecos.bok.or.kr
2025-02-21,원/달러,1439.4,https://ecos.bok.or.kr
2025-02-24,원/달러,1434.1,https://ecos.bok.or.kr
2025-02-25,원/달러,1429.2,https://ecos.bok.or.kr
2025-02-26,원/달러,1430.7,https://ecos.bok.or.kr
2025-02-27,원/달러,1431.8,https://ecos.bok.or.kr
2025-02-28,원/달러,1439.6,https://ecos.bok.or.kr
2025-03-04,원/달러,1458.7,https://ecos.bok.or.kr
2025-03-05,원/달러,1459.6,https://ecos.bok.or.kr
2025-03-06,원/달러,1456.0,https://ecos.bok.or.kr
2025-03-07,원/달러,1441.6,https://ecos.bok.or.kr
2025-03-10,원/달러,1446.3,https://ecos.bok.or.kr
2025-03-11,원/달러,1451.5,https://ecos.bok.or.kr
2025-03-12,원/달러,1457.9,https://ecos.bok.or.kr
2025-03-13,원/달러,1452.0,https://ecos.bok.or.kr
2025-03-14,원/달러,1451.9,https://ecos.bok.or.kr
2025-03-17,원/달러,1454.8,https://ecos.bok.or.kr
2025-03-18,원/달러,1448.0,https://ecos.bok.or.kr
2025-03-19,원/달러,1447.1,https://ecos.bok.or.kr
2025-03-20,원/달러,1452.3,https://ecos.bok.or.kr
2025-03-21,원/달러,1459.2,https://ecos.bok.or.kr
2025-03-24,원/달러,1466.9,https://ecos.bok.or.kr
2025-03-25,원/달러,1466.9,https://ecos.bok.or.kr
2025-03-26,원/달러,1469.6,https://ecos.bok.or.kr
2025-03-27,원/달러,1465.3,https://ecos.bok.or.kr
2025-03-28,원/달러,1466.8,https://ecos.bok.or.kr
2025-03-31,원/달러,1466.5,https://ecos.bok.or.kr
2025-04-01,원/달러,1470.6,https://ecos.bok.or.kr
2025-04-02,원/달러,1471.7,https://ecos.bok.or.kr
2025-04-03,원/달러,1467.8,https://ecos.bok.or.kr
2025-04-04,원/달러,1467.0,https://ecos.bok.or.kr
2025-04-07,원/달러,1439.3,https://ecos.bok.or.kr
2025-04-08,원/달러,1465.9,https://ecos.bok.or.kr
2025-04-09,원/달러,1470.2,https://ecos.bok.or.kr
2025-04-10,원/달러,1482.9,https://ecos.bok.or.kr
2025-04-11,원/달러,1458.5,https://ecos.bok.or.kr
2025-04-14,원/달러,1450.8,https://ecos.bok.or.kr
2025-04-15,원/달러,1427.4,https://ecos.bok.or.kr
2025-04-16,원/달러,1423.3,https://ecos.bok.or.kr
2025-04-17,원/달러,1427.4,https://ecos.bok.or.kr
2025-04-18,원/달러,1419.9,https://ecos.bok.or.kr
2025-04-21,원/달러,1421.5,https://ecos.bok.or.kr
2025-04-22,원/달러,1418.9,https://ecos.bok.or.kr
2025-04-23,원/달러,1422.6,https://ecos.bok.or.kr
2025-04-24,원/달러,1426.6,https://ecos.bok.or.kr
2025-04-25,원/달러,1430.2,https://ecos.bok.or.kr
2025-04-28,원/달러,1434.6,https://ecos.bok.or.kr
2025-04-29,원/달러,1439.3,https://ecos.bok.or.kr
2025-04-30,원/달러,1438.5,https://ecos.bok.or.kr
2025-05-02,원/달러,1426.9,https://ecos.bok.or.kr
2025-05-07,원/달러,1426.6,https://ecos.bok.or.kr
2025-05-08,원/달러,1394.1,https://ecos.bok.or.kr
2025-05-09,원/달러,1396.0,https://ecos.bok.or.kr
2025-05-12,원/달러,1405.6,https://ecos.bok.or.kr
2025-05-13,원/달러,1400.4,https://ecos.bok.or.kr
2025-05-14,원/달러,1413.7,https://ecos.bok.or.kr
2025-05-15,원/달러,1415.8,https://ecos.bok.or.kr
2025-05-16,원/달러,1399.6,https://ecos.bok.or.kr
2025-05-19,원/달러,1394.3,https://ecos.bok.or.kr
2025-05-20,원/달러,1398.0,https://ecos.bok.or.kr
2025-05-21,원/달러,1392.6,https://ecos.bok.or.kr
2025-05-22,원/달러,1387.1,https://ecos.bok.or.kr
2025-05-23,원/달러,1378.4,https://ecos.bok.or.kr
2025-05-26,원/달러,1376.9,https://ecos.bok.or.kr
2025-05-27,원/달러,1365.0,https://ecos.bok.or.kr
2025-05-28,원/달러,1368.3,https://ecos.bok.or.kr
2025-05-29,원/달러,1374.6,https://ecos.bok.or.kr
2025-05-30,원/달러,1381.4,https://ecos.bok.or.kr
2025-06-02,원/달러,1375.7,https://ecos.bok.or.kr
2025-06-04,원/달러,1376.9,https://ecos.bok.or.kr
2025-06-05,원/달러,1373.8,https://ecos.bok.or.kr
2025-06-09,원/달러,1359.0,https://ecos.bok.or.kr
2025-06-10,원/달러,1358.9,https://ecos.bok.or.kr
2025-06-11,원/달러,1359.9,https://ecos.bok.or.kr
2025-06-12,원/달러,1368.8,https://ecos.bok.or.kr
2025-06-13,원/달러,1362.9,https://ecos.bok.or.kr
2025-06-16,원/달러,1366.8,https://ecos.bok.or.kr
2025-06-17,원/달러,1363.6,https://ecos.bok.or.kr
2025-06-18,원/달러,1361.7,https://ecos.bok.or.kr
2025-06-19,원/달러,1373.2,https://ecos.bok.or.kr
2025-06-20,원/달러,1379.6,https://ecos.bok.or.kr
2025-06-23,원/달러,1369.4,https://ecos.bok.or.kr
2025-06-24,원/달러,1381.9,https://ecos.bok.or.kr
2025-06-25,원/달러,1365.0,https://ecos.bok.or.kr
2025-06-26,원/달러,1360.9,https://ecos.bok.or.kr
2025-06-27,원/달러,1357.6,https://ecos.bok.or.kr
2025-06-30,원/달러,1356.4,https://ecos.bok.or.kr
2025-07-01,원/달러,1353.6,https://ecos.bok.or.kr
2025-07-02,원/달러,1352.6,https://ecos.bok.or.kr
2025-07-03,원/달러,1359.4,https://ecos.bok.or.kr
2025-07-04,원/달러,1358.1,https://ecos.bok.or.kr
2025-07-07,원/달러,1364.2,https://ecos.bok.or.kr
2025-07-08,원/달러,1366.6,https://ecos.bok.or.kr
2025-07-09,원/달러,1368.0,https://ecos.bok.or.kr
2025-07-10,원/달러,1373.8,https://ecos.bok.or.kr
2025-07-11,원/달러,1373.0,https://ecos.bok.or.kr
2025-07-14,원/달러,1374.7,https://ecos.bok.or.kr
2025-07-15,원/달러,1378.5,https://ecos.bok.or.kr
2025-07-16,원/달러,1382.7,https://ecos.bok.or.kr
2025-07-17,원/달러,1387.1,https://ecos.bok.or.kr
2025-07-18,원/달러,1390.8,https://ecos.bok.or.kr
2025-07-21,원/달러,1391.9,https://ecos.bok.or.kr
2025-07-22,원/달러,1391.1,https://ecos.bok.or.kr
2025-07-23,원/달러,1386.3,https://ecos.bok.or.kr
2025-07-24,원/달러,1379.1,https://ecos.bok.or.kr
2025-07-25,원/달러,1368.7,https://ecos.bok.or.kr
2025-07-28,원/달러,1376.0,https://ecos.bok.or.kr
2025-07-29,원/달러,1379.6,https://ecos.bok.or.kr
2025-07-30,원/달러,1391.4,https://ecos.bok.or.kr
2025-07-31,원/달러,1382.9,https://ecos.bok.or.kr
2025-08-01,원/달러,1390.4,https://ecos.bok.or.kr
2025-08-04,원/달러,1399.3,https://ecos.bok.or.kr
2025-08-05,원/달러,1384.9,https://ecos.bok.or.kr
2025-08-06,원/달러,1386.7,https://ecos.bok.or.kr
2025-08-07,원/달러,1389.5,https://ecos.bok.or.kr
2025-08-08,원/달러,1384.2,https://ecos.bok.or.kr
2025-08-11,원/달러,1386.0,https://ecos.bok.or.kr
2025-08-12,원/달러,1388.3,https://ecos.bok.or.kr
2025-08-13,원/달러,1390.2,https://ecos.bok.or.kr
2025-08-14,원/달러,1383.8,https://ecos.bok.or.kr
2025-08-18,원/달러,1382.2,https://ecos.bok.or.kr
2025-08-19,원/달러,1385.3,https://ecos.bok.or.kr
2025-08-20,원/달러,1389.4,https://ecos.bok.or.kr
2025-08-21,원/달러,1397.5,https://ecos.bok.or.kr
2025-08-22,원/달러,1398.1,https://ecos.bok.or.kr
2025-08-25,원/달러,1395.6,https://ecos.bok.or.kr
2025-08-26,원/달러,1386.3,https://ecos.bok.or.kr
2025-08-27,원/달러,1391.2,https://ecos.bok.or.kr
2025-08-28,원/달러,1395.7,https://ecos.bok.or.kr
2025-08-29,원/달러,1388.6,https://ecos.bok.or.kr
2025-09-01,원/달러,1387.7,https://ecos.bok.or.kr
2025-09-02,원/달러,1392.4,https://ecos.bok.or.kr
2025-09-03,원/달러,1392.2,https://ecos.bok.or.kr
2025-09-04,원/달러,1393.8,https://ecos.bok.or.kr
2025-09-05,원/달러,1392.7,https://ecos.bok.or.kr
2025-09-08,원/달러,1391.8,https://ecos.bok.or.kr
2025-09-09,원/달러,1390.4,https://ecos.bok.or.kr
2025-09-10,원/달러,1386.6,https://ecos.bok.or.kr
2025-09-11,원/달러,1387.6,https://ecos.bok.or.kr
2025-09-12,원/달러,1389.4,https://ecos.bok.or.kr
2025-09-15,원/달러,1388.7,https://ecos.bok.or.kr
2025-09-16,원/달러,1389.5,https://ecos.bok.or.kr
2025-09-17,원/달러,1382.3,https://ecos.bok.or.kr
2025-09-18,원/달러,1380.0,https://ecos.bok.or.kr
2025-09-19,원/달러,1384.6,https://ecos.bok.or.kr
2025-09-22,원/달러,1393.6,https://ecos.bok.or.kr
2025-09-23,원/달러,1394.0,https://ecos.bok.or.kr
2025-09-24,원/달러,1393.8,https://ecos.bok.or.kr
2025-09-25,원/달러,1394.9,https://ecos.bok.or.kr
2025-09-26,원/달러,1400.4,https://ecos.bok.or.kr
2025-09-29,원/달러,1411.6,https://ecos.bok.or.kr
2025-09-30,원/달러,1402.2,https://ecos.bok.or.kr
2025-10-01,원/달러,1403.2,https://ecos.bok.or.kr
2025-10-02,원/달러,1406.0,https://ecos.bok.or.kr
2025-10-10,원/달러,1401.9,https://ecos.bok.or.kr
2025-10-13,원/달러,1420.5,https://ecos.bok.or.kr
2025-10-14,원/달러,1427.7,https://ecos.bok.or.kr
2025-10-15,원/달러,1428.4,https://ecos.bok.or.kr
2025-10-16,원/달러,1424.4,https://ecos.bok.or.kr
2025-10-17,원/달러,1419.1,https://ecos.bok.or.kr
2025-10-20,원/달러,1419.5,https://ecos.bok.or.kr
2025-10-21,원/달러,1420.2,https://ecos.bok.or.kr
2025-10-22,원/달러,1423.7,https://ecos.bok.or.kr
2025-10-23,원/달러,1430.1,https://ecos.bok.or.kr
2025-10-24,원/달러,1436.6,https://ecos.bok.or.kr
2025-10-27,원/달러,1436.1,https://ecos.bok.or.kr
2025-10-28,원/달러,1432.5,https://ecos.bok.or.kr
2025-10-29,원/달러,1434.3,https://ecos.bok.or.kr
2025-10-30,원/달러,1433.0,https://ecos.bok.or.kr
2025-10-31,원/달러,1423.2,https://ecos.bok.or.kr
2025-11-03,원/달러,1427.4,https://ecos.bok.or.kr
2025-11-04,원/달러,1429.0,https://ecos.bok.or.kr
2025-11-05,원/달러,1437.7,https://ecos.bok.or.kr
2025-11-06,원/달러,1447.0,https://ecos.bok.or.kr
2025-11-07,원/달러,1445.6,https://ecos.bok.or.kr
2025-11-10,원/달러,1454.0,https://ecos.bok.or.kr
2025-11-11,원/달러,1453.7,https://ecos.bok.or.kr
2025-11-12,원/달러,1463.2,https://ecos.bok.or.kr
2025-11-13,원/달러,1466.4,https://ecos.bok.or.kr
2025-11-14,원/달러,1469.5,https://ecos.bok.or.kr
2025-11-17,원/달러,1458.5,https://ecos.bok.or.kr
2025-11-18,원/달러,1458.3,https://ecos.bok.or.kr
2025-11-19,원/달러,1465.2,https://ecos.bok.or.kr
2025-11-20,원/달러,1465.0,https://ecos.bok.or.kr
2025-11-21,원/달러,1468.4,https://ecos.bok.or.kr
2025-11-24,원/달러,1472.0,https://ecos.bok.or.kr
2025-11-25,원/달러,1473.5,https://ecos.bok.or.kr
2025-11-26,원/달러,1473.5,https://ecos.bok.or.kr
2025-11-27,원/달러,1462.7,https://ecos.bok.or.kr
2025-11-28,원/달러,1464.8,https://ecos.bok.or.kr
2025-12-01,원/달러,1465.9,https://ecos.bok.or.kr
2025-12-02,원/달러,1469.1,https://ecos.bok.or.kr
2025-12-03,원/달러,1469.6,https://ecos.bok.or.kr
2025-12-04,원/달러,1468.7,https://ecos.bok.or.kr
2025-12-05,원/달러,1471.5,https://ecos.bok.or.kr
2025-12-08,원/달러,1472.1,https://ecos.bok.or.kr
2025-12-09,원/달러,1469.0,https://ecos.bok.or.kr
2025-12-10,원/달러,1470.4,https://ecos.bok.or.kr
2025-12-11,원/달러,1470.4,https://ecos.bok.or.kr
2025-12-12,원/달러,1469.5,https://ecos.bok.or.kr
2025-12-15,원/달러,1472.5,https://ecos.bok.or.kr
2025-12-16,원/달러,1474.1,https://ecos.bok.or.kr
2025-12-17,원/달러,1472.4,https://ecos.bok.or.kr
2025-12-18,원/달러,1478.6,https://ecos.bok.or.kr
2025-12-19,원/달러,1477.2,https://ecos.bok.or.kr
2025-12-22,원/달러,1477.8,https://ecos.bok.or.kr
2025-12-23,원/달러,1478.9,https://ecos.bok.or.kr
2025-12-24,원/달러,1483.4,https://ecos.bok.or.kr
2025-12-26,원/달러,1460.6,https://ecos.bok.or.kr
2025-12-29,원/달러,1442.3,https://ecos.bok.or.kr
2025-12-30,원/달러,1433.9,https://ecos.bok.or.kr
2025-12-31,원/달러,1434.9,https://ecos.bok.or.kr
2026-01-02,원/달러,1434.9,https://ecos.bok.or.kr
2026-01-05,원/달러,1442.1,https://ecos.bok.or.kr
2026-01-06,원/달러,1446.8,https://ecos.bok.or.kr
2026-01-07,원/달러,1445.7,https://ecos.bok.or.kr
2026-01-08,원/달러,1448.3,https://ecos.bok.or.kr
2026-01-09,원/달러,1449.4,https://ecos.bok.or.kr
2026-01-12,원/달러,1455.7,https://ecos.bok.or.kr
2026-01-13,원/달러,1464.1,https://ecos.bok.or.kr
2026-01-14,원/달러,1472.8,https://ecos.bok.or.kr
2026-01-15,원/달러,1477.5,https://ecos.bok.or.kr
2026-01-16,원/달러,1469.7,https://ecos.bok.or.kr
2026-01-19,원/달러,1473.5,https://ecos.bok.or.kr
2026-01-20,원/달러,1473.6,https://ecos.bok.or.kr
2026-01-21,원/달러,1477.0,https://ecos.bok.or.kr
2026-01-22,원/달러,1472.8,https://ecos.bok.or.kr
2026-01-23,원/달러,1468.4,https://ecos.bok.or.kr
2026-01-26,원/달러,1467.2,https://ecos.bok.or.kr
2026-01-27,원/달러,1442.8,https://ecos.bok.or.kr
2026-01-28,원/달러,1448.8,https://ecos.bok.or.kr
2026-01-29,원/달러,1428.6,https://ecos.bok.or.kr
2026-01-30,원/달러,1427.0,https://ecos.bok.or.kr
2026-02-02,원/달러,1436.7,https://ecos.bok.or.kr
2026-02-03,원/달러,1457.3,https://ecos.bok.or.kr
2026-02-04,원/달러,1449.0,https://ecos.bok.or.kr
2026-02-05,원/달러,1451.2,https://ecos.bok.or.kr
2026-02-06,원/달러,1464.1,https://ecos.bok.or.kr
2026-02-09,원/달러,1470.3,https://ecos.bok.or.kr
2026-02-10,원/달러,1464.3,https://ecos.bok.or.kr
2026-02-11,원/달러,1457.7,https://ecos.bok.or.kr
2026-02-12,원/달러,1454.4,https://ecos.bok.or.kr
2026-02-13,원/달러,1443.4,https://ecos.bok.or.kr
2026-02-19,원/달러,1443.1,https://ecos.bok.or.kr
2026-02-20,원/달러,1450.7,https://ecos.bok.or.kr
2026-02-23,원/달러,1448.7,https://ecos.bok.or.kr
2026-02-24,원/달러,1442.0,https://ecos.bok.or.kr
2026-02-25,원/달러,1445.8,https://ecos.bok.or.kr
2026-02-26,원/달러,1435.3,https://ecos.bok.or.kr
2026-02-27,원/달러,1424.5,https://ecos.bok.or.kr
2026-03-03,원/달러,1435.4,https://ecos.bok.or.kr
2026-03-04,원/달러,1464.5,https://ecos.bok.or.kr
2026-03-05,원/달러,1478.8,https://ecos.bok.or.kr
2026-03-06,원/달러,1464.3,https://ecos.bok.or.kr
2026-03-09,원/달러,1474.5,https://ecos.bok.or.kr
2026-03-10,원/달러,1493.1,https://ecos.bok.or.kr
2026-03-11,원/달러,1472.8,https://ecos.bok.or.kr
2026-03-12,원/달러,1467.3,https://ecos.bok.or.kr
2026-03-13,원/달러,1479.8,https://ecos.bok.or.kr
2026-03-16,원/달러,1489.5,https://ecos.bok.or.kr
2026-03-17,원/달러,1496.0,https://ecos.bok.or.kr
2026-03-18,원/달러,1491.6,https://ecos.bok.or.kr
2026-03-19,원/달러,1486.0,https://ecos.bok.or.kr
2026-03-20,원/달러,1499.7,https://ecos.bok.or.kr
2026-03-23,원/달러,1494.9,https://ecos.bok.or.kr
2026-03-24,원/달러,1509.6,https://ecos.bok.or.kr
2026-03-25,원/달러,1498.3,https://ecos.bok.or.kr
2026-03-26,원/달러,1495.6,https://ecos.bok.or.kr
2026-03-27,원/달러,1506.2,https://ecos.bok.or.kr
2026-03-30,원/달러,1508.1,https://ecos.bok.or.kr
2026-03-31,원/달러,1513.4,https://ecos.bok.or.kr
2026-04-01,원/달러,1530.5,https://ecos.bok.or.kr
2026-04-02,원/달러,1507.8,https://ecos.bok.or.kr
2026-04-03,원/달러,1518.8,https://ecos.bok.or.kr
2026-04-06,원/달러,1507.6,https://ecos.bok.or.kr
2026-04-07,원/달러,1507.2,https://ecos.bok.or.kr
2026-04-08,원/달러,1506.8,https://ecos.bok.or.kr
2026-04-09,원/달러,1476.1,https://ecos.bok.or.kr
2026-04-10,원/달러,1481.1,https://ecos.bok.or.kr
2026-04-13,원/달러,1479.8,https://ecos.bok.or.kr
2026-04-14,원/달러,1489.8,https://ecos.bok.or.kr
2026-04-15,원/달러,1481.4,https://ecos.bok.or.kr
2026-04-16,원/달러,1473.1,https://ecos.bok.or.kr
2026-04-17,원/달러,1472.6,https://ecos.bok.or.kr
2026-04-20,원/달러,1480.0,https://ecos.bok.or.kr
2026-04-21,원/달러,1475.6,https://ecos.bok.or.kr
2026-04-22,원/달러,1470.8,https://ecos.bok.or.kr
2026-04-23,원/달러,1477.6,https://ecos.bok.or.kr
2026-04-24,원/달러,1480.6,https://ecos.bok.or.kr
2026-04-27,원/달러,1482.9,https://ecos.bok.or.kr
2026-04-28,원/달러,1473.1,https://ecos.bok.or.kr
2026-04-29,원/달러,1473.3,https://ecos.bok.or.kr
2026-04-30,원/달러,1476.1,https://ecos.bok.or.kr
2026-05-04,원/달러,1484.8,https://ecos.bok.or.kr
2026-05-06,원/달러,1470.5,https://ecos.bok.or.kr
2026-05-07,원/달러,1456.8,https://ecos.bok.or.kr
2026-05-08,원/달러,1450.8,https://ecos.bok.or.kr
2026-05-11,원/달러,1466.0,https://ecos.bok.or.kr
2026-05-12,원/달러,1473.0,https://ecos.bok.or.kr
2026-05-13,원/달러,1484.3,https://ecos.bok.or.kr
2026-05-14,원/달러,1495.1,https://ecos.bok.or.kr
2026-05-15,원/달러,1491.8,https://ecos.bok.or.kr
2026-05-18,원/달러,1499.8,https://ecos.bok.or.kr
2026-05-19,원/달러,1503.4,https://ecos.bok.or.kr
2026-05-20,원/달러,1503.8,https://ecos.bok.or.kr
2026-05-21,원/달러,1509.7,https://ecos.bok.or.kr
2026-05-22,원/달러,1503.5,https://ecos.bok.or.kr
2026-05-26,원/달러,1513.3,https://ecos.bok.or.kr
2026-05-27,원/달러,1507.9,https://ecos.bok.or.kr
2026-05-28,원/달러,1501.6,https://ecos.bok.or.kr
2026-05-29,원/달러,1505.8,https://ecos.bok.or.kr
2026-06-01,원/달러,1503.2,https://ecos.bok.or.kr
2026-06-02,원/달러,1511.3,https://ecos.bok.or.kr
2026-06-04,원/달러,1515.6,https://ecos.bok.or.kr
2026-06-05,원/달러,1528.6,https://ecos.bok.or.kr
2026-06-08,원/달러,1543.0,https://ecos.bok.or.kr
2026-06-09,원/달러,1546.5,https://ecos.bok.or.kr
2026-06-10,원/달러,1518.4,https://ecos.bok.or.kr
2026-06-11,원/달러,1522.4,https://ecos.bok.or.kr
2026-06-12,원/달러,1527.0,https://ecos.bok.or.kr
2026-06-15,원/달러,1520.4,https://ecos.bok.or.kr
2026-06-16,원/달러,1510.0,https://ecos.bok.or.kr
2026-06-17,원/달러,1513.5,https://ecos.bok.or.kr
2026-06-18,원/달러,1512.8,https://ecos.bok.or.kr
2026-06-19,원/달러,1523.4,https://ecos.bok.or.kr
2026-06-22,원/달러,1535.0,https://ecos.bok.or.kr
2026-06-23,원/달러,1535.7,https://ecos.bok.or.kr
2026-06-24,원/달러,1537.2,https://ecos.bok.or.kr
2026-06-25,원/달러,1538.3,https://ecos.bok.or.kr
2026-06-26,원/달러,1545.3,https://ecos.bok.or.kr
2026-06-29,원/달러,1544.2,https://ecos.bok.or.kr
2026-06-30,원/달러,1541.5,https://ecos.bok.or.kr
2026-07-01,원/달러,1548.4,https://ecos.bok.or.kr
2026-07-02,원/달러,1554.4,https://ecos.bok.or.kr
2026-07-03,원/달러,1554.1,https://ecos.bok.or.kr
2026-07-06,원/달러,1539.7,https://ecos.bok.or.kr
2026-07-07,원/달러,1531.8,https://ecos.bok.or.kr
2026-07-08,원/달러,1526.6,https://ecos.bok.or.kr
2026-07-09,원/달러,1509.9,https://ecos.bok.or.kr
2026-07-10,원/달러,1504.2,https://ecos.bok.or.kr
2026-07-13,원/달러,1507.1,https://ecos.bok.or.kr
2026-07-14,원/달러,1504.9,https://ecos.bok.or.kr
2026-07-15,원/달러,1492.2,https://ecos.bok.or.kr
2026-07-16,원/달러,1488.8,https://ecos.bok.or.kr
2026-07-20,원/달러,1484.3,https://ecos.bok.or.kr
2026-07-21,원/달러,1482.0,https://ecos.bok.or.kr
2026-07-22,원/달러,1475.6,https://ecos.bok.or.kr
2026-07-23,원/달러,1480.9,https://ecos.bok.or.kr
2026-07-24,원/달러,1469.4,https://ecos.bok.or.kr
2026-07-27,원/달러,1466.3,https://ecos.bok.or.kr
2026-07-28,원/달러,1465.4,https://ecos.bok.or.kr
2026-07-29,원/달러,1466.2,https://ecos.bok.or.kr
2026-07-30,원/달러,1450.1,https://ecos.bok.or.kr
2026-07-31,원/달러,1441.1,https://ecos.bok.or.kr
2026-08-03,원/달러,1433.6,https://ecos.bok.or.kr
2026-08-04,원/달러,1429.9,https://ecos.bok.or.kr
2026-08-05,원/달러,1428.2,https://ecos.bok.or.kr
2026-08-06,원/달러,1424.8,https://ecos.bok.or.kr
2026-08-07,원/달러,1418.8,https://ecos.bok.or.kr
2026-08-10,원/달러,1420.1,https://ecos.bok.or.kr
2026-08-11,원/달러,1415.3,https://ecos.bok.or.kr
2026-08-12,원/달러,1415.0,https://ecos.bok.or.kr
2026-08-13,원/달러,1415.0,https://ecos.bok.or.kr
2026-08-14,원/달러,1414.9,https://ecos.bok.or.kr
2026-08-18,원/달러,1415.2,https://ecos.bok.or.kr
2026-08-19,원/달러,1411.0,https://ecos.bok.or.kr
2026-08-20,원/달러,1402.5,https://ecos.bok.or.kr
2026-08-21,원/달러,1393.0,https://ecos.bok.or.kr
2026-08-24,원/달러,1383.6,https://ecos.bok.or.kr
2026-08-25,원/달러,1380.6,https://ecos.bok.or.kr
2026-08-26,원/달러,1383.1,https://ecos.bok.or.kr
2026-08-27,원/달러,1384.6,https://ecos.bok.or.kr
2026-08-28,원/달러,1380.3,https://ecos.bok.or.kr
2026-08-31,원/달러,1376.5,https://ecos.bok.or.kr
2026-09-01,원/달러,1373.6,https://ecos.bok.or.kr
2026-09-02,원/달러,1370.3,https://ecos.bok.or.kr
2026-09-03,원/달러,1369.4,https://ecos.bok.or.kr
2026-09-04,원/달러,1359.5,https://ecos.bok.or.kr
2026-09-07,원/달러,1355.2,https://ecos.bok.or.kr
2026-09-08,원/달러,1342.6,https://ecos.bok.or.kr
2026-09-09,원/달러,1341.1,https://ecos.bok.or.kr
2026-09-10,원/달러,1337.9,https://ecos.bok.or.kr
2026-09-11,원/달러,1338.2,https://ecos.bok.or.kr
2026-09-14,원/달러,1346.4,https://ecos.bok.or.kr
2026-09-15,원/달러,1345.3,https://ecos.bok.or.kr
2026-09-16,원/달러,1353.3,https://ecos.bok.or.kr
2026-09-17,원/달러,1368.3,https://ecos.bok.or.kr
2021-09-01,원/유로,1373.27,https://ecos.bok.or.kr
2021-09-02,원/유로,1370.77,https://ecos.bok.or.kr
2021-09-03,원/유로,1377.09,https://ecos.bok.or.kr
2021-09-06,원/유로,1374.03,https://ecos.bok.or.kr
2021-09-07,원/유로,1373.89,https://ecos.bok.or.kr
2021-09-08,원/유로,1371.24,https://ecos.bok.or.kr
2021-09-09,원/유로,1376.21,https://ecos.bok.or.kr
2021-09-10,원/유로,1383.35,https://ecos.bok.or.kr
2021-09-13,원/유로,1382.48,https://ecos.bok.or.kr
2021-09-14,원/유로,1386.85,https://ecos.bok.or.kr
2021-09-15,원/유로,1383.37,https://ecos.bok.or.kr
2021-09-16,원/유로,1384.77,https://ecos.bok.or.kr
2021-09-17,원/유로,1375.56,https://ecos.bok.or.kr
2021-09-23,원/유로,1377.09,https://ecos.bok.or.kr
2021-09-24,원/유로,1387.55,https://ecos.bok.or.kr
2021-09-27,원/유로,1377.45,https://ecos.bok.or.kr
2021-09-28,원/유로,1375.16,https://ecos.bok.or.kr
2021-09-29,원/유로,1381.23,https://ecos.bok.or.kr
2021-09-30,원/유로,1374.31,https://ecos.bok.or.kr
2021-10-01,원/유로,1372.28,https://ecos.bok.or.kr
2021-10-05,원/유로,1379.23,https://ecos.bok.or.kr
2021-10-06,원/유로,1376.74,https://ecos.bok.or.kr
2021-10-07,원/유로,1374.93,https://ecos.bok.or.kr
2021-10-08,원/유로,1375.45,https://ecos.bok.or.kr
2021-10-12,원/유로,1378.2,https://ecos.bok.or.kr
2021-10-13,원/유로,1382.86,https://ecos.bok.or.kr
2021-10-14,원/유로,1385.96,https://ecos.bok.or.kr
2021-10-15,원/유로,1378.19,https://ecos.bok.or.kr
2021-10-18,원/유로,1371.99,https://ecos.bok.or.kr
2021-10-19,원/유로,1376.77,https://ecos.bok.or.kr
2021-10-20,원/유로,1374.97,https://ecos.bok.or.kr
2021-10-21,원/유로,1369.87,https://ecos.bok.or.kr
2021-10-22,원/유로,1366.75,https://ecos.bok.or.kr
2021-10-25,원/유로,1372.07,https://ecos.bok.or.kr
2021-10-26,원/유로,1360.17,https://ecos.bok.or.kr
2021-10-27,원/유로,1352.27,https://ecos.bok.or.kr
2021-10-28,원/유로,1355.05,https://ecos.bok.or.kr
2021-10-29,원/유로,1368.78,https://ecos.bok.or.kr
2021-11-01,원/유로,1352.12,https://ecos.bok.or.kr
2021-11-02,원/유로,1364.8,https://ecos.bok.or.kr
2021-11-03,원/유로,1361.05,https://ecos.bok.or.kr
2021-11-04,원/유로,1371.61,https://ecos.bok.or.kr
2021-11-05,원/유로,1363.14,https://ecos.bok.or.kr
2021-11-08,원/유로,1370.86,https://ecos.bok.or.kr
2021-11-09,원/유로,1372.31,https://ecos.bok.or.kr
2021-11-10,원/유로,1366.12,https://ecos.bok.or.kr
2021-11-11,원/유로,1355.73,https://ecos.bok.or.kr
2021-11-12,원/유로,1356.19,https://ecos.bok.or.kr
2021-11-15,원/유로,1349.88,https://ecos.bok.or.kr
2021-11-16,원/유로,1342.01,https://ecos.bok.or.kr
2021-11-17,원/유로,1335.07,https://ecos.bok.or.kr
2021-11-18,원/유로,1339.54,https://ecos.bok.or.kr
2021-11-19,원/유로,1342.52,https://ecos.bok.or.kr
2021-11-22,원/유로,1335.28,https://ecos.bok.or.kr
2021-11-23,원/유로,1334.52,https://ecos.bok.or.kr
2021-11-24,원/유로,1337.22,https://ecos.bok.or.kr
2021-11-25,원/유로,1331.3,https://ecos.bok.or.kr
2021-11-26,원/유로,1333.53,https://ecos.bok.or.kr
2021-11-29,원/유로,1347.14,https://ecos.bok.or.kr
2021-11-30,원/유로,1347.59,https://ecos.bok.or.kr
2021-12-01,원/유로,1346.79,https://ecos.bok.or.kr
2021-12-02,원/유로,1336.22,https://ecos.bok.or.kr
2021-12-03,원/유로,1330.41,https://ecos.bok.or.kr
2021-12-06,원/유로,1332.29,https://ecos.bok.or.kr
2021-12-07,원/유로,1335.63,https://ecos.bok.or.kr
2021-12-08,원/유로,1331.15,https://ecos.bok.or.kr
2021-12-09,원/유로,1334.33,https://ecos.bok.or.kr
2021-12-10,원/유로,1325.81,https://ecos.bok.or.kr
2021-12-13,원/유로,1332.96,https://ecos.bok.or.kr
2021-12-14,원/유로,1330.1,https://ecos.bok.or.kr
2021-12-15,원/유로,1332.38,https://ecos.bok.or.kr
2021-12-16,원/유로,1340.11,https://ecos.bok.or.kr
2021-12-17,원/유로,1340.96,https://ecos.bok.or.kr
2021-12-20,원/유로,1331.27,https://ecos.bok.or.kr
2021-12-21,원/유로,1341.74,https://ecos.bok.or.kr
2021-12-22,원/유로,1344.19,https://ecos.bok.or.kr
2021-12-23,원/유로,1348.91,https://ecos.bok.or.kr
2021-12-24,원/유로,1344.84,https://ecos.bok.or.kr
2021-12-27,원/유로,1343.06,https://ecos.bok.or.kr
2021-12-28,원/유로,1343.79,https://ecos.bok.or.kr
2021-12-29,원/유로,1342.16,https://ecos.bok.or.kr
2021-12-30,원/유로,1346.85,https://ecos.bok.or.kr
2021-12-31,원/유로,1342.34,https://ecos.bok.or.kr
2022-01-03,원/유로,1348.33,https://ecos.bok.or.kr
2022-01-04,원/유로,1345.13,https://ecos.bok.or.kr
2022-01-05,원/유로,1347.77,https://ecos.bok.or.kr
2022-01-06,원/유로,1355.04,https://ecos.bok.or.kr
2022-01-07,원/유로,1355.31,https://ecos.bok.or.kr
2022-01-10,원/유로,1365.69,https://ecos.bok.or.kr
2022-01-11,원/유로,1359.36,https://ecos.bok.or.kr
2022-01-12,원/유로,1358.88,https://ecos.bok.or.kr
2022-01-13,원/유로,1361.66,https://ecos.bok.or.kr
2022-01-14,원/유로,1361.26,https://ecos.bok.or.kr
2022-01-17,원/유로,1354.58,https://ecos.bok.or.kr
2022-01-18,원/유로,1360.18,https://ecos.bok.or.kr
2022-01-19,원/유로,1346.73,https://ecos.bok.or.kr
2022-01-20,원/유로,1351.62,https://ecos.bok.or.kr
2022-01-21,원/유로,1346.76,https://ecos.bok.or.kr
2022-01-24,원/유로,1353.54,https://ecos.bok.or.kr
2022-01-25,원/유로,1352.67,https://ecos.bok.or.kr
2022-01-26,원/유로,1353.87,https://ecos.bok.or.kr
2022-01-27,원/유로,1345.55,https://ecos.bok.or.kr
2022-01-28,원/유로,1340.07,https://ecos.bok.or.kr
2022-02-03,원/유로,1362.98,https://ecos.bok.or.kr
2022-02-04,원/유로,1378.62,https://ecos.bok.or.kr
2022-02-07,원/유로,1374.27,https://ecos.bok.or.kr
2022-02-08,원/유로,1372.17,https://ecos.bok.or.kr
2022-02-09,원/유로,1367.29,https://ecos.bok.or.kr
2022-02-10,원/유로,1366.19,https://ecos.bok.or.kr
2022-02-11,원/유로,1365.17,https://ecos.bok.or.kr
2022-02-14,원/유로,1361.31,https://ecos.bok.or.kr
2022-02-15,원/유로,1354.62,https://ecos.bok.or.kr
2022-02-16,원/유로,1361.38,https://ecos.bok.or.kr
2022-02-17,원/유로,1362.43,https://ecos.bok.or.kr
2022-02-18,원/유로,1360.8,https://ecos.bok.or.kr
2022-02-21,원/유로,1354.38,https://ecos.bok.or.kr
2022-02-22,원/유로,1350.38,https://ecos.bok.or.kr
2022-02-23,원/유로,1353.54,https://ecos.bok.or.kr
2022-02-24,원/유로,1347.31,https://ecos.bok.or.kr
2022-02-25,원/유로,1343.15,https://ecos.bok.or.kr
2022-02-28,원/유로,1342.09,https://ecos.bok.or.kr
2022-03-02,원/유로,1341.17,https://ecos.bok.or.kr
2022-03-03,원/유로,1340.08,https://ecos.bok.or.kr
2022-03-04,원/유로,1331.84,https://ecos.bok.or.kr
2022-03-07,원/유로,1316.9,https://ecos.bok.or.kr
2022-03-08,원/유로,1330.42,https://ecos.bok.or.kr
2022-03-10,원/유로,1366.9,https://ecos.bok.or.kr
2022-03-11,원/유로,1350.71,https://ecos.bok.or.kr
2022-03-14,원/유로,1347.38,https://ecos.bok.or.kr
2022-03-15,원/유로,1354.16,https://ecos.bok.or.kr
2022-03-16,원/유로,1361.34,https://ecos.bok.or.kr
2022-03-17,원/유로,1367.23,https://ecos.bok.or.kr
2022-03-18,원/유로,1353.65,https://ecos.bok.or.kr
2022-03-21,원/유로,1337.78,https://ecos.bok.or.kr
2022-03-22,원/유로,1337.38,https://ecos.bok.or.kr
2022-03-23,원/유로,1347.75,https://ecos.bok.or.kr
2022-03-24,원/유로,1334.58,https://ecos.bok.or.kr
2022-03-25,원/유로,1342.38,https://ecos.bok.or.kr
2022-03-28,원/유로,1337.69,https://ecos.bok.or.kr
2022-03-29,원/유로,1347.6,https://ecos.bok.or.kr
2022-03-30,원/유로,1353.9,https://ecos.bok.or.kr
2022-03-31,원/유로,1351.13,https://ecos.bok.or.kr
2022-04-01,원/유로,1340.55,https://ecos.bok.or.kr
2022-04-04,원/유로,1343.06,https://ecos.bok.or.kr
2022-04-05,원/유로,1335.08,https://ecos.bok.or.kr
2022-04-06,원/유로,1322.64,https://ecos.bok.or.kr
2022-04-07,원/유로,1328.39,https://ecos.bok.or.kr
2022-04-08,원/유로,1324.88,https://ecos.bok.or.kr
2022-04-11,원/유로,1333.24,https://ecos.bok.or.kr
2022-04-12,원/유로,1340.35,https://ecos.bok.or.kr
2022-04-13,원/유로,1338.87,https://ecos.bok.or.kr
2022-04-14,원/유로,1337.27,https://ecos.bok.or.kr
2022-04-15,원/유로,1325.2,https://ecos.bok.or.kr
2022-04-18,원/유로,1330.66,https://ecos.bok.or.kr
2022-04-19,원/유로,1328.84,https://ecos.bok.or.kr
2022-04-20,원/유로,1332.33,https://ecos.bok.or.kr
2022-04-21,원/유로,1342.75,https://ecos.bok.or.kr
2022-04-22,원/유로,1339.76,https://ecos.bok.or.kr
2022-04-25,원/유로,1342.03,https://ecos.bok.or.kr
2022-04-26,원/유로,1335.52,https://ecos.bok.or.kr
2022-04-27,원/유로,1328.82,https://ecos.bok.or.kr
2022-04-28,원/유로,1332.7,https://ecos.bok.or.kr
2022-04-29,원/유로,1332.74,https://ecos.bok.or.kr
2022-05-02,원/유로,1334.74,https://ecos.bok.or.kr
2022-05-03,원/유로,1330.1,https://ecos.bok.or.kr
2022-05-04,원/유로,1331.9,https://ecos.bok.or.kr
2022-05-06,원/유로,1330.13,https://ecos.bok.or.kr
2022-05-09,원/유로,1340.92,https://ecos.bok.or.kr
2022-05-10,원/유로,1345.85,https://ecos.bok.or.kr
2022-05-11,원/유로,1343.55,https://ecos.bok.or.kr
2022-05-12,원/유로,1343.02,https://ecos.bok.or.kr
2022-05-13,원/유로,1335.35,https://ecos.bok.or.kr
2022-05-16,원/유로,1337.7,https://ecos.bok.or.kr
2022-05-17,원/유로,1337.48,https://ecos.bok.or.kr
2022-05-18,원/유로,1347.25,https://ecos.bok.or.kr
2022-05-19,원/유로,1329.21,https://ecos.bok.or.kr
2022-05-20,원/유로,1348.59,https://ecos.bok.or.kr
2022-05-23,원/유로,1342.75,https://ecos.bok.or.kr
2022-05-24,원/유로,1354.28,https://ecos.bok.or.kr
2022-05-25,원/유로,1357.23,https://ecos.bok.or.kr
2022-05-26,원/유로,1350.85,https://ecos.bok.or.kr
2022-05-27,원/유로,1359.35,https://ecos.bok.or.kr
2022-05-30,원/유로,1348.53,https://ecos.bok.or.kr
2022-05-31,원/유로,1342.29,https://ecos.bok.or.kr
2022-06-02,원/유로,1319.14,https://ecos.bok.or.kr
2022-06-03,원/유로,1345.04,https://ecos.bok.or.kr
2022-06-07,원/유로,1327.05,https://ecos.bok.or.kr
2022-06-08,원/유로,1345.79,https://ecos.bok.or.kr
2022-06-09,원/유로,1345.66,https://ecos.bok.or.kr
2022-06-10,원/유로,1335.07,https://ecos.bok.or.kr
2022-06-13,원/유로,1330.25,https://ecos.bok.or.kr
2022-06-14,원/유로,1339.05,https://ecos.bok.or.kr
2022-06-15,원/유로,1345.22,https://ecos.bok.or.kr
2022-06-16,원/유로,1348.89,https://ecos.bok.or.kr
2022-06-17,원/유로,1354.6,https://ecos.bok.or.kr
2022-06-20,원/유로,1350.59,https://ecos.bok.or.kr
2022-06-21,원/유로,1358.55,https://ecos.bok.or.kr
2022-06-22,원/유로,1359.45,https://ecos.bok.or.kr
2022-06-23,원/유로,1369.23,https://ecos.bok.or.kr
2022-06-24,원/유로,1369.25,https://ecos.bok.or.kr
2022-06-27,원/유로,1373.86,https://ecos.bok.or.kr
2022-06-28,원/유로,1360.04,https://ecos.bok.or.kr
2022-06-29,원/유로,1352.49,https://ecos.bok.or.kr
2022-06-30,원/유로,1350.05,https://ecos.bok.or.kr
2022-07-01,원/유로,1361.87,https://ecos.bok.or.kr
2022-07-04,원/유로,1350.37,https://ecos.bok.or.kr
2022-07-05,원/유로,1354.1,https://ecos.bok.or.kr
2022-07-06,원/유로,1332.72,https://ecos.bok.or.kr
2022-07-07,원/유로,1331.33,https://ecos.bok.or.kr
2022-07-08,원/유로,1324.0,https://ecos.bok.or.kr
2022-07-11,원/유로,1321.91,https://ecos.bok.or.kr
2022-07-12,원/유로,1306.52,https://ecos.bok.or.kr
2022-07-13,원/유로,1316.71,https://ecos.bok.or.kr
2022-07-14,원/유로,1312.63,https://ecos.bok.or.kr
2022-07-15,원/유로,1312.49,https://ecos.bok.or.kr
2022-07-18,원/유로,1335.08,https://ecos.bok.or.kr
2022-07-19,원/유로,1336.25,https://ecos.bok.or.kr
2022-07-20,원/유로,1345.73,https://ecos.bok.or.kr
2022-07-21,원/유로,1332.42,https://ecos.bok.or.kr
2022-07-22,원/유로,1341.69,https://ecos.bok.or.kr
2022-07-25,원/유로,1339.38,https://ecos.bok.or.kr
2022-07-26,원/유로,1339.78,https://ecos.bok.or.kr
2022-07-27,원/유로,1327.16,https://ecos.bok.or.kr
2022-07-28,원/유로,1339.65,https://ecos.bok.or.kr
2022-07-29,원/유로,1329.3,https://ecos.bok.or.kr
2022-08-01,원/유로,1326.78,https://ecos.bok.or.kr
2022-08-02,원/유로,1341.22,https://ecos.bok.or.kr
2022-08-03,원/유로,1328.77,https://ecos.bok.or.kr
2022-08-04,원/유로,1331.6,https://ecos.bok.or.kr
2022-08-05,원/유로,1342.44,https://ecos.bok.or.kr
2022-08-08,원/유로,1322.04,https://ecos.bok.or.kr
2022-08-09,원/유로,1330.5,https://ecos.bok.or.kr
2022-08-10,원/유로,1332.31,https://ecos.bok.or.kr
2022-08-11,원/유로,1348.57,https://ecos.bok.or.kr
2022-08-12,원/유로,1344.51,https://ecos.bok.or.kr
2022-08-16,원/유로,1324.34,https://ecos.bok.or.kr
2022-08-17,원/유로,1332.13,https://ecos.bok.or.kr
2022-08-18,원/유로,1332.98,https://ecos.bok.or.kr
2022-08-19,원/유로,1328.76,https://ecos.bok.or.kr
2022-08-22,원/유로,1331.48,https://ecos.bok.or.kr
2022-08-23,원/유로,1330.3,https://ecos.bok.or.kr
2022-08-24,원/유로,1338.18,https://ecos.bok.or.kr
2022-08-25,원/유로,1336.84,https://ecos.bok.or.kr
2022-08-26,원/유로,1333.02,https://ecos.bok.or.kr
2022-08-29,원/유로,1325.3,https://ecos.bok.or.kr
2022-08-30,원/유로,1347.43,https://ecos.bok.or.kr
2022-08-31,원/유로,1350.26,https://ecos.bok.or.kr
2022-09-01,원/유로,1351.69,https://ecos.bok.or.kr
2022-09-02,원/유로,1344.17,https://ecos.bok.or.kr
2022-09-05,원/유로,1345.92,https://ecos.bok.or.kr
2022-09-06,원/유로,1361.76,https://ecos.bok.or.kr
2022-09-07,원/유로,1355.5,https://ecos.bok.or.kr
2022-09-08,원/유로,1385.72,https://ecos.bok.or.kr
2022-09-13,원/유로,1398.47,https://ecos.bok.or.kr
2022-09-14,원/유로,1370.13,https://ecos.bok.or.kr
2022-09-15,원/유로,1389.13,https://ecos.bok.or.kr
2022-09-16,원/유로,1393.22,https://ecos.bok.or.kr
2022-09-19,원/유로,1396.71,https://ecos.bok.or.kr
2022-09-20,원/유로,1393.92,https://ecos.bok.or.kr
2022-09-21,원/유로,1385.21,https://ecos.bok.or.kr
2022-09-22,원/유로,1371.3,https://ecos.bok.or.kr
2022-09-23,원/유로,1385.33,https://ecos.bok.or.kr
2022-09-26,원/유로,1365.51,https://ecos.bok.or.kr
2022-09-27,원/유로,1374.08,https://ecos.bok.or.kr
2022-09-28,원/유로,1368.47,https://ecos.bok.or.kr
2022-09-29,원/유로,1396.71,https://ecos.bok.or.kr
2022-09-30,원/유로,1408.83,https://ecos.bok.or.kr
2022-10-04,원/유로,1408.18,https://ecos.bok.or.kr
2022-10-05,원/유로,1429.05,https://ecos.bok.or.kr
2022-10-06,원/유로,1403.77,https://ecos.bok.or.kr
2022-10-07,원/유로,1374.71,https://ecos.bok.or.kr
2022-10-11,원/유로,1369.26,https://ecos.bok.or.kr
2022-10-12,원/유로,1392.29,https://ecos.bok.or.kr
2022-10-13,원/유로,1388.13,https://ecos.bok.or.kr
2022-10-14,원/유로,1395.04,https://ecos.bok.or.kr
2022-10-17,원/유로,1391.03,https://ecos.bok.or.kr
2022-10-18,원/유로,1413.83,https://ecos.bok.or.kr
2022-10-19,원/유로,1406.78,https://ecos.bok.or.kr
2022-10-20,원/유로,1387.07,https://ecos.bok.or.kr
2022-10-21,원/유로,1400.2,https://ecos.bok.or.kr
2022-10-24,원/유로,1414.05,https://ecos.bok.or.kr
2022-10-25,원/유로,1420.08,https://ecos.bok.or.kr
2022-10-26,원/유로,1430.9,https://ecos.bok.or.kr
2022-10-27,원/유로,1440.2,https://ecos.bok.or.kr
2022-10-28,원/유로,1413.92,https://ecos.bok.or.kr
2022-10-31,원/유로,1413.34,https://ecos.bok.or.kr
2022-11-01,원/유로,1405.7,https://ecos.bok.or.kr
2022-11-02,원/유로,1404.07,https://ecos.bok.or.kr
2022-11-03,원/유로,1391.34,https://ecos.bok.or.kr
2022-11-04,원/유로,1386.62,https://ecos.bok.or.kr
2022-11-07,원/유로,1412.3,https://ecos.bok.or.kr
2022-11-08,원/유로,1409.31,https://ecos.bok.or.kr
2022-11-09,원/유로,1397.7,https://ecos.bok.or.kr
2022-11-10,원/유로,1369.67,https://ecos.bok.or.kr
2022-11-11,원/유로,1396.68,https://ecos.bok.or.kr
2022-11-14,원/유로,1376.39,https://ecos.bok.or.kr
2022-11-15,원/유로,1363.08,https://ecos.bok.or.kr
2022-11-16,원/유로,1367.76,https://ecos.bok.or.kr
2022-11-17,원/유로,1377.83,https://ecos.bok.or.kr
2022-11-18,원/유로,1387.18,https://ecos.bok.or.kr
2022-11-21,원/유로,1384.09,https://ecos.bok.or.kr
2022-11-22,원/유로,1385.3,https://ecos.bok.or.kr
2022-11-23,원/유로,1396.98,https://ecos.bok.or.kr
2022-11-24,원/유로,1406.66,https://ecos.bok.or.kr
2022-11-25,원/유로,1387.59,https://ecos.bok.or.kr
2022-11-28,원/유로,1376.82,https://ecos.bok.or.kr
2022-11-29,원/유로,1385.06,https://ecos.bok.or.kr
2022-11-30,원/유로,1374.31,https://ecos.bok.or.kr
2022-12-01,원/유로,1375.02,https://ecos.bok.or.kr
2022-12-02,원/유로,1368.9,https://ecos.bok.or.kr
2022-12-05,원/유로,1369.71,https://ecos.bok.or.kr
2022-12-06,원/유로,1357.08,https://ecos.bok.or.kr
2022-12-07,원/유로,1370.2,https://ecos.bok.or.kr
2022-12-08,원/유로,1386.79,https://ecos.bok.or.kr
2022-12-09,원/유로,1394.28,https://ecos.bok.or.kr
2022-12-12,원/유로,1375.59,https://ecos.bok.or.kr
2022-12-13,원/유로,1380.48,https://ecos.bok.or.kr
2022-12-14,원/유로,1387.36,https://ecos.bok.or.kr
2022-12-15,원/유로,1383.61,https://ecos.bok.or.kr
2022-12-16,원/유로,1382.96,https://ecos.bok.or.kr
2022-12-19,원/유로,1387.92,https://ecos.bok.or.kr
2022-12-20,원/유로,1381.29,https://ecos.bok.or.kr
2022-12-21,원/유로,1379.32,https://ecos.bok.or.kr
2022-12-22,원/유로,1364.83,https://ecos.bok.or.kr
2022-12-23,원/유로,1352.67,https://ecos.bok.or.kr
2022-12-26,원/유로,1361.82,https://ecos.bok.or.kr
2022-12-27,원/유로,1357.71,https://ecos.bok.or.kr
2022-12-28,원/유로,1348.96,https://ecos.bok.or.kr
2022-12-29,원/유로,1347.1,https://ecos.bok.or.kr
2022-12-30,원/유로,1351.2,https://ecos.bok.or.kr
2023-01-02,원/유로,1355.25,https://ecos.bok.or.kr
2023-01-03,원/유로,1355.31,https://ecos.bok.or.kr
2023-01-04,원/유로,1342.45,https://ecos.bok.or.kr
2023-01-05,원/유로,1351.95,https://ecos.bok.or.kr
2023-01-06,원/유로,1336.74,https://ecos.bok.or.kr
2023-01-09,원/유로,1348.81,https://ecos.bok.or.kr
2023-01-10,원/유로,1338.75,https://ecos.bok.or.kr
2023-01-11,원/유로,1332.12,https://ecos.bok.or.kr
2023-01-12,원/유로,1340.44,https://ecos.bok.or.kr
2023-01-13,원/유로,1350.45,https://ecos.bok.or.kr
2023-01-16,원/유로,1343.45,https://ecos.bok.or.kr
2023-01-17,원/유로,1336.18,https://ecos.bok.or.kr
2023-01-18,원/유로,1336.47,https://ecos.bok.or.kr
2023-01-19,원/유로,1338.24,https://ecos.bok.or.kr
2023-01-20,원/유로,1338.96,https://ecos.bok.or.kr
2023-01-25,원/유로,1343.77,https://ecos.bok.or.kr
2023-01-26,원/유로,1346.69,https://ecos.bok.or.kr
2023-01-27,원/유로,1341.49,https://ecos.bok.or.kr
2023-01-30,원/유로,1336.98,https://ecos.bok.or.kr
2023-01-31,원/유로,1332.83,https://ecos.bok.or.kr
2023-02-01,원/유로,1337.02,https://ecos.bok.or.kr
2023-02-02,원/유로,1355.28,https://ecos.bok.or.kr
2023-02-03,원/유로,1330.13,https://ecos.bok.or.kr
2023-02-06,원/유로,1323.9,https://ecos.bok.or.kr
2023-02-07,원/유로,1338.01,https://ecos.bok.or.kr
2023-02-08,원/유로,1347.44,https://ecos.bok.or.kr
2023-02-09,원/유로,1346.73,https://ecos.bok.or.kr
2023-02-10,원/유로,1356.44,https://ecos.bok.or.kr
2023-02-13,원/유로,1349.7,https://ecos.bok.or.kr
2023-02-14,원/유로,1366.69,https://ecos.bok.or.kr
2023-02-15,원/유로,1363.24,https://ecos.bok.or.kr
2023-02-16,원/유로,1367.7,https://ecos.bok.or.kr
2023-02-17,원/유로,1369.19,https://ecos.bok.or.kr
2023-02-20,원/유로,1386.72,https://ecos.bok.or.kr
2023-02-21,원/유로,1384.82,https://ecos.bok.or.kr
2023-02-22,원/유로,1379.9,https://ecos.bok.or.kr
2023-02-23,원/유로,1383.07,https://ecos.bok.or.kr
2023-02-24,원/유로,1377.45,https://ecos.bok.or.kr
2023-02-27,원/유로,1371.9,https://ecos.bok.or.kr
2023-02-28,원/유로,1397.76,https://ecos.bok.or.kr
2023-03-02,원/유로,1407.59,https://ecos.bok.or.kr
2023-03-03,원/유로,1388.89,https://ecos.bok.or.kr
2023-03-06,원/유로,1386.22,https://ecos.bok.or.kr
2023-03-07,원/유로,1385.26,https://ecos.bok.or.kr
2023-03-08,원/유로,1370.68,https://ecos.bok.or.kr
2023-03-09,원/유로,1391.61,https://ecos.bok.or.kr
2023-03-10,원/유로,1396.37,https://ecos.bok.or.kr
2023-03-13,원/유로,1418.76,https://ecos.bok.or.kr
2023-03-14,원/유로,1402.34,https://ecos.bok.or.kr
2023-03-15,원/유로,1400.74,https://ecos.bok.or.kr
2023-03-16,원/유로,1378.17,https://ecos.bok.or.kr
2023-03-17,원/유로,1392.79,https://ecos.bok.or.kr
2023-03-20,원/유로,1390.94,https://ecos.bok.or.kr
2023-03-21,원/유로,1403.0,https://ecos.bok.or.kr
2023-03-22,원/유로,1408.63,https://ecos.bok.or.kr
2023-03-23,원/유로,1419.77,https://ecos.bok.or.kr
2023-03-24,원/유로,1394.42,https://ecos.bok.or.kr
2023-03-27,원/유로,1389.72,https://ecos.bok.or.kr
2023-03-28,원/유로,1404.58,https://ecos.bok.or.kr
2023-03-29,원/유로,1406.51,https://ecos.bok.or.kr
2023-03-30,원/유로,1408.57,https://ecos.bok.or.kr
2023-03-31,원/유로,1421.53,https://ecos.bok.or.kr
2023-04-03,원/유로,1401.23,https://ecos.bok.or.kr
2023-04-04,원/유로,1435.75,https://ecos.bok.or.kr
2023-04-05,원/유로,1435.83,https://ecos.bok.or.kr
2023-04-06,원/유로,1431.22,https://ecos.bok.or.kr
2023-04-07,원/유로,1439.62,https://ecos.bok.or.kr
2023-04-10,원/유로,1438.79,https://ecos.bok.or.kr
2023-04-11,원/유로,1434.31,https://ecos.bok.or.kr
2023-04-12,원/유로,1440.37,https://ecos.bok.or.kr
2023-04-13,원/유로,1456.09,https://ecos.bok.or.kr
2023-04-14,원/유로,1456.39,https://ecos.bok.or.kr
2023-04-17,원/유로,1427.48,https://ecos.bok.or.kr
2023-04-18,원/유로,1432.73,https://ecos.bok.or.kr
2023-04-19,원/유로,1447.38,https://ecos.bok.or.kr
2023-04-20,원/유로,1444.42,https://ecos.bok.or.kr
2023-04-21,원/유로,1456.05,https://ecos.bok.or.kr
2023-04-24,원/유로,1460.03,https://ecos.bok.or.kr
2023-04-25,원/유로,1472.9,https://ecos.bok.or.kr
2023-04-26,원/유로,1463.3,https://ecos.bok.or.kr
2023-04-27,원/유로,1476.71,https://ecos.bok.or.kr
2023-04-28,원/유로,1477.64,https://ecos.bok.or.kr
2023-05-02,원/유로,1469.33,https://ecos.bok.or.kr
2023-05-03,원/유로,1475.56,https://ecos.bok.or.kr
2023-05-04,원/유로,1481.71,https://ecos.bok.or.kr
2023-05-08,원/유로,1460.41,https://ecos.bok.or.kr
2023-05-09,원/유로,1455.04,https://ecos.bok.or.kr
2023-05-10,원/유로,1450.8,https://ecos.bok.or.kr
2023-05-11,원/유로,1454.7,https://ecos.bok.or.kr
2023-05-12,원/유로,1441.24,https://ecos.bok.or.kr
2023-05-15,원/유로,1447.09,https://ecos.bok.or.kr
2023-05-16,원/유로,1454.79,https://ecos.bok.or.kr
2023-05-17,원/유로,1451.16,https://ecos.bok.or.kr
2023-05-18,원/유로,1451.64,https://ecos.bok.or.kr
2023-05-19,원/유로,1436.12,https://ecos.bok.or.kr
2023-05-22,원/유로,1440.69,https://ecos.bok.or.kr
2023-05-23,원/유로,1426.01,https://ecos.bok.or.kr
2023-05-24,원/유로,1412.77,https://ecos.bok.or.kr
2023-05-25,원/유로,1416.97,https://ecos.bok.or.kr
2023-05-26,원/유로,1419.48,https://ecos.bok.or.kr
2023-05-30,원/유로,1419.45,https://ecos.bok.or.kr
2023-05-31,원/유로,1418.99,https://ecos.bok.or.kr
2023-06-01,원/유로,1413.39,https://ecos.bok.or.kr
2023-06-02,원/유로,1421.54,https://ecos.bok.or.kr
2023-06-05,원/유로,1400.55,https://ecos.bok.or.kr
2023-06-07,원/유로,1398.97,https://ecos.bok.or.kr
2023-06-08,원/유로,1391.21,https://ecos.bok.or.kr
2023-06-09,원/유로,1408.5,https://ecos.bok.or.kr
2023-06-12,원/유로,1391.5,https://ecos.bok.or.kr
2023-06-13,원/유로,1389.55,https://ecos.bok.or.kr
2023-06-14,원/유로,1378.55,https://ecos.bok.or.kr
2023-06-15,원/유로,1382.18,https://ecos.bok.or.kr
2023-06-16,원/유로,1401.84,https://ecos.bok.or.kr
2023-06-19,원/유로,1393.53,https://ecos.bok.or.kr
2023-06-20,원/유로,1398.84,https://ecos.bok.or.kr
2023-06-21,원/유로,1400.35,https://ecos.bok.or.kr
2023-06-22,원/유로,1419.68,https://ecos.bok.or.kr
2023-06-23,원/유로,1414.79,https://ecos.bok.or.kr
2023-06-26,원/유로,1419.85,https://ecos.bok.or.kr
2023-06-27,원/유로,1422.45,https://ecos.bok.or.kr
2023-06-28,원/유로,1427.94,https://ecos.bok.or.kr
2023-06-29,원/유로,1423.84,https://ecos.bok.or.kr
2023-06-30,원/유로,1426.55,https://ecos.bok.or.kr
2023-07-03,원/유로,1439.47,https://ecos.bok.or.kr
2023-07-04,원/유로,1429.8,https://ecos.bok.or.kr
2023-07-05,원/유로,1416.38,https://ecos.bok.or.kr
2023-07-06,원/유로,1411.89,https://ecos.bok.or.kr
2023-07-07,원/유로,1420.36,https://ecos.bok.or.kr
2023-07-10,원/유로,1433.39,https://ecos.bok.or.kr
2023-07-11,원/유로,1434.44,https://ecos.bok.or.kr
2023-07-12,원/유로,1426.12,https://ecos.bok.or.kr
2023-07-13,원/유로,1437.97,https://ecos.bok.or.kr
2023-07-14,원/유로,1432.66,https://ecos.bok.or.kr
2023-07-17,원/유로,1420.92,https://ecos.bok.or.kr
2023-07-18,원/유로,1423.1,https://ecos.bok.or.kr
2023-07-19,원/유로,1416.97,https://ecos.bok.or.kr
2023-07-20,원/유로,1417.63,https://ecos.bok.or.kr
2023-07-21,원/유로,1409.66,https://ecos.bok.or.kr
2023-07-24,원/유로,1426.4,https://ecos.bok.or.kr
2023-07-25,원/유로,1420.14,https://ecos.bok.or.kr
2023-07-26,원/유로,1415.37,https://ecos.bok.or.kr
2023-07-27,원/유로,1417.38,https://ecos.bok.or.kr
2023-07-28,원/유로,1397.94,https://ecos.bok.or.kr
2023-07-31,원/유로,1411.33,https://ecos.bok.or.kr
2023-08-01,원/유로,1401.12,https://ecos.bok.or.kr
2023-08-02,원/유로,1409.67,https://ecos.bok.or.kr
2023-08-03,원/유로,1415.06,https://ecos.bok.or.kr
2023-08-04,원/유로,1422.45,https://ecos.bok.or.kr
2023-08-07,원/유로,1434.68,https://ecos.bok.or.kr
2023-08-08,원/유로,1434.97,https://ecos.bok.or.kr
2023-08-09,원/유로,1437.95,https://ecos.bok.or.kr
2023-08-10,원/유로,1446.97,https://ecos.bok.or.kr
2023-08-11,원/유로,1446.72,https://ecos.bok.or.kr
2023-08-14,원/유로,1445.68,https://ecos.bok.or.kr
2023-08-16,원/유로,1451.52,https://ecos.bok.or.kr
2023-08-17,원/유로,1455.87,https://ecos.bok.or.kr
2023-08-18,원/유로,1458.79,https://ecos.bok.or.kr
2023-08-21,원/유로,1453.54,https://ecos.bok.or.kr
2023-08-22,원/유로,1461.83,https://ecos.bok.or.kr
2023-08-23,원/유로,1452.02,https://ecos.bok.or.kr
2023-08-24,원/유로,1453.6,https://ecos.bok.or.kr
2023-08-25,원/유로,1429.52,https://ecos.bok.or.kr
2023-08-28,원/유로,1431.93,https://ecos.bok.or.kr
2023-08-29,원/유로,1431.8,https://ecos.bok.or.kr
2023-08-30,원/유로,1438.86,https://ecos.bok.or.kr
2023-08-31,원/유로,1444.36,https://ecos.bok.or.kr
2023-09-01,원/유로,1433.77,https://ecos.bok.or.kr
2023-09-04,원/유로,1421.64,https://ecos.bok.or.kr
2023-09-05,원/유로,1424.25,https://ecos.bok.or.kr
2023-09-06,원/유로,1420.44,https://ecos.bok.or.kr
2023-09-07,원/유로,1429.08,https://ecos.bok.or.kr
2023-09-08,원/유로,1427.6,https://ecos.bok.or.kr
2023-09-11,원/유로,1427.94,https://ecos.bok.or.kr
2023-09-12,원/유로,1432.46,https://ecos.bok.or.kr
2023-09-13,원/유로,1426.35,https://ecos.bok.or.kr
2023-09-14,원/유로,1425.06,https://ecos.bok.or.kr
2023-09-15,원/유로,1410.84,https://ecos.bok.or.kr
2023-09-18,원/유로,1415.75,https://ecos.bok.or.kr
2023-09-19,원/유로,1417.76,https://ecos.bok.or.kr
2023-09-20,원/유로,1414.11,https://ecos.bok.or.kr
2023-09-21,원/유로,1415.97,https://ecos.bok.or.kr
2023-09-22,원/유로,1427.61,https://ecos.bok.or.kr
2023-09-25,원/유로,1424.34,https://ecos.bok.or.kr
2023-09-26,원/유로,1412.92,https://ecos.bok.or.kr
2023-09-27,원/유로,1421.72,https://ecos.bok.or.kr
2023-10-04,원/유로,1414.2,https://ecos.bok.or.kr
2023-10-05,원/유로,1429.45,https://ecos.bok.or.kr
2023-10-06,원/유로,1423.21,https://ecos.bok.or.kr
2023-10-10,원/유로,1425.09,https://ecos.bok.or.kr
2023-10-11,원/유로,1430.28,https://ecos.bok.or.kr
2023-10-12,원/유로,1423.06,https://ecos.bok.or.kr
2023-10-13,원/유로,1411.32,https://ecos.bok.or.kr
2023-10-16,원/유로,1419.43,https://ecos.bok.or.kr
2023-10-17,원/유로,1429.21,https://ecos.bok.or.kr
2023-10-18,원/유로,1429.57,https://ecos.bok.or.kr
2023-10-19,원/유로,1424.49,https://ecos.bok.or.kr
2023-10-20,원/유로,1436.34,https://ecos.bok.or.kr
2023-10-23,원/유로,1435.32,https://ecos.bok.or.kr
2023-10-24,원/유로,1443.73,https://ecos.bok.or.kr
2023-10-25,원/유로,1423.66,https://ecos.bok.or.kr
2023-10-26,원/유로,1422.97,https://ecos.bok.or.kr
2023-10-27,원/유로,1433.5,https://ecos.bok.or.kr
2023-10-30,원/유로,1428.16,https://ecos.bok.or.kr
2023-10-31,원/유로,1435.86,https://ecos.bok.or.kr
2023-11-01,원/유로,1427.88,https://ecos.bok.or.kr
2023-11-02,원/유로,1435.46,https://ecos.bok.or.kr
2023-11-03,원/유로,1426.08,https://ecos.bok.or.kr
2023-11-06,원/유로,1421.85,https://ecos.bok.or.kr
2023-11-07,원/유로,1397.16,https://ecos.bok.or.kr
2023-11-08,원/유로,1397.27,https://ecos.bok.or.kr
2023-11-09,원/유로,1398.06,https://ecos.bok.or.kr
2023-11-10,원/유로,1396.31,https://ecos.bok.or.kr
2023-11-13,원/유로,1407.42,https://ecos.bok.or.kr
2023-11-14,원/유로,1415.29,https://ecos.bok.or.kr
2023-11-15,원/유로,1441.99,https://ecos.bok.or.kr
2023-11-16,원/유로,1412.54,https://ecos.bok.or.kr
2023-11-17,원/유로,1415.25,https://ecos.bok.or.kr
2023-11-20,원/유로,1412.26,https://ecos.bok.or.kr
2023-11-21,원/유로,1414.4,https://ecos.bok.or.kr
2023-11-22,원/유로,1405.46,https://ecos.bok.or.kr
2023-11-23,원/유로,1410.69,https://ecos.bok.or.kr
2023-11-24,원/유로,1416.23,https://ecos.bok.or.kr
2023-11-27,원/유로,1424.76,https://ecos.bok.or.kr
2023-11-28,원/유로,1429.49,https://ecos.bok.or.kr
2023-11-29,원/유로,1422.88,https://ecos.bok.or.kr
2023-11-30,원/유로,1414.16,https://ecos.bok.or.kr
2023-12-01,원/유로,1405.37,https://ecos.bok.or.kr
2023-12-04,원/유로,1418.6,https://ecos.bok.or.kr
2023-12-05,원/유로,1410.57,https://ecos.bok.or.kr
2023-12-06,원/유로,1415.85,https://ecos.bok.or.kr
2023-12-07,원/유로,1413.06,https://ecos.bok.or.kr
2023-12-08,원/유로,1427.59,https://ecos.bok.or.kr
2023-12-11,원/유로,1408.22,https://ecos.bok.or.kr
2023-12-12,원/유로,1419.02,https://ecos.bok.or.kr
2023-12-13,원/유로,1420.69,https://ecos.bok.or.kr
2023-12-14,원/유로,1432.48,https://ecos.bok.or.kr
2023-12-15,원/유로,1423.93,https://ecos.bok.or.kr
2023-12-18,원/유로,1410.83,https://ecos.bok.or.kr
2023-12-19,원/유로,1418.44,https://ecos.bok.or.kr
2023-12-20,원/유로,1432.69,https://ecos.bok.or.kr
2023-12-21,원/유로,1422.94,https://ecos.bok.or.kr
2023-12-22,원/유로,1435.29,https://ecos.bok.or.kr
2023-12-26,원/유로,1433.5,https://ecos.bok.or.kr
2023-12-27,원/유로,1432.19,https://ecos.bok.or.kr
2023-12-28,원/유로,1437.75,https://ecos.bok.or.kr
2023-12-29,원/유로,1426.59,https://ecos.bok.or.kr
2024-01-02,원/유로,1423.63,https://ecos.bok.or.kr
2024-01-03,원/유로,1421.82,https://ecos.bok.or.kr
2024-01-04,원/유로,1429.86,https://ecos.bok.or.kr
2024-01-05,원/유로,1434.28,https://ecos.bok.or.kr
2024-01-08,원/유로,1437.19,https://ecos.bok.or.kr
2024-01-09,원/유로,1439.84,https://ecos.bok.or.kr
2024-01-10,원/유로,1434.32,https://ecos.bok.or.kr
2024-01-11,원/유로,1448.55,https://ecos.bok.or.kr
2024-01-12,원/유로,1444.11,https://ecos.bok.or.kr
2024-01-15,원/유로,1438.55,https://ecos.bok.or.kr
2024-01-16,원/유로,1444.44,https://ecos.bok.or.kr
2024-01-17,원/유로,1445.69,https://ecos.bok.or.kr
2024-01-18,원/유로,1461.67,https://ecos.bok.or.kr
2024-01-19,원/유로,1460.26,https://ecos.bok.or.kr
2024-01-22,원/유로,1456.25,https://ecos.bok.or.kr
2024-01-23,원/유로,1452.35,https://ecos.bok.or.kr
2024-01-24,원/유로,1450.63,https://ecos.bok.or.kr
2024-01-25,원/유로,1457.61,https://ecos.bok.or.kr
2024-01-26,원/유로,1448.43,https://ecos.bok.or.kr
2024-01-29,원/유로,1449.34,https://ecos.bok.or.kr
2024-01-30,원/유로,1448.73,https://ecos.bok.or.kr
2024-01-31,원/유로,1443.1,https://ecos.bok.or.kr
2024-02-01,원/유로,1442.11,https://ecos.bok.or.kr
2024-02-02,원/유로,1449.23,https://ecos.bok.or.kr
2024-02-05,원/유로,1427.53,https://ecos.bok.or.kr
2024-02-06,원/유로,1433.76,https://ecos.bok.or.kr
2024-02-07,원/유로,1430.12,https://ecos.bok.or.kr
2024-02-08,원/유로,1427.94,https://ecos.bok.or.kr
2024-02-13,원/유로,1429.66,https://ecos.bok.or.kr
2024-02-14,원/유로,1422.78,https://ecos.bok.or.kr
2024-02-15,원/유로,1434.49,https://ecos.bok.or.kr
2024-02-16,원/유로,1436.59,https://ecos.bok.or.kr
2024-02-19,원/유로,1436.71,https://ecos.bok.or.kr
2024-02-20,원/유로,1437.57,https://ecos.bok.or.kr
2024-02-21,원/유로,1446.0,https://ecos.bok.or.kr
2024-02-22,원/유로,1444.8,https://ecos.bok.or.kr
2024-02-23,원/유로,1440.74,https://ecos.bok.or.kr
2024-02-26,원/유로,1438.57,https://ecos.bok.or.kr
2024-02-27,원/유로,1444.7,https://ecos.bok.or.kr
2024-02-28,원/유로,1443.73,https://ecos.bok.or.kr
2024-02-29,원/유로,1445.92,https://ecos.bok.or.kr
2024-03-04,원/유로,1446.56,https://ecos.bok.or.kr
2024-03-05,원/유로,1444.22,https://ecos.bok.or.kr
2024-03-06,원/유로,1447.52,https://ecos.bok.or.kr
2024-03-07,원/유로,1456.05,https://ecos.bok.or.kr
2024-03-08,원/유로,1455.71,https://ecos.bok.or.kr
2024-03-11,원/유로,1447.34,https://ecos.bok.or.kr
2024-03-12,원/유로,1436.05,https://ecos.bok.or.kr
2024-03-13,원/유로,1432.9,https://ecos.bok.or.kr
2024-03-14,원/유로,1437.45,https://ecos.bok.or.kr
2024-03-15,원/유로,1433.25,https://ecos.bok.or.kr
2024-03-18,원/유로,1445.9,https://ecos.bok.or.kr
2024-03-19,원/유로,1449.24,https://ecos.bok.or.kr
2024-03-20,원/유로,1454.15,https://ecos.bok.or.kr
2024-03-21,원/유로,1463.4,https://ecos.bok.or.kr
2024-03-22,원/유로,1440.49,https://ecos.bok.or.kr
2024-03-25,원/유로,1444.06,https://ecos.bok.or.kr
2024-03-26,원/유로,1453.12,https://ecos.bok.or.kr
2024-03-27,원/유로,1450.04,https://ecos.bok.or.kr
2024-03-28,원/유로,1455.01,https://ecos.bok.or.kr
2024-03-29,원/유로,1452.93,https://ecos.bok.or.kr
2024-04-01,원/유로,1453.44,https://ecos.bok.or.kr
2024-04-02,원/유로,1446.25,https://ecos.bok.or.kr
2024-04-03,원/유로,1456.84,https://ecos.bok.or.kr
2024-04-04,원/유로,1462.02,https://ecos.bok.or.kr
2024-04-05,원/유로,1459.8,https://ecos.bok.or.kr
2024-04-08,원/유로,1464.4,https://ecos.bok.or.kr
2024-04-09,원/유로,1470.28,https://ecos.bok.or.kr
2024-04-11,원/유로,1455.03,https://ecos.bok.or.kr
2024-04-12,원/유로,1462.98,https://ecos.bok.or.kr
2024-04-15,원/유로,1460.14,https://ecos.bok.or.kr
2024-04-16,원/유로,1470.6,https://ecos.bok.or.kr
2024-04-17,원/유로,1481.88,https://ecos.bok.or.kr
2024-04-18,원/유로,1479.46,https://ecos.bok.or.kr
2024-04-19,원/유로,1464.1,https://ecos.bok.or.kr
2024-04-22,원/유로,1476.48,https://ecos.bok.or.kr
2024-04-23,원/유로,1470.96,https://ecos.bok.or.kr
2024-04-24,원/유로,1474.84,https://ecos.bok.or.kr
2024-04-25,원/유로,1465.56,https://ecos.bok.or.kr
2024-04-26,원/유로,1477.09,https://ecos.bok.or.kr
2024-04-29,원/유로,1472.49,https://ecos.bok.or.kr
2024-04-30,원/유로,1477.48,https://ecos.bok.or.kr
2024-05-02,원/유로,1476.46,https://ecos.bok.or.kr
2024-05-03,원/유로,1479.06,https://ecos.bok.or.kr
2024-05-07,원/유로,1469.84,https://ecos.bok.or.kr
2024-05-08,원/유로,1459.7,https://ecos.bok.or.kr
2024-05-09,원/유로,1466.53,https://ecos.bok.or.kr
2024-05-10,원/유로,1475.21,https://ecos.bok.or.kr
2024-05-13,원/유로,1473.78,https://ecos.bok.or.kr
2024-05-14,원/유로,1478.27,https://ecos.bok.or.kr
2024-05-16,원/유로,1490.7,https://ecos.bok.or.kr
2024-05-17,원/유로,1466.46,https://ecos.bok.or.kr
2024-05-20,원/유로,1473.44,https://ecos.bok.or.kr
2024-05-21,원/유로,1472.97,https://ecos.bok.or.kr
2024-05-22,원/유로,1481.33,https://ecos.bok.or.kr
2024-05-23,원/유로,1475.69,https://ecos.bok.or.kr
2024-05-24,원/유로,1475.43,https://ecos.bok.or.kr
2024-05-27,원/유로,1486.31,https://ecos.bok.or.kr
2024-05-28,원/유로,1482.76,https://ecos.bok.or.kr
2024-05-29,원/유로,1475.81,https://ecos.bok.or.kr
2024-05-30,원/유로,1474.05,https://ecos.bok.or.kr
2024-05-31,원/유로,1491.09,https://ecos.bok.or.kr
2024-06-03,원/유로,1499.17,https://ecos.bok.or.kr
2024-06-04,원/유로,1502.75,https://ecos.bok.or.kr
2024-06-05,원/유로,1494.0,https://ecos.bok.or.kr
2024-06-07,원/유로,1493.91,https://ecos.bok.or.kr
2024-06-10,원/유로,1473.31,https://ecos.bok.or.kr
2024-06-11,원/유로,1483.24,https://ecos.bok.or.kr
2024-06-12,원/유로,1479.4,https://ecos.bok.or.kr
2024-06-13,원/유로,1489.75,https://ecos.bok.or.kr
2024-06-14,원/유로,1472.45,https://ecos.bok.or.kr
2024-06-17,원/유로,1474.76,https://ecos.bok.or.kr
2024-06-18,원/유로,1482.0,https://ecos.bok.or.kr
2024-06-19,원/유로,1482.66,https://ecos.bok.or.kr
2024-06-20,원/유로,1483.88,https://ecos.bok.or.kr
2024-06-21,원/유로,1481.15,https://ecos.bok.or.kr
2024-06-24,원/유로,1485.64,https://ecos.bok.or.kr
2024-06-25,원/유로,1491.43,https://ecos.bok.or.kr
2024-06-26,원/유로,1484.97,https://ecos.bok.or.kr
2024-06-27,원/유로,1484.35,https://ecos.bok.or.kr
2024-06-28,원/유로,1487.07,https://ecos.bok.or.kr
2024-07-01,원/유로,1484.35,https://ecos.bok.or.kr
2024-07-02,원/유로,1482.56,https://ecos.bok.or.kr
2024-07-03,원/유로,1491.11,https://ecos.bok.or.kr
2024-07-04,원/유로,1499.02,https://ecos.bok.or.kr
2024-07-05,원/유로,1494.04,https://ecos.bok.or.kr
2024-07-08,원/유로,1492.77,https://ecos.bok.or.kr
2024-07-09,원/유로,1493.68,https://ecos.bok.or.kr
2024-07-10,원/유로,1496.22,https://ecos.bok.or.kr
2024-07-11,원/유로,1501.02,https://ecos.bok.or.kr
2024-07-12,원/유로,1499.75,https://ecos.bok.or.kr
2024-07-15,원/유로,1498.31,https://ecos.bok.or.kr
2024-07-16,원/유로,1505.86,https://ecos.bok.or.kr
2024-07-17,원/유로,1510.95,https://ecos.bok.or.kr
2024-07-18,원/유로,1511.5,https://ecos.bok.or.kr
2024-07-19,원/유로,1504.09,https://ecos.bok.or.kr
2024-07-22,원/유로,1511.26,https://ecos.bok.or.kr
2024-07-23,원/유로,1512.25,https://ecos.bok.or.kr
2024-07-24,원/유로,1502.83,https://ecos.bok.or.kr
2024-07-25,원/유로,1501.45,https://ecos.bok.or.kr
2024-07-26,원/유로,1502.95,https://ecos.bok.or.kr
2024-07-29,원/유로,1503.78,https://ecos.bok.or.kr
2024-07-30,원/유로,1495.39,https://ecos.bok.or.kr
2024-07-31,원/유로,1497.51,https://ecos.bok.or.kr
2024-08-01,원/유로,1493.75,https://ecos.bok.or.kr
2024-08-02,원/유로,1473.74,https://ecos.bok.or.kr
2024-08-05,원/유로,1497.38,https://ecos.bok.or.kr
2024-08-06,원/유로,1490.67,https://ecos.bok.or.kr
2024-08-07,원/유로,1499.61,https://ecos.bok.or.kr
2024-08-08,원/유로,1504.34,https://ecos.bok.or.kr
2024-08-09,원/유로,1504.24,https://ecos.bok.or.kr
2024-08-12,원/유로,1494.63,https://ecos.bok.or.kr
2024-08-13,원/유로,1495.24,https://ecos.bok.or.kr
2024-08-14,원/유로,1506.99,https://ecos.bok.or.kr
2024-08-16,원/유로,1493.8,https://ecos.bok.or.kr
2024-08-19,원/유로,1499.44,https://ecos.bok.or.kr
2024-08-20,원/유로,1483.02,https://ecos.bok.or.kr
2024-08-21,원/유로,1482.25,https://ecos.bok.or.kr
2024-08-22,원/유로,1486.49,https://ecos.bok.or.kr
2024-08-23,원/유로,1484.99,https://ecos.bok.or.kr
2024-08-26,원/유로,1499.91,https://ecos.bok.or.kr
2024-08-27,원/유로,1478.27,https://ecos.bok.or.kr
2024-08-28,원/유로,1487.85,https://ecos.bok.or.kr
2024-08-29,원/유로,1484.79,https://ecos.bok.or.kr
2024-08-30,원/유로,1479.58,https://ecos.bok.or.kr
2024-09-02,원/유로,1474.35,https://ecos.bok.or.kr
2024-09-03,원/유로,1481.45,https://ecos.bok.or.kr
2024-09-04,원/유로,1481.27,https://ecos.bok.or.kr
2024-09-05,원/유로,1487.41,https://ecos.bok.or.kr
2024-09-06,원/유로,1484.14,https://ecos.bok.or.kr
2024-09-09,원/유로,1475.21,https://ecos.bok.or.kr
2024-09-10,원/유로,1478.47,https://ecos.bok.or.kr
2024-09-11,원/유로,1481.49,https://ecos.bok.or.kr
2024-09-12,원/유로,1476.01,https://ecos.bok.or.kr
2024-09-13,원/유로,1483.54,https://ecos.bok.or.kr
2024-09-19,원/유로,1479.61,https://ecos.bok.or.kr
2024-09-20,원/유로,1486.22,https://ecos.bok.or.kr
2024-09-23,원/유로,1484.23,https://ecos.bok.or.kr
2024-09-24,원/유로,1483.81,https://ecos.bok.or.kr
2024-09-25,원/유로,1492.75,https://ecos.bok.or.kr
2024-09-26,원/유로,1478.71,https://ecos.bok.or.kr
2024-09-27,원/유로,1486.01,https://ecos.bok.or.kr
2024-09-30,원/유로,1474.06,https://ecos.bok.or.kr
2024-10-02,원/유로,1446.15,https://ecos.bok.or.kr
2024-10-04,원/유로,1456.53,https://ecos.bok.or.kr
2024-10-07,원/유로,1462.7,https://ecos.bok.or.kr
2024-10-08,원/유로,1478.12,https://ecos.bok.or.kr
2024-10-10,원/유로,1474.56,https://ecos.bok.or.kr
2024-10-11,원/유로,1475.5,https://ecos.bok.or.kr
2024-10-14,원/유로,1473.75,https://ecos.bok.or.kr
2024-10-15,원/유로,1477.99,https://ecos.bok.or.kr
2024-10-16,원/유로,1481.14,https://ecos.bok.or.kr
2024-10-17,원/유로,1480.64,https://ecos.bok.or.kr
2024-10-18,원/유로,1479.71,https://ecos.bok.or.kr
2024-10-21,원/유로,1490.18,https://ecos.bok.or.kr
2024-10-22,원/유로,1482.16,https://ecos.bok.or.kr
2024-10-23,원/유로,1490.3,https://ecos.bok.or.kr
2024-10-24,원/유로,1490.0,https://ecos.bok.or.kr
2024-10-25,원/유로,1494.18,https://ecos.bok.or.kr
2024-10-28,원/유로,1494.94,https://ecos.bok.or.kr
2024-10-29,원/유로,1499.76,https://ecos.bok.or.kr
2024-10-30,원/유로,1496.58,https://ecos.bok.or.kr
2024-10-31,원/유로,1502.19,https://ecos.bok.or.kr
2024-11-01,원/유로,1501.44,https://ecos.bok.or.kr
2024-11-04,원/유로,1498.95,https://ecos.bok.or.kr
2024-11-05,원/유로,1491.77,https://ecos.bok.or.kr
2024-11-06,원/유로,1505.11,https://ecos.bok.or.kr
2024-11-07,원/유로,1493.43,https://ecos.bok.or.kr
2024-11-08,원/유로,1510.89,https://ecos.bok.or.kr
2024-11-11,원/유로,1483.97,https://ecos.bok.or.kr
2024-11-12,원/유로,1486.9,https://ecos.bok.or.kr
2024-11-13,원/유로,1487.9,https://ecos.bok.or.kr
2024-11-14,원/유로,1486.53,https://ecos.bok.or.kr
2024-11-15,원/유로,1481.08,https://ecos.bok.or.kr
2024-11-18,원/유로,1477.99,https://ecos.bok.or.kr
2024-11-19,원/유로,1475.39,https://ecos.bok.or.kr
2024-11-20,원/유로,1475.1,https://ecos.bok.or.kr
2024-11-21,원/유로,1467.37,https://ecos.bok.or.kr
2024-11-22,원/유로,1464.51,https://ecos.bok.or.kr
2024-11-25,원/유로,1467.23,https://ecos.bok.or.kr
2024-11-26,원/유로,1467.83,https://ecos.bok.or.kr
2024-11-27,원/유로,1469.93,https://ecos.bok.or.kr
2024-11-28,원/유로,1476.21,https://ecos.bok.or.kr
2024-11-29,원/유로,1472.04,https://ecos.bok.or.kr
2024-12-02,원/유로,1471.9,https://ecos.bok.or.kr
2024-12-03,원/유로,1471.96,https://ecos.bok.or.kr
2024-12-04,원/유로,1474.48,https://ecos.bok.or.kr
2024-12-05,원/유로,1485.13,https://ecos.bok.or.kr
2024-12-06,원/유로,1497.6,https://ecos.bok.or.kr
2024-12-09,원/유로,1499.95,https://ecos.bok.or.kr
2024-12-10,원/유로,1512.67,https://ecos.bok.or.kr
2024-12-11,원/유로,1503.79,https://ecos.bok.or.kr
2024-12-12,원/유로,1502.68,https://ecos.bok.or.kr
2024-12-13,원/유로,1498.71,https://ecos.bok.or.kr
2024-12-16,원/유로,1505.12,https://ecos.bok.or.kr
2024-12-17,원/유로,1508.15,https://ecos.bok.or.kr
2024-12-18,원/유로,1507.35,https://ecos.bok.or.kr
2024-12-19,원/유로,1488.31,https://ecos.bok.or.kr
2024-12-20,원/유로,1502.25,https://ecos.bok.or.kr
2024-12-23,원/유로,1514.19,https://ecos.bok.or.kr
2024-12-24,원/유로,1508.07,https://ecos.bok.or.kr
2024-12-26,원/유로,1511.53,https://ecos.bok.or.kr
2024-12-27,원/유로,1524.85,https://ecos.bok.or.kr
2024-12-30,원/유로,1537.85,https://ecos.bok.or.kr
2024-12-31,원/유로,1528.73,https://ecos.bok.or.kr
2025-01-02,원/유로,1521.96,https://ecos.bok.or.kr
2025-01-03,원/유로,1507.43,https://ecos.bok.or.kr
2025-01-06,원/유로,1511.39,https://ecos.bok.or.kr
2025-01-07,원/유로,1527.79,https://ecos.bok.or.kr
2025-01-08,원/유로,1505.1,https://ecos.bok.or.kr
2025-01-09,원/유로,1499.41,https://ecos.bok.or.kr
2025-01-10,원/유로,1502.02,https://ecos.bok.or.kr
2025-01-13,원/유로,1495.83,https://ecos.bok.or.kr
2025-01-14,원/유로,1508.89,https://ecos.bok.or.kr
2025-01-15,원/유로,1508.08,https://ecos.bok.or.kr
2025-01-16,원/유로,1502.84,https://ecos.bok.or.kr
2025-01-17,원/유로,1498.7,https://ecos.bok.or.kr
2025-01-20,원/유로,1495.62,https://ecos.bok.or.kr
2025-01-21,원/유로,1514.46,https://ecos.bok.or.kr
2025-01-22,원/유로,1496.21,https://ecos.bok.or.kr
2025-01-23,원/유로,1492.75,https://ecos.bok.or.kr
2025-01-24,원/유로,1496.74,https://ecos.bok.or.kr
2025-01-31,원/유로,1488.84,https://ecos.bok.or.kr
2025-02-03,원/유로,1491.5,https://ecos.bok.or.kr
2025-02-04,원/유로,1520.25,https://ecos.bok.or.kr
2025-02-05,원/유로,1515.8,https://ecos.bok.or.kr
2025-02-06,원/유로,1508.0,https://ecos.bok.or.kr
2025-02-07,원/유로,1502.81,https://ecos.bok.or.kr
2025-02-10,원/유로,1491.55,https://ecos.bok.or.kr
2025-02-11,원/유로,1497.73,https://ecos.bok.or.kr
2025-02-12,원/유로,1506.26,https://ecos.bok.or.kr
2025-02-13,원/유로,1508.74,https://ecos.bok.or.kr
2025-02-14,원/유로,1517.8,https://ecos.bok.or.kr
2025-02-17,원/유로,1514.02,https://ecos.bok.or.kr
2025-02-18,원/유로,1510.63,https://ecos.bok.or.kr
2025-02-19,원/유로,1508.3,https://ecos.bok.or.kr
2025-02-20,원/유로,1501.61,https://ecos.bok.or.kr
2025-02-21,원/유로,1511.95,https://ecos.bok.or.kr
2025-02-24,원/유로,1502.79,https://ecos.bok.or.kr
2025-02-25,원/유로,1495.51,https://ecos.bok.or.kr
2025-02-26,원/유로,1504.74,https://ecos.bok.or.kr
2025-02-27,원/유로,1501.74,https://ecos.bok.or.kr
2025-02-28,원/유로,1496.97,https://ecos.bok.or.kr
2025-03-04,원/유로,1529.37,https://ecos.bok.or.kr
2025-03-05,원/유로,1552.14,https://ecos.bok.or.kr
2025-03-06,원/유로,1571.24,https://ecos.bok.or.kr
2025-03-07,원/유로,1555.92,https://ecos.bok.or.kr
2025-03-10,원/유로,1569.52,https://ecos.bok.or.kr
2025-03-11,원/유로,1573.57,https://ecos.bok.or.kr
2025-03-12,원/유로,1591.44,https://ecos.bok.or.kr
2025-03-13,원/유로,1581.01,https://ecos.bok.or.kr
2025-03-14,원/유로,1575.6,https://ecos.bok.or.kr
2025-03-17,원/유로,1583.26,https://ecos.bok.or.kr
2025-03-18,원/유로,1581.14,https://ecos.bok.or.kr
2025-03-19,원/유로,1583.42,https://ecos.bok.or.kr
2025-03-20,원/유로,1584.1,https://ecos.bok.or.kr
2025-03-21,원/유로,1584.33,https://ecos.bok.or.kr
2025-03-24,원/유로,1587.33,https://ecos.bok.or.kr
2025-03-25,원/유로,1584.62,https://ecos.bok.or.kr
2025-03-26,원/유로,1585.33,https://ecos.bok.or.kr
2025-03-27,원/유로,1573.15,https://ecos.bok.or.kr
2025-03-28,원/유로,1583.78,https://ecos.bok.or.kr
2025-03-31,원/유로,1587.85,https://ecos.bok.or.kr
2025-04-01,원/유로,1590.9,https://ecos.bok.or.kr
2025-04-02,원/유로,1589.14,https://ecos.bok.or.kr
2025-04-03,원/유로,1592.05,https://ecos.bok.or.kr
2025-04-04,원/유로,1620.89,https://ecos.bok.or.kr
2025-04-07,원/유로,1582.15,https://ecos.bok.or.kr
2025-04-08,원/유로,1600.1,https://ecos.bok.or.kr
2025-04-09,원/유로,1613.1,https://ecos.bok.or.kr
2025-04-10,원/유로,1624.22,https://ecos.bok.or.kr
2025-04-11,원/유로,1635.56,https://ecos.bok.or.kr
2025-04-14,원/유로,1644.41,https://ecos.bok.or.kr
2025-04-15,원/유로,1619.31,https://ecos.bok.or.kr
2025-04-16,원/유로,1606.48,https://ecos.bok.or.kr
2025-04-17,원/유로,1626.88,https://ecos.bok.or.kr
2025-04-18,원/유로,1614.78,https://ecos.bok.or.kr
2025-04-21,원/유로,1626.12,https://ecos.bok.or.kr
2025-04-22,원/유로,1634.43,https://ecos.bok.or.kr
2025-04-23,원/유로,1615.15,https://ecos.bok.or.kr
2025-04-24,원/유로,1616.98,https://ecos.bok.or.kr
2025-04-25,원/유로,1628.28,https://ecos.bok.or.kr
2025-04-28,원/유로,1628.41,https://ecos.bok.or.kr
2025-04-29,원/유로,1642.1,https://ecos.bok.or.kr
2025-04-30,원/유로,1638.24,https://ecos.bok.or.kr
2025-05-02,원/유로,1611.54,https://ecos.bok.or.kr
2025-05-07,원/유로,1617.27,https://ecos.bok.or.kr
2025-05-08,원/유로,1575.82,https://ecos.bok.or.kr
2025-05-09,원/유로,1567.22,https://ecos.bok.or.kr
2025-05-12,원/유로,1578.35,https://ecos.bok.or.kr
2025-05-13,원/유로,1553.25,https://ecos.bok.or.kr
2025-05-14,원/유로,1581.72,https://ecos.bok.or.kr
2025-05-15,원/유로,1583.64,https://ecos.bok.or.kr
2025-05-16,원/유로,1566.43,https://ecos.bok.or.kr
2025-05-19,원/유로,1560.36,https://ecos.bok.or.kr
2025-05-20,원/유로,1570.51,https://ecos.bok.or.kr
2025-05-21,원/유로,1571.2,https://ecos.bok.or.kr
2025-05-22,원/유로,1569.85,https://ecos.bok.or.kr
2025-05-23,원/유로,1555.94,https://ecos.bok.or.kr
2025-05-26,원/유로,1566.36,https://ecos.bok.or.kr
2025-05-27,원/유로,1554.74,https://ecos.bok.or.kr
2025-05-28,원/유로,1551.04,https://ecos.bok.or.kr
2025-05-29,원/유로,1551.17,https://ecos.bok.or.kr
2025-05-30,원/유로,1571.14,https://ecos.bok.or.kr
2025-06-02,원/유로,1562.73,https://ecos.bok.or.kr
2025-06-04,원/유로,1566.29,https://ecos.bok.or.kr
2025-06-05,원/유로,1569.09,https://ecos.bok.or.kr
2025-06-09,원/유로,1550.21,https://ecos.bok.or.kr
2025-06-10,원/유로,1552.07,https://ecos.bok.or.kr
2025-06-11,원/유로,1554.64,https://ecos.bok.or.kr
2025-06-12,원/유로,1575.08,https://ecos.bok.or.kr
2025-06-13,원/유로,1579.81,https://ecos.bok.or.kr
2025-06-16,원/유로,1576.81,https://ecos.bok.or.kr
2025-06-17,원/유로,1576.25,https://ecos.bok.or.kr
2025-06-18,원/유로,1563.03,https://ecos.bok.or.kr
2025-06-19,원/유로,1576.3,https://ecos.bok.or.kr
2025-06-20,원/유로,1586.75,https://ecos.bok.or.kr
2025-06-23,원/유로,1573.17,https://ecos.bok.or.kr
2025-06-24,원/유로,1602.66,https://ecos.bok.or.kr
2025-06-25,원/유로,1584.77,https://ecos.bok.or.kr
2025-06-26,원/유로,1588.17,https://ecos.bok.or.kr
2025-06-27,원/유로,1587.1,https://ecos.bok.or.kr
2025-06-30,원/유로,1591.8,https://ecos.bok.or.kr
2025-07-01,원/유로,1595.42,https://ecos.bok.or.kr
2025-07-02,원/유로,1596.34,https://ecos.bok.or.kr
2025-07-03,원/유로,1604.02,https://ecos.bok.or.kr
2025-07-04,원/유로,1597.06,https://ecos.bok.or.kr
2025-07-07,원/유로,1607.1,https://ecos.bok.or.kr
2025-07-08,원/유로,1603.91,https://ecos.bok.or.kr
2025-07-09,원/유로,1604.19,https://ecos.bok.or.kr
2025-07-10,원/유로,1610.64,https://ecos.bok.or.kr
2025-07-11,원/유로,1607.1,https://ecos.bok.or.kr
2025-07-14,원/유로,1604.07,https://ecos.bok.or.kr
2025-07-15,원/유로,1608.02,https://ecos.bok.or.kr
2025-07-16,원/유로,1604.49,https://ecos.bok.or.kr
2025-07-17,원/유로,1614.17,https://ecos.bok.or.kr
2025-07-18,원/유로,1615.76,https://ecos.bok.or.kr
2025-07-21,원/유로,1618.29,https://ecos.bok.or.kr
2025-07-22,원/유로,1626.82,https://ecos.bok.or.kr
2025-07-23,원/유로,1628.63,https://ecos.bok.or.kr
2025-07-24,원/유로,1623.89,https://ecos.bok.or.kr
2025-07-25,원/유로,1608.91,https://ecos.bok.or.kr
2025-07-28,원/유로,1617.69,https://ecos.bok.or.kr
2025-07-29,원/유로,1599.58,https://ecos.bok.or.kr
2025-07-30,원/유로,1607.07,https://ecos.bok.or.kr
2025-07-31,원/유로,1579.62,https://ecos.bok.or.kr
2025-08-01,원/유로,1588.18,https://ecos.bok.or.kr
2025-08-04,원/유로,1620.6,https://ecos.bok.or.kr
2025-08-05,원/유로,1604.13,https://ecos.bok.or.kr
2025-08-06,원/유로,1605.31,https://ecos.bok.or.kr
2025-08-07,원/유로,1620.43,https://ecos.bok.or.kr
2025-08-08,원/유로,1615.71,https://ecos.bok.or.kr
2025-08-11,원/유로,1614.2,https://ecos.bok.or.kr
2025-08-12,원/유로,1612.44,https://ecos.bok.or.kr
2025-08-13,원/유로,1623.41,https://ecos.bok.or.kr
2025-08-14,원/유로,1620.29,https://ecos.bok.or.kr
2025-08-18,원/유로,1618.56,https://ecos.bok.or.kr
2025-08-19,원/유로,1616.16,https://ecos.bok.or.kr
2025-08-20,원/유로,1618.1,https://ecos.bok.or.kr
2025-08-21,원/유로,1628.16,https://ecos.bok.or.kr
2025-08-22,원/유로,1623.4,https://ecos.bok.or.kr
2025-08-25,원/유로,1634.6,https://ecos.bok.or.kr
2025-08-26,원/유로,1610.67,https://ecos.bok.or.kr
2025-08-27,원/유로,1619.57,https://ecos.bok.or.kr
2025-08-28,원/유로,1625.08,https://ecos.bok.or.kr
2025-08-29,원/유로,1621.61,https://ecos.bok.or.kr
2025-09-01,원/유로,1621.87,https://ecos.bok.or.kr
2025-09-02,원/유로,1630.78,https://ecos.bok.or.kr
2025-09-03,원/유로,1619.76,https://ecos.bok.or.kr
2025-09-04,원/유로,1625.17,https://ecos.bok.or.kr
2025-09-05,원/유로,1622.43,https://ecos.bok.or.kr
2025-09-08,원/유로,1629.45,https://ecos.bok.or.kr
2025-09-09,원/유로,1635.74,https://ecos.bok.or.kr
2025-09-10,원/유로,1623.85,https://ecos.bok.or.kr
2025-09-11,원/유로,1624.05,https://ecos.bok.or.kr
2025-09-12,원/유로,1630.88,https://ecos.bok.or.kr
2025-09-15,원/유로,1628.67,https://ecos.bok.or.kr
2025-09-16,원/유로,1634.54,https://ecos.bok.or.kr
2025-09-17,원/유로,1640.58,https://ecos.bok.or.kr
2025-09-18,원/유로,1631.44,https://ecos.bok.or.kr
2025-09-19,원/유로,1632.1,https://ecos.bok.or.kr
2025-09-22,원/유로,1635.95,https://ecos.bok.or.kr
2025-09-23,원/유로,1645.13,https://ecos.bok.or.kr
2025-09-24,원/유로,1646.57,https://ecos.bok.or.kr
2025-09-25,원/유로,1638.17,https://ecos.bok.or.kr
2025-09-26,원/유로,1633.99,https://ecos.bok.or.kr
2025-09-29,원/유로,1652.35,https://ecos.bok.or.kr
2025-09-30,원/유로,1644.5,https://ecos.bok.or.kr
2025-10-01,원/유로,1647.71,https://ecos.bok.or.kr
2025-10-02,원/유로,1650.08,https://ecos.bok.or.kr
2025-10-10,원/유로,1620.6,https://ecos.bok.or.kr
2025-10-13,원/유로,1649.2,https://ecos.bok.or.kr
2025-10-14,원/유로,1651.14,https://ecos.bok.or.kr
2025-10-15,원/유로,1657.52,https://ecos.bok.or.kr
2025-10-16,원/유로,1658.93,https://ecos.bok.or.kr
2025-10-17,원/유로,1659.92,https://ecos.bok.or.kr
2025-10-20,원/유로,1654.57,https://ecos.bok.or.kr
2025-10-21,원/유로,1653.61,https://ecos.bok.or.kr
2025-10-22,원/유로,1651.56,https://ecos.bok.or.kr
2025-10-23,원/유로,1660.49,https://ecos.bok.or.kr
2025-10-24,원/유로,1668.83,https://ecos.bok.or.kr
2025-10-27,원/유로,1669.83,https://ecos.bok.or.kr
2025-10-28,원/유로,1668.93,https://ecos.bok.or.kr
2025-10-29,원/유로,1671.03,https://ecos.bok.or.kr
2025-10-30,원/유로,1662.71,https://ecos.bok.or.kr
2025-10-31,원/유로,1646.5,https://ecos.bok.or.kr
2025-11-03,원/유로,1646.72,https://ecos.bok.or.kr
2025-11-04,원/유로,1646.14,https://ecos.bok.or.kr
2025-11-05,원/유로,1650.91,https://ecos.bok.or.kr
2025-11-06,원/유로,1663.25,https://ecos.bok.or.kr
2025-11-07,원/유로,1669.45,https://ecos.bok.or.kr
2025-11-10,원/유로,1679.15,https://ecos.bok.or.kr
2025-11-11,원/유로,1680.4,https://ecos.bok.or.kr
2025-11-12,원/유로,1694.75,https://ecos.bok.or.kr
2025-11-13,원/유로,1700.0,https://ecos.bok.or.kr
2025-11-14,원/유로,1708.96,https://ecos.bok.or.kr
2025-11-17,원/유로,1695.29,https://ecos.bok.or.kr
2025-11-18,원/유로,1690.46,https://ecos.bok.or.kr
2025-11-19,원/유로,1696.77,https://ecos.bok.or.kr
2025-11-20,원/유로,1690.54,https://ecos.bok.or.kr
2025-11-21,원/유로,1692.4,https://ecos.bok.or.kr
2025-11-24,원/유로,1694.42,https://ecos.bok.or.kr
2025-11-25,원/유로,1697.84,https://ecos.bok.or.kr
2025-11-26,원/유로,1704.99,https://ecos.bok.or.kr
2025-11-27,원/유로,1696.37,https://ecos.bok.or.kr
2025-11-28,원/유로,1699.17,https://ecos.bok.or.kr
2025-12-01,원/유로,1701.18,https://ecos.bok.or.kr
2025-12-02,원/유로,1705.55,https://ecos.bok.or.kr
2025-12-03,원/유로,1708.56,https://ecos.bok.or.kr
2025-12-04,원/유로,1713.97,https://ecos.bok.or.kr
2025-12-05,원/유로,1713.19,https://ecos.bok.or.kr
2025-12-08,원/유로,1713.82,https://ecos.bok.or.kr
2025-12-09,원/유로,1709.62,https://ecos.bok.or.kr
2025-12-10,원/유로,1709.78,https://ecos.bok.or.kr
2025-12-11,원/유로,1720.07,https://ecos.bok.or.kr
2025-12-12,원/유로,1725.41,https://ecos.bok.or.kr
2025-12-15,원/유로,1728.72,https://ecos.bok.or.kr
2025-12-16,원/유로,1732.73,https://ecos.bok.or.kr
2025-12-17,원/유로,1730.0,https://ecos.bok.or.kr
2025-12-18,원/유로,1736.17,https://ecos.bok.or.kr
2025-12-19,원/유로,1732.16,https://ecos.bok.or.kr
2025-12-22,원/유로,1731.02,https://ecos.bok.or.kr
2025-12-23,원/유로,1739.78,https://ecos.bok.or.kr
2025-12-24,원/유로,1749.74,https://ecos.bok.or.kr
2025-12-26,원/유로,1721.1,https://ecos.bok.or.kr
2025-12-29,원/유로,1698.45,https://ecos.bok.or.kr
2025-12-30,원/유로,1688.35,https://ecos.bok.or.kr
2025-12-31,원/유로,1685.72,https://ecos.bok.or.kr
2026-01-02,원/유로,1685.72,https://ecos.bok.or.kr
2026-01-05,원/유로,1688.99,https://ecos.bok.or.kr
2026-01-06,원/유로,1695.5,https://ecos.bok.or.kr
2026-01-07,원/유로,1689.95,https://ecos.bok.or.kr
2026-01-08,원/유로,1691.18,https://ecos.bok.or.kr
2026-01-09,원/유로,1690.0,https://ecos.bok.or.kr
2026-01-12,원/유로,1693.42,https://ecos.bok.or.kr
2026-01-13,원/유로,1708.09,https://ecos.bok.or.kr
2026-01-14,원/유로,1715.0,https://ecos.bok.or.kr
2026-01-15,원/유로,1720.62,https://ecos.bok.or.kr
2026-01-16,원/유로,1706.1,https://ecos.bok.or.kr
2026-01-19,원/유로,1709.55,https://ecos.bok.or.kr
2026-01-20,원/유로,1715.79,https://ecos.bok.or.kr
2026-01-21,원/유로,1731.71,https://ecos.bok.or.kr
2026-01-22,원/유로,1720.89,https://ecos.bok.or.kr
2026-01-23,원/유로,1726.62,https://ecos.bok.or.kr
2026-01-26,원/유로,1744.06,https://ecos.bok.or.kr
2026-01-27,원/유로,1713.9,https://ecos.bok.or.kr
2026-01-28,원/유로,1743.05,https://ecos.bok.or.kr
2026-01-29,원/유로,1707.75,https://ecos.bok.or.kr
2026-01-30,원/유로,1708.33,https://ecos.bok.or.kr
2026-02-02,원/유로,1701.2,https://ecos.bok.or.kr
2026-02-03,원/유로,1718.59,https://ecos.bok.or.kr
2026-02-04,원/유로,1712.5,https://ecos.bok.or.kr
2026-02-05,원/유로,1713.43,https://ecos.bok.or.kr
2026-02-06,원/유로,1724.49,https://ecos.bok.or.kr
2026-02-09,원/유로,1736.72,https://ecos.bok.or.kr
2026-02-10,원/유로,1743.98,https://ecos.bok.or.kr
2026-02-11,원/유로,1733.28,https://ecos.bok.or.kr
2026-02-12,원/유로,1726.59,https://ecos.bok.or.kr
2026-02-13,원/유로,1713.39,https://ecos.bok.or.kr
2026-02-19,원/유로,1701.27,https://ecos.bok.or.kr
2026-02-20,원/유로,1708.13,https://ecos.bok.or.kr
2026-02-23,원/유로,1709.47,https://ecos.bok.or.kr
2026-02-24,원/유로,1700.26,https://ecos.bok.or.kr
2026-02-25,원/유로,1702.28,https://ecos.bok.or.kr
2026-02-26,원/유로,1695.59,https://ecos.bok.or.kr
2026-02-27,원/유로,1680.7,https://ecos.bok.or.kr
2026-03-03,원/유로,1678.48,https://ecos.bok.or.kr
2026-03-04,원/유로,1701.09,https://ecos.bok.or.kr
2026-03-05,원/유로,1720.58,https://ecos.bok.or.kr
2026-03-06,원/유로,1699.54,https://ecos.bok.or.kr
2026-03-09,원/유로,1700.84,https://ecos.bok.or.kr
2026-03-10,원/유로,1736.48,https://ecos.bok.or.kr
2026-03-11,원/유로,1709.48,https://ecos.bok.or.kr
2026-03-12,원/유로,1694.51,https://ecos.bok.or.kr
2026-03-13,원/유로,1704.73,https://ecos.bok.or.kr
2026-03-16,원/유로,1702.72,https://ecos.bok.or.kr
2026-03-17,원/유로,1720.03,https://ecos.bok.or.kr
2026-03-18,원/유로,1721.23,https://ecos.bok.or.kr
2026-03-19,원/유로,1702.66,https://ecos.bok.or.kr
2026-03-20,원/유로,1736.58,https://ecos.bok.or.kr
2026-03-23,원/유로,1728.48,https://ecos.bok.or.kr
2026-03-24,원/유로,1753.1,https://ecos.bok.or.kr
2026-03-25,원/유로,1739.75,https://ecos.bok.or.kr
2026-03-26,원/유로,1728.99,https://ecos.bok.or.kr
2026-03-27,원/유로,1737.93,https://ecos.bok.or.kr
2026-03-30,원/유로,1732.81,https://ecos.bok.or.kr
2026-03-31,원/유로,1733.37,https://ecos.bok.or.kr
2026-04-01,원/유로,1769.33,https://ecos.bok.or.kr
2026-04-02,원/유로,1748.14,https://ecos.bok.or.kr
2026-04-03,원/유로,1752.85,https://ecos.bok.or.kr
2026-04-06,원/유로,1735.7,https://ecos.bok.or.kr
2026-04-07,원/유로,1739.84,https://ecos.bok.or.kr
2026-04-08,원/유로,1757.68,https://ecos.bok.or.kr
2026-04-09,원/유로,1721.58,https://ecos.bok.or.kr
2026-04-10,원/유로,1732.22,https://ecos.bok.or.kr
2026-04-13,원/유로,1727.0,https://ecos.bok.or.kr
2026-04-14,원/유로,1752.68,https://ecos.bok.or.kr
2026-04-15,원/유로,1747.46,https://ecos.bok.or.kr
2026-04-16,원/유로,1738.92,https://ecos.bok.or.kr
2026-04-17,원/유로,1735.31,https://ecos.bok.or.kr
2026-04-20,원/유로,1737.89,https://ecos.bok.or.kr
2026-04-21,원/유로,1739.44,https://ecos.bok.or.kr
2026-04-22,원/유로,1726.5,https://ecos.bok.or.kr
2026-04-23,원/유로,1729.6,https://ecos.bok.or.kr
2026-04-24,원/유로,1729.86,https://ecos.bok.or.kr
2026-04-27,원/유로,1736.4,https://ecos.bok.or.kr
2026-04-28,원/유로,1726.84,https://ecos.bok.or.kr
2026-04-29,원/유로,1726.19,https://ecos.bok.or.kr
2026-04-30,원/유로,1723.57,https://ecos.bok.or.kr
2026-05-04,원/유로,1741.97,https://ecos.bok.or.kr
2026-05-06,원/유로,1722.54,https://ecos.bok.or.kr
2026-05-07,원/유로,1712.03,https://ecos.bok.or.kr
2026-05-08,원/유로,1701.14,https://ecos.bok.or.kr
2026-05-11,원/유로,1724.75,https://ecos.bok.or.kr
2026-05-12,원/유로,1735.86,https://ecos.bok.or.kr
2026-05-13,원/유로,1742.49,https://ecos.bok.or.kr
2026-05-14,원/유로,1751.81,https://ecos.bok.or.kr
2026-05-15,원/유로,1740.18,https://ecos.bok.or.kr
2026-05-18,원/유로,1742.92,https://ecos.bok.or.kr
2026-05-19,원/유로,1752.59,https://ecos.bok.or.kr
2026-05-20,원/유로,1745.76,https://ecos.bok.or.kr
2026-05-21,원/유로,1755.18,https://ecos.bok.or.kr
2026-05-22,원/유로,1746.69,https://ecos.bok.or.kr
2026-05-26,원/유로,1761.86,https://ecos.bok.or.kr
2026-05-27,원/유로,1754.22,https://ecos.bok.or.kr
2026-05-28,원/유로,1745.91,https://ecos.bok.or.kr
2026-05-29,원/유로,1754.48,https://ecos.bok.or.kr
2026-06-01,원/유로,1752.05,https://ecos.bok.or.kr
2026-06-02,원/유로,1758.47,https://ecos.bok.or.kr
2026-06-04,원/유로,1758.7,https://ecos.bok.or.kr
2026-06-05,원/유로,1775.09,https://ecos.bok.or.kr
2026-06-08,원/유로,1777.38,https://ecos.bok.or.kr
2026-06-09,원/유로,1783.73,https://ecos.bok.or.kr
2026-06-10,원/유로,1752.01,https://ecos.bok.or.kr
2026-06-11,원/유로,1754.87,https://ecos.bok.or.kr
2026-06-12,원/유로,1768.57,https://ecos.bok.or.kr
2026-06-15,원/유로,1764.73,https://ecos.bok.or.kr
2026-06-16,원/유로,1750.24,https://ecos.bok.or.kr
2026-06-17,원/유로,1757.7,https://ecos.bok.or.kr
2026-06-18,원/유로,1740.63,https://ecos.bok.or.kr
2026-06-19,원/유로,1746.04,https://ecos.bok.or.kr
2026-06-22,원/유로,1760.03,https://ecos.bok.or.kr
2026-06-23,원/유로,1754.92,https://ecos.bok.or.kr
2026-06-24,원/유로,1749.64,https://ecos.bok.or.kr
2026-06-25,원/유로,1746.66,https://ecos.bok.or.kr
2026-06-26,원/유로,1756.47,https://ecos.bok.or.kr
2026-06-29,원/유로,1758.38,https://ecos.bok.or.kr
2026-06-30,원/유로,1761.09,https://ecos.bok.or.kr
2026-07-01,원/유로,1768.2,https://ecos.bok.or.kr
2026-07-02,원/유로,1768.75,https://ecos.bok.or.kr
2026-07-03,원/유로,1776.1,https://ecos.bok.or.kr
2026-07-06,원/유로,1760.49,https://ecos.bok.or.kr
2026-07-07,원/유로,1753.3,https://ecos.bok.or.kr
2026-07-08,원/유로,1741.24,https://ecos.bok.or.kr
2026-07-09,원/유로,1724.0,https://ecos.bok.or.kr
2026-07-10,원/유로,1719.9,https://ecos.bok.or.kr
2026-07-13,원/유로,1717.34,https://ecos.bok.or.kr
2026-07-14,원/유로,1712.88,https://ecos.bok.or.kr
2026-07-15,원/유로,1704.39,https://ecos.bok.or.kr
2026-07-16,원/유로,1707.36,https://ecos.bok.or.kr
2026-07-20,원/유로,1695.96,https://ecos.bok.or.kr
2026-07-21,원/유로,1691.41,https://ecos.bok.or.kr
2026-07-22,원/유로,1682.11,https://ecos.bok.or.kr
2026-07-23,원/유로,1689.48,https://ecos.bok.or.kr
2026-07-24,원/유로,1672.03,https://ecos.bok.or.kr
2026-07-27,원/유로,1670.12,https://ecos.bok.or.kr
2026-07-28,원/유로,1666.16,https://ecos.bok.or.kr
2026-07-29,원/유로,1668.98,https://ecos.bok.or.kr
2026-07-30,원/유로,1663.7,https://ecos.bok.or.kr
2026-07-31,원/유로,1661.16,https://ecos.bok.or.kr
2026-08-03,원/유로,1655.09,https://ecos.bok.or.kr
2026-08-04,원/유로,1645.67,https://ecos.bok.or.kr
2026-08-05,원/유로,1647.07,https://ecos.bok.or.kr
2026-08-06,원/유로,1646.36,https://ecos.bok.or.kr
2026-08-07,원/유로,1634.81,https://ecos.bok.or.kr
2026-08-10,원/유로,1641.28,https://ecos.bok.or.kr
2026-08-11,원/유로,1633.68,https://ecos.bok.or.kr
2026-08-12,원/유로,1633.41,https://ecos.bok.or.kr
2026-08-13,원/유로,1631.07,https://ecos.bok.or.kr
2026-08-14,원/유로,1631.87,https://ecos.bok.or.kr
2026-08-18,원/유로,1638.87,https://ecos.bok.or.kr
2026-08-19,원/유로,1633.59,https://ecos.bok.or.kr
2026-08-20,원/유로,1637.49,https://ecos.bok.or.kr
2026-08-21,원/유로,1627.72,https://ecos.bok.or.kr
2026-08-24,원/유로,1615.49,https://ecos.bok.or.kr
2026-08-25,원/유로,1610.54,https://ecos.bok.or.kr
2026-08-26,원/유로,1614.91,https://ecos.bok.or.kr
2026-08-27,원/유로,1613.68,https://ecos.bok.or.kr
2026-08-28,원/유로,1608.53,https://ecos.bok.or.kr
2026-08-31,원/유로,1594.47,https://ecos.bok.or.kr
2026-09-01,원/유로,1595.23,https://ecos.bok.or.kr
2026-09-02,원/유로,1588.52,https://ecos.bok.or.kr
2026-09-03,원/유로,1586.59,https://ecos.bok.or.kr
2026-09-04,원/유로,1580.35,https://ecos.bok.or.kr
2026-09-07,원/유로,1573.93,https://ecos.bok.or.kr
2026-09-08,원/유로,1561.04,https://ecos.bok.or.kr
2026-09-09,원/유로,1559.23,https://ecos.bok.or.kr
2026-09-10,원/유로,1556.98,https://ecos.bok.or.kr
2026-09-11,원/유로,1553.52,https://ecos.bok.or.kr
2026-09-14,원/유로,1560.81,https://ecos.bok.or.kr
2026-09-15,원/유로,1554.09,https://ecos.bok.or.kr
2026-09-16,원/유로,1561.44,https://ecos.bok.or.kr
2026-09-17,원/유로,1569.17,https://ecos.bok.or.kr
