날짜,변수명,값,출처
2021-09-01,VIX,16.11,https://fred.stlouisfed.org/series/VIXCLS
2021-09-02,VIX,16.41,https://fred.stlouisfed.org/series/VIXCLS
2021-09-03,VIX,16.41,https://fred.stlouisfed.org/series/VIXCLS
2021-09-07,VIX,18.14,https://fred.stlouisfed.org/series/VIXCLS
2021-09-08,VIX,17.96,https://fred.stlouisfed.org/series/VIXCLS
2021-09-09,VIX,18.8,https://fred.stlouisfed.org/series/VIXCLS
2021-09-10,VIX,20.95,https://fred.stlouisfed.org/series/VIXCLS
2021-09-13,VIX,19.37,https://fred.stlouisfed.org/series/VIXCLS
2021-09-14,VIX,19.46,https://fred.stlouisfed.org/series/VIXCLS
2021-09-15,VIX,18.18,https://fred.stlouisfed.org/series/VIXCLS
2021-09-16,VIX,18.69,https://fred.stlouisfed.org/series/VIXCLS
2021-09-17,VIX,20.81,https://fred.stlouisfed.org/series/VIXCLS
2021-09-20,VIX,25.71,https://fred.stlouisfed.org/series/VIXCLS
2021-09-21,VIX,24.36,https://fred.stlouisfed.org/series/VIXCLS
2021-09-22,VIX,20.87,https://fred.stlouisfed.org/series/VIXCLS
2021-09-23,VIX,18.63,https://fred.stlouisfed.org/series/VIXCLS
2021-09-24,VIX,17.75,https://fred.stlouisfed.org/series/VIXCLS
2021-09-27,VIX,18.76,https://fred.stlouisfed.org/series/VIXCLS
2021-09-28,VIX,23.25,https://fred.stlouisfed.org/series/VIXCLS
2021-09-29,VIX,22.56,https://fred.stlouisfed.org/series/VIXCLS
2021-09-30,VIX,23.14,https://fred.stlouisfed.org/series/VIXCLS
2021-10-01,VIX,21.15,https://fred.stlouisfed.org/series/VIXCLS
2021-10-04,VIX,22.96,https://fred.stlouisfed.org/series/VIXCLS
2021-10-05,VIX,21.3,https://fred.stlouisfed.org/series/VIXCLS
2021-10-06,VIX,21.0,https://fred.stlouisfed.org/series/VIXCLS
2021-10-07,VIX,19.54,https://fred.stlouisfed.org/series/VIXCLS
2021-10-08,VIX,18.77,https://fred.stlouisfed.org/series/VIXCLS
2021-10-11,VIX,20.0,https://fred.stlouisfed.org/series/VIXCLS
2021-10-12,VIX,19.85,https://fred.stlouisfed.org/series/VIXCLS
2021-10-13,VIX,18.64,https://fred.stlouisfed.org/series/VIXCLS
2021-10-14,VIX,16.86,https://fred.stlouisfed.org/series/VIXCLS
2021-10-15,VIX,16.3,https://fred.stlouisfed.org/series/VIXCLS
2021-10-18,VIX,16.31,https://fred.stlouisfed.org/series/VIXCLS
2021-10-19,VIX,15.7,https://fred.stlouisfed.org/series/VIXCLS
2021-10-20,VIX,15.49,https://fred.stlouisfed.org/series/VIXCLS
2021-10-21,VIX,15.01,https://fred.stlouisfed.org/series/VIXCLS
2021-10-22,VIX,15.43,https://fred.stlouisfed.org/series/VIXCLS
2021-10-25,VIX,15.24,https://fred.stlouisfed.org/series/VIXCLS
2021-10-26,VIX,15.98,https://fred.stlouisfed.org/series/VIXCLS
2021-10-27,VIX,16.98,https://fred.stlouisfed.org/series/VIXCLS
2021-10-28,VIX,16.53,https://fred.stlouisfed.org/series/VIXCLS
2021-10-29,VIX,16.26,https://fred.stlouisfed.org/series/VIXCLS
2021-11-01,VIX,16.41,https://fred.stlouisfed.org/series/VIXCLS
2021-11-02,VIX,16.03,https://fred.stlouisfed.org/series/VIXCLS
2021-11-03,VIX,15.1,https://fred.stlouisfed.org/series/VIXCLS
2021-11-04,VIX,15.44,https://fred.stlouisfed.org/series/VIXCLS
2021-11-05,VIX,16.48,https://fred.stlouisfed.org/series/VIXCLS
2021-11-08,VIX,17.22,https://fred.stlouisfed.org/series/VIXCLS
2021-11-09,VIX,17.78,https://fred.stlouisfed.org/series/VIXCLS
2021-11-10,VIX,18.73,https://fred.stlouisfed.org/series/VIXCLS
2021-11-11,VIX,17.66,https://fred.stlouisfed.org/series/VIXCLS
2021-11-12,VIX,16.29,https://fred.stlouisfed.org/series/VIXCLS
2021-11-15,VIX,16.49,https://fred.stlouisfed.org/series/VIXCLS
2021-11-16,VIX,16.37,https://fred.stlouisfed.org/series/VIXCLS
2021-11-17,VIX,17.11,https://fred.stlouisfed.org/series/VIXCLS
2021-11-18,VIX,17.59,https://fred.stlouisfed.org/series/VIXCLS
2021-11-19,VIX,17.91,https://fred.stlouisfed.org/series/VIXCLS
2021-11-22,VIX,19.17,https://fred.stlouisfed.org/series/VIXCLS
2021-11-23,VIX,19.38,https://fred.stlouisfed.org/series/VIXCLS
2021-11-24,VIX,18.58,https://fred.stlouisfed.org/series/VIXCLS
2021-11-26,VIX,28.62,https://fred.stlouisfed.org/series/VIXCLS
2021-11-29,VIX,22.96,https://fred.stlouisfed.org/series/VIXCLS
2021-11-30,VIX,27.19,https://fred.stlouisfed.org/series/VIXCLS
2021-12-01,VIX,31.12,https://fred.stlouisfed.org/series/VIXCLS
2021-12-02,VIX,27.95,https://fred.stlouisfed.org/series/VIXCLS
2021-12-03,VIX,30.67,https://fred.stlouisfed.org/series/VIXCLS
2021-12-06,VIX,27.18,https://fred.stlouisfed.org/series/VIXCLS
2021-12-07,VIX,21.89,https://fred.stlouisfed.org/series/VIXCLS
2021-12-08,VIX,19.9,https://fred.stlouisfed.org/series/VIXCLS
2021-12-09,VIX,21.58,https://fred.stlouisfed.org/series/VIXCLS
2021-12-10,VIX,18.69,https://fred.stlouisfed.org/series/VIXCLS
2021-12-13,VIX,20.31,https://fred.stlouisfed.org/series/VIXCLS
2021-12-14,VIX,21.89,https://fred.stlouisfed.org/series/VIXCLS
2021-12-15,VIX,19.29,https://fred.stlouisfed.org/series/VIXCLS
2021-12-16,VIX,20.57,https://fred.stlouisfed.org/series/VIXCLS
2021-12-17,VIX,21.57,https://fred.stlouisfed.org/series/VIXCLS
2021-12-20,VIX,22.87,https://fred.stlouisfed.org/series/VIXCLS
2021-12-21,VIX,21.01,https://fred.stlouisfed.org/series/VIXCLS
2021-12-22,VIX,18.63,https://fred.stlouisfed.org/series/VIXCLS
2021-12-23,VIX,17.96,https://fred.stlouisfed.org/series/VIXCLS
2021-12-27,VIX,17.68,https://fred.stlouisfed.org/series/VIXCLS
2021-12-28,VIX,17.54,https://fred.stlouisfed.org/series/VIXCLS
2021-12-29,VIX,16.95,https://fred.stlouisfed.org/series/VIXCLS
2021-12-30,VIX,17.33,https://fred.stlouisfed.org/series/VIXCLS
2021-12-31,VIX,17.22,https://fred.stlouisfed.org/series/VIXCLS
2022-01-03,VIX,16.6,https://fred.stlouisfed.org/series/VIXCLS
2022-01-04,VIX,16.91,https://fred.stlouisfed.org/series/VIXCLS
2022-01-05,VIX,19.73,https://fred.stlouisfed.org/series/VIXCLS
2022-01-06,VIX,19.61,https://fred.stlouisfed.org/series/VIXCLS
2022-01-07,VIX,18.76,https://fred.stlouisfed.org/series/VIXCLS
2022-01-10,VIX,19.4,https://fred.stlouisfed.org/series/VIXCLS
2022-01-11,VIX,18.41,https://fred.stlouisfed.org/series/VIXCLS
2022-01-12,VIX,17.62,https://fred.stlouisfed.org/series/VIXCLS
2022-01-13,VIX,20.31,https://fred.stlouisfed.org/series/VIXCLS
2022-01-14,VIX,19.19,https://fred.stlouisfed.org/series/VIXCLS
2022-01-18,VIX,22.79,https://fred.stlouisfed.org/series/VIXCLS
2022-01-19,VIX,23.85,https://fred.stlouisfed.org/series/VIXCLS
2022-01-20,VIX,25.59,https://fred.stlouisfed.org/series/VIXCLS
2022-01-21,VIX,28.85,https://fred.stlouisfed.org/series/VIXCLS
2022-01-24,VIX,29.9,https://fred.stlouisfed.org/series/VIXCLS
2022-01-25,VIX,31.16,https://fred.stlouisfed.org/series/VIXCLS
2022-01-26,VIX,31.96,https://fred.stlouisfed.org/series/VIXCLS
2022-01-27,VIX,30.49,https://fred.stlouisfed.org/series/VIXCLS
2022-01-28,VIX,27.66,https://fred.stlouisfed.org/series/VIXCLS
2022-01-31,VIX,24.83,https://fred.stlouisfed.org/series/VIXCLS
2022-02-01,VIX,21.96,https://fred.stlouisfed.org/series/VIXCLS
2022-02-02,VIX,22.09,https://fred.stlouisfed.org/series/VIXCLS
2022-02-03,VIX,24.35,https://fred.stlouisfed.org/series/VIXCLS
2022-02-04,VIX,23.22,https://fred.stlouisfed.org/series/VIXCLS
2022-02-07,VIX,22.86,https://fred.stlouisfed.org/series/VIXCLS
2022-02-08,VIX,21.44,https://fred.stlouisfed.org/series/VIXCLS
2022-02-09,VIX,19.96,https://fred.stlouisfed.org/series/VIXCLS
2022-02-10,VIX,23.91,https://fred.stlouisfed.org/series/VIXCLS
2022-02-11,VIX,27.36,https://fred.stlouisfed.org/series/VIXCLS
2022-02-14,VIX,28.33,https://fred.stlouisfed.org/series/VIXCLS
2022-02-15,VIX,25.7,https://fred.stlouisfed.org/series/VIXCLS
2022-02-16,VIX,24.29,https://fred.stlouisfed.org/series/VIXCLS
2022-02-17,VIX,28.11,https://fred.stlouisfed.org/series/VIXCLS
2022-02-18,VIX,27.75,https://fred.stlouisfed.org/series/VIXCLS
2022-02-22,VIX,28.81,https://fred.stlouisfed.org/series/VIXCLS
2022-02-23,VIX,31.02,https://fred.stlouisfed.org/series/VIXCLS
2022-02-24,VIX,30.32,https://fred.stlouisfed.org/series/VIXCLS
2022-02-25,VIX,27.59,https://fred.stlouisfed.org/series/VIXCLS
2022-02-28,VIX,30.15,https://fred.stlouisfed.org/series/VIXCLS
2022-03-01,VIX,33.32,https://fred.stlouisfed.org/series/VIXCLS
2022-03-02,VIX,30.74,https://fred.stlouisfed.org/series/VIXCLS
2022-03-03,VIX,30.48,https://fred.stlouisfed.org/series/VIXCLS
2022-03-04,VIX,31.98,https://fred.stlouisfed.org/series/VIXCLS
2022-03-07,VIX,36.45,https://fred.stlouisfed.org/series/VIXCLS
2022-03-08,VIX,35.13,https://fred.stlouisfed.org/series/VIXCLS
2022-03-09,VIX,32.45,https://fred.stlouisfed.org/series/VIXCLS
2022-03-10,VIX,30.23,https://fred.stlouisfed.org/series/VIXCLS
2022-03-11,VIX,30.75,https://fred.stlouisfed.org/series/VIXCLS
2022-03-14,VIX,31.77,https://fred.stlouisfed.org/series/VIXCLS
2022-03-15,VIX,29.83,https://fred.stlouisfed.org/series/VIXCLS
2022-03-16,VIX,26.67,https://fred.stlouisfed.org/series/VIXCLS
2022-03-17,VIX,25.67,https://fred.stlouisfed.org/series/VIXCLS
2022-03-18,VIX,23.87,https://fred.stlouisfed.org/series/VIXCLS
2022-03-21,VIX,23.53,https://fred.stlouisfed.org/series/VIXCLS
2022-03-22,VIX,22.94,https://fred.stlouisfed.org/series/VIXCLS
2022-03-23,VIX,23.57,https://fred.stlouisfed.org/series/VIXCLS
2022-03-24,VIX,21.67,https://fred.stlouisfed.org/series/VIXCLS
2022-03-25,VIX,20.81,https://fred.stlouisfed.org/series/VIXCLS
2022-03-28,VIX,19.63,https://fred.stlouisfed.org/series/VIXCLS
2022-03-29,VIX,18.9,https://fred.stlouisfed.org/series/VIXCLS
2022-03-30,VIX,19.33,https://fred.stlouisfed.org/series/VIXCLS
2022-03-31,VIX,20.56,https://fred.stlouisfed.org/series/VIXCLS
2022-04-01,VIX,19.63,https://fred.stlouisfed.org/series/VIXCLS
2022-04-04,VIX,18.57,https://fred.stlouisfed.org/series/VIXCLS
2022-04-05,VIX,21.03,https://fred.stlouisfed.org/series/VIXCLS
2022-04-06,VIX,22.1,https://fred.stlouisfed.org/series/VIXCLS
2022-04-07,VIX,21.55,https://fred.stlouisfed.org/series/VIXCLS
2022-04-08,VIX,21.16,https://fred.stlouisfed.org/series/VIXCLS
2022-04-11,VIX,24.37,https://fred.stlouisfed.org/series/VIXCLS
2022-04-12,VIX,24.26,https://fred.stlouisfed.org/series/VIXCLS
2022-04-13,VIX,21.82,https://fred.stlouisfed.org/series/VIXCLS
2022-04-14,VIX,22.7,https://fred.stlouisfed.org/series/VIXCLS
2022-04-18,VIX,22.17,https://fred.stlouisfed.org/series/VIXCLS
2022-04-19,VIX,21.37,https://fred.stlouisfed.org/series/VIXCLS
2022-04-20,VIX,20.32,https://fred.stlouisfed.org/series/VIXCLS
2022-04-21,VIX,22.68,https://fred.stlouisfed.org/series/VIXCLS
2022-04-22,VIX,28.21,https://fred.stlouisfed.org/series/VIXCLS
2022-04-25,VIX,27.02,https://fred.stlouisfed.org/series/VIXCLS
2022-04-26,VIX,33.52,https://fred.stlouisfed.org/series/VIXCLS
2022-04-27,VIX,31.6,https://fred.stlouisfed.org/series/VIXCLS
2022-04-28,VIX,29.99,https://fred.stlouisfed.org/series/VIXCLS
2022-04-29,VIX,33.4,https://fred.stlouisfed.org/series/VIXCLS
2022-05-02,VIX,32.34,https://fred.stlouisfed.org/series/VIXCLS
2022-05-03,VIX,29.25,https://fred.stlouisfed.org/series/VIXCLS
2022-05-04,VIX,25.42,https://fred.stlouisfed.org/series/VIXCLS
2022-05-05,VIX,31.2,https://fred.stlouisfed.org/series/VIXCLS
2022-05-06,VIX,30.19,https://fred.stlouisfed.org/series/VIXCLS
2022-05-09,VIX,34.75,https://fred.stlouisfed.org/series/VIXCLS
2022-05-10,VIX,32.99,https://fred.stlouisfed.org/series/VIXCLS
2022-05-11,VIX,32.56,https://fred.stlouisfed.org/series/VIXCLS
2022-05-12,VIX,31.77,https://fred.stlouisfed.org/series/VIXCLS
2022-05-13,VIX,28.87,https://fred.stlouisfed.org/series/VIXCLS
2022-05-16,VIX,27.47,https://fred.stlouisfed.org/series/VIXCLS
2022-05-17,VIX,26.1,https://fred.stlouisfed.org/series/VIXCLS
2022-05-18,VIX,30.96,https://fred.stlouisfed.org/series/VIXCLS
2022-05-19,VIX,29.35,https://fred.stlouisfed.org/series/VIXCLS
2022-05-20,VIX,29.43,https://fred.stlouisfed.org/series/VIXCLS
2022-05-23,VIX,28.48,https://fred.stlouisfed.org/series/VIXCLS
2022-05-24,VIX,29.45,https://fred.stlouisfed.org/series/VIXCLS
2022-05-25,VIX,28.37,https://fred.stlouisfed.org/series/VIXCLS
2022-05-26,VIX,27.5,https://fred.stlouisfed.org/series/VIXCLS
2022-05-27,VIX,25.72,https://fred.stlouisfed.org/series/VIXCLS
2022-05-30,VIX,26.54,https://fred.stlouisfed.org/series/VIXCLS
2022-05-31,VIX,26.19,https://fred.stlouisfed.org/series/VIXCLS
2022-06-01,VIX,25.69,https://fred.stlouisfed.org/series/VIXCLS
2022-06-02,VIX,24.72,https://fred.stlouisfed.org/series/VIXCLS
2022-06-03,VIX,24.79,https://fred.stlouisfed.org/series/VIXCLS
2022-06-06,VIX,25.07,https://fred.stlouisfed.org/series/VIXCLS
2022-06-07,VIX,24.02,https://fred.stlouisfed.org/series/VIXCLS
2022-06-08,VIX,23.96,https://fred.stlouisfed.org/series/VIXCLS
2022-06-09,VIX,26.09,https://fred.stlouisfed.org/series/VIXCLS
2022-06-10,VIX,27.75,https://fred.stlouisfed.org/series/VIXCLS
2022-06-13,VIX,34.02,https://fred.stlouisfed.org/series/VIXCLS
2022-06-14,VIX,32.69,https://fred.stlouisfed.org/series/VIXCLS
2022-06-15,VIX,29.62,https://fred.stlouisfed.org/series/VIXCLS
2022-06-16,VIX,32.95,https://fred.stlouisfed.org/series/VIXCLS
2022-06-17,VIX,31.13,https://fred.stlouisfed.org/series/VIXCLS
2022-06-20,VIX,31.03,https://fred.stlouisfed.org/series/VIXCLS
2022-06-21,VIX,30.19,https://fred.stlouisfed.org/series/VIXCLS
2022-06-22,VIX,28.95,https://fred.stlouisfed.org/series/VIXCLS
2022-06-23,VIX,29.05,https://fred.stlouisfed.org/series/VIXCLS
2022-06-24,VIX,27.23,https://fred.stlouisfed.org/series/VIXCLS
2022-06-27,VIX,26.95,https://fred.stlouisfed.org/series/VIXCLS
2022-06-28,VIX,28.36,https://fred.stlouisfed.org/series/VIXCLS
2022-06-29,VIX,28.16,https://fred.stlouisfed.org/series/VIXCLS
2022-06-30,VIX,28.71,https://fred.stlouisfed.org/series/VIXCLS
2022-07-01,VIX,26.7,https://fred.stlouisfed.org/series/VIXCLS
2022-07-04,VIX,27.53,https://fred.stlouisfed.org/series/VIXCLS
2022-07-05,VIX,27.54,https://fred.stlouisfed.org/series/VIXCLS
2022-07-06,VIX,26.73,https://fred.stlouisfed.org/series/VIXCLS
2022-07-07,VIX,26.08,https://fred.stlouisfed.org/series/VIXCLS
2022-07-08,VIX,24.64,https://fred.stlouisfed.org/series/VIXCLS
2022-07-11,VIX,26.17,https://fred.stlouisfed.org/series/VIXCLS
2022-07-12,VIX,27.29,https://fred.stlouisfed.org/series/VIXCLS
2022-07-13,VIX,26.82,https://fred.stlouisfed.org/series/VIXCLS
2022-07-14,VIX,26.4,https://fred.stlouisfed.org/series/VIXCLS
2022-07-15,VIX,24.23,https://fred.stlouisfed.org/series/VIXCLS
2022-07-18,VIX,25.3,https://fred.stlouisfed.org/series/VIXCLS
2022-07-19,VIX,24.5,https://fred.stlouisfed.org/series/VIXCLS
2022-07-20,VIX,23.88,https://fred.stlouisfed.org/series/VIXCLS
2022-07-21,VIX,23.11,https://fred.stlouisfed.org/series/VIXCLS
2022-07-22,VIX,23.03,https://fred.stlouisfed.org/series/VIXCLS
2022-07-25,VIX,23.36,https://fred.stlouisfed.org/series/VIXCLS
2022-07-26,VIX,24.69,https://fred.stlouisfed.org/series/VIXCLS
2022-07-27,VIX,23.24,https://fred.stlouisfed.org/series/VIXCLS
2022-07-28,VIX,22.33,https://fred.stlouisfed.org/series/VIXCLS
2022-07-29,VIX,21.33,https://fred.stlouisfed.org/series/VIXCLS
2022-08-01,VIX,22.84,https://fred.stlouisfed.org/series/VIXCLS
2022-08-02,VIX,23.93,https://fred.stlouisfed.org/series/VIXCLS
2022-08-03,VIX,21.95,https://fred.stlouisfed.org/series/VIXCLS
2022-08-04,VIX,21.44,https://fred.stlouisfed.org/series/VIXCLS
2022-08-05,VIX,21.15,https://fred.stlouisfed.org/series/VIXCLS
2022-08-08,VIX,21.29,https://fred.stlouisfed.org/series/VIXCLS
2022-08-09,VIX,21.77,https://fred.stlouisfed.org/series/VIXCLS
2022-08-10,VIX,19.74,https://fred.stlouisfed.org/series/VIXCLS
2022-08-11,VIX,20.2,https://fred.stlouisfed.org/series/VIXCLS
2022-08-12,VIX,19.53,https://fred.stlouisfed.org/series/VIXCLS
2022-08-15,VIX,19.95,https://fred.stlouisfed.org/series/VIXCLS
2022-08-16,VIX,19.69,https://fred.stlouisfed.org/series/VIXCLS
2022-08-17,VIX,19.9,https://fred.stlouisfed.org/series/VIXCLS
2022-08-18,VIX,19.56,https://fred.stlouisfed.org/series/VIXCLS
2022-08-19,VIX,20.6,https://fred.stlouisfed.org/series/VIXCLS
2022-08-22,VIX,23.8,https://fred.stlouisfed.org/series/VIXCLS
2022-08-23,VIX,24.11,https://fred.stlouisfed.org/series/VIXCLS
2022-08-24,VIX,22.82,https://fred.stlouisfed.org/series/VIXCLS
2022-08-25,VIX,21.78,https://fred.stlouisfed.org/series/VIXCLS
2022-08-26,VIX,25.56,https://fred.stlouisfed.org/series/VIXCLS
2022-08-29,VIX,26.21,https://fred.stlouisfed.org/series/VIXCLS
2022-08-30,VIX,26.21,https://fred.stlouisfed.org/series/VIXCLS
2022-08-31,VIX,25.87,https://fred.stlouisfed.org/series/VIXCLS
2022-09-01,VIX,25.56,https://fred.stlouisfed.org/series/VIXCLS
2022-09-02,VIX,25.47,https://fred.stlouisfed.org/series/VIXCLS
2022-09-05,VIX,25.99,https://fred.stlouisfed.org/series/VIXCLS
2022-09-06,VIX,26.91,https://fred.stlouisfed.org/series/VIXCLS
2022-09-07,VIX,24.64,https://fred.stlouisfed.org/series/VIXCLS
2022-09-08,VIX,23.61,https://fred.stlouisfed.org/series/VIXCLS
2022-09-09,VIX,22.79,https://fred.stlouisfed.org/series/VIXCLS
2022-09-12,VIX,23.87,https://fred.stlouisfed.org/series/VIXCLS
2022-09-13,VIX,27.27,https://fred.stlouisfed.org/series/VIXCLS
2022-09-14,VIX,26.16,https://fred.stlouisfed.org/series/VIXCLS
2022-09-15,VIX,26.27,https://fred.stlouisfed.org/series/VIXCLS
2022-09-16,VIX,26.3,https://fred.stlouisfed.org/series/VIXCLS
2022-09-19,VIX,25.76,https://fred.stlouisfed.org/series/VIXCLS
2022-09-20,VIX,27.16,https://fred.stlouisfed.org/series/VIXCLS
2022-09-21,VIX,27.99,https://fred.stlouisfed.org/series/VIXCLS
2022-09-22,VIX,27.35,https://fred.stlouisfed.org/series/VIXCLS
2022-09-23,VIX,29.92,https://fred.stlouisfed.org/series/VIXCLS
2022-09-26,VIX,32.26,https://fred.stlouisfed.org/series/VIXCLS
2022-09-27,VIX,32.6,https://fred.stlouisfed.org/series/VIXCLS
2022-09-28,VIX,30.18,https://fred.stlouisfed.org/series/VIXCLS
2022-09-29,VIX,31.84,https://fred.stlouisfed.org/series/VIXCLS
2022-09-30,VIX,31.62,https://fred.stlouisfed.org/series/VIXCLS
2022-10-03,VIX,30.1,https://fred.stlouisfed.org/series/VIXCLS
2022-10-04,VIX,29.07,https://fred.stlouisfed.org/series/VIXCLS
2022-10-05,VIX,28.55,https://fred.stlouisfed.org/series/VIXCLS
2022-10-06,VIX,30.52,https://fred.stlouisfed.org/series/VIXCLS
2022-10-07,VIX,31.36,https://fred.stlouisfed.org/series/VIXCLS
2022-10-10,VIX,32.45,https://fred.stlouisfed.org/series/VIXCLS
2022-10-11,VIX,33.63,https://fred.stlouisfed.org/series/VIXCLS
2022-10-12,VIX,33.57,https://fred.stlouisfed.org/series/VIXCLS
2022-10-13,VIX,31.94,https://fred.stlouisfed.org/series/VIXCLS
2022-10-14,VIX,32.02,https://fred.stlouisfed.org/series/VIXCLS
2022-10-17,VIX,31.37,https://fred.stlouisfed.org/series/VIXCLS
2022-10-18,VIX,30.5,https://fred.stlouisfed.org/series/VIXCLS
2022-10-19,VIX,30.76,https://fred.stlouisfed.org/series/VIXCLS
2022-10-20,VIX,29.98,https://fred.stlouisfed.org/series/VIXCLS
2022-10-21,VIX,29.69,https://fred.stlouisfed.org/series/VIXCLS
2022-10-24,VIX,29.85,https://fred.stlouisfed.org/series/VIXCLS
2022-10-25,VIX,28.46,https://fred.stlouisfed.org/series/VIXCLS
2022-10-26,VIX,27.28,https://fred.stlouisfed.org/series/VIXCLS
2022-10-27,VIX,27.39,https://fred.stlouisfed.org/series/VIXCLS
2022-10-28,VIX,25.75,https://fred.stlouisfed.org/series/VIXCLS
2022-10-31,VIX,25.88,https://fred.stlouisfed.org/series/VIXCLS
2022-11-01,VIX,25.81,https://fred.stlouisfed.org/series/VIXCLS
2022-11-02,VIX,25.86,https://fred.stlouisfed.org/series/VIXCLS
2022-11-03,VIX,25.3,https://fred.stlouisfed.org/series/VIXCLS
2022-11-04,VIX,24.55,https://fred.stlouisfed.org/series/VIXCLS
2022-11-07,VIX,24.35,https://fred.stlouisfed.org/series/VIXCLS
2022-11-08,VIX,25.54,https://fred.stlouisfed.org/series/VIXCLS
2022-11-09,VIX,26.09,https://fred.stlouisfed.org/series/VIXCLS
2022-11-10,VIX,23.53,https://fred.stlouisfed.org/series/VIXCLS
2022-11-11,VIX,22.52,https://fred.stlouisfed.org/series/VIXCLS
2022-11-14,VIX,23.73,https://fred.stlouisfed.org/series/VIXCLS
2022-11-15,VIX,24.54,https://fred.stlouisfed.org/series/VIXCLS
2022-11-16,VIX,24.11,https://fred.stlouisfed.org/series/VIXCLS
2022-11-17,VIX,23.93,https://fred.stlouisfed.org/series/VIXCLS
2022-11-18,VIX,23.12,https://fred.stlouisfed.org/series/VIXCLS
2022-11-21,VIX,22.36,https://fred.stlouisfed.org/series/VIXCLS
2022-11-22,VIX,21.29,https://fred.stlouisfed.org/series/VIXCLS
2022-11-23,VIX,20.35,https://fred.stlouisfed.org/series/VIXCLS
2022-11-24,VIX,20.42,https://fred.stlouisfed.org/series/VIXCLS
2022-11-25,VIX,20.5,https://fred.stlouisfed.org/series/VIXCLS
2022-11-28,VIX,22.21,https://fred.stlouisfed.org/series/VIXCLS
2022-11-29,VIX,21.89,https://fred.stlouisfed.org/series/VIXCLS
2022-11-30,VIX,20.58,https://fred.stlouisfed.org/series/VIXCLS
2022-12-01,VIX,19.84,https://fred.stlouisfed.org/series/VIXCLS
2022-12-02,VIX,19.06,https://fred.stlouisfed.org/series/VIXCLS
2022-12-05,VIX,20.75,https://fred.stlouisfed.org/series/VIXCLS
2022-12-06,VIX,22.17,https://fred.stlouisfed.org/series/VIXCLS
2022-12-07,VIX,22.68,https://fred.stlouisfed.org/series/VIXCLS
2022-12-08,VIX,22.29,https://fred.stlouisfed.org/series/VIXCLS
2022-12-09,VIX,22.83,https://fred.stlouisfed.org/series/VIXCLS
2022-12-12,VIX,25.0,https://fred.stlouisfed.org/series/VIXCLS
2022-12-13,VIX,22.55,https://fred.stlouisfed.org/series/VIXCLS
2022-12-14,VIX,21.14,https://fred.stlouisfed.org/series/VIXCLS
2022-12-15,VIX,22.83,https://fred.stlouisfed.org/series/VIXCLS
2022-12-16,VIX,22.62,https://fred.stlouisfed.org/series/VIXCLS
2022-12-19,VIX,22.42,https://fred.stlouisfed.org/series/VIXCLS
2022-12-20,VIX,21.48,https://fred.stlouisfed.org/series/VIXCLS
2022-12-21,VIX,20.07,https://fred.stlouisfed.org/series/VIXCLS
2022-12-22,VIX,21.97,https://fred.stlouisfed.org/series/VIXCLS
2022-12-23,VIX,20.87,https://fred.stlouisfed.org/series/VIXCLS
2022-12-27,VIX,21.65,https://fred.stlouisfed.org/series/VIXCLS
2022-12-28,VIX,22.14,https://fred.stlouisfed.org/series/VIXCLS
2022-12-29,VIX,21.44,https://fred.stlouisfed.org/series/VIXCLS
2022-12-30,VIX,21.67,https://fred.stlouisfed.org/series/VIXCLS
2023-01-03,VIX,22.9,https://fred.stlouisfed.org/series/VIXCLS
2023-01-04,VIX,22.01,https://fred.stlouisfed.org/series/VIXCLS
2023-01-05,VIX,22.46,https://fred.stlouisfed.org/series/VIXCLS
2023-01-06,VIX,21.13,https://fred.stlouisfed.org/series/VIXCLS
2023-01-09,VIX,21.97,https://fred.stlouisfed.org/series/VIXCLS
2023-01-10,VIX,20.58,https://fred.stlouisfed.org/series/VIXCLS
2023-01-11,VIX,21.09,https://fred.stlouisfed.org/series/VIXCLS
2023-01-12,VIX,18.83,https://fred.stlouisfed.org/series/VIXCLS
2023-01-13,VIX,18.35,https://fred.stlouisfed.org/series/VIXCLS
2023-01-16,VIX,19.49,https://fred.stlouisfed.org/series/VIXCLS
2023-01-17,VIX,19.36,https://fred.stlouisfed.org/series/VIXCLS
2023-01-18,VIX,20.34,https://fred.stlouisfed.org/series/VIXCLS
2023-01-19,VIX,20.52,https://fred.stlouisfed.org/series/VIXCLS
2023-01-20,VIX,19.85,https://fred.stlouisfed.org/series/VIXCLS
2023-01-23,VIX,19.81,https://fred.stlouisfed.org/series/VIXCLS
2023-01-24,VIX,19.2,https://fred.stlouisfed.org/series/VIXCLS
2023-01-25,VIX,19.08,https://fred.stlouisfed.org/series/VIXCLS
2023-01-26,VIX,18.73,https://fred.stlouisfed.org/series/VIXCLS
2023-01-27,VIX,18.51,https://fred.stlouisfed.org/series/VIXCLS
2023-01-30,VIX,19.94,https://fred.stlouisfed.org/series/VIXCLS
2023-01-31,VIX,19.4,https://fred.stlouisfed.org/series/VIXCLS
2023-02-01,VIX,17.87,https://fred.stlouisfed.org/series/VIXCLS
2023-02-02,VIX,18.73,https://fred.stlouisfed.org/series/VIXCLS
2023-02-03,VIX,18.33,https://fred.stlouisfed.org/series/VIXCLS
2023-02-06,VIX,19.43,https://fred.stlouisfed.org/series/VIXCLS
2023-02-07,VIX,18.66,https://fred.stlouisfed.org/series/VIXCLS
2023-02-08,VIX,19.63,https://fred.stlouisfed.org/series/VIXCLS
2023-02-09,VIX,20.71,https://fred.stlouisfed.org/series/VIXCLS
2023-02-10,VIX,20.53,https://fred.stlouisfed.org/series/VIXCLS
2023-02-13,VIX,20.34,https://fred.stlouisfed.org/series/VIXCLS
2023-02-14,VIX,18.91,https://fred.stlouisfed.org/series/VIXCLS
2023-02-15,VIX,18.23,https://fred.stlouisfed.org/series/VIXCLS
2023-02-16,VIX,20.17,https://fred.stlouisfed.org/series/VIXCLS
2023-02-17,VIX,20.02,https://fred.stlouisfed.org/series/VIXCLS
2023-02-20,VIX,21.23,https://fred.stlouisfed.org/series/VIXCLS
2023-02-21,VIX,22.87,https://fred.stlouisfed.org/series/VIXCLS
2023-02-22,VIX,22.29,https://fred.stlouisfed.org/series/VIXCLS
2023-02-23,VIX,21.14,https://fred.stlouisfed.org/series/VIXCLS
2023-02-24,VIX,21.67,https://fred.stlouisfed.org/series/VIXCLS
2023-02-27,VIX,20.95,https://fred.stlouisfed.org/series/VIXCLS
2023-02-28,VIX,20.7,https://fred.stlouisfed.org/series/VIXCLS
2023-03-01,VIX,20.58,https://fred.stlouisfed.org/series/VIXCLS
2023-03-02,VIX,19.59,https://fred.stlouisfed.org/series/VIXCLS
2023-03-03,VIX,18.49,https://fred.stlouisfed.org/series/VIXCLS
2023-03-06,VIX,18.61,https://fred.stlouisfed.org/series/VIXCLS
2023-03-07,VIX,19.59,https://fred.stlouisfed.org/series/VIXCLS
2023-03-08,VIX,19.11,https://fred.stlouisfed.org/series/VIXCLS
2023-03-09,VIX,22.61,https://fred.stlouisfed.org/series/VIXCLS
2023-03-10,VIX,24.8,https://fred.stlouisfed.org/series/VIXCLS
2023-03-13,VIX,26.52,https://fred.stlouisfed.org/series/VIXCLS
2023-03-14,VIX,23.73,https://fred.stlouisfed.org/series/VIXCLS
2023-03-15,VIX,26.14,https://fred.stlouisfed.org/series/VIXCLS
2023-03-16,VIX,22.99,https://fred.stlouisfed.org/series/VIXCLS
2023-03-17,VIX,25.51,https://fred.stlouisfed.org/series/VIXCLS
2023-03-20,VIX,24.15,https://fred.stlouisfed.org/series/VIXCLS
2023-03-21,VIX,21.38,https://fred.stlouisfed.org/series/VIXCLS
2023-03-22,VIX,22.26,https://fred.stlouisfed.org/series/VIXCLS
2023-03-23,VIX,22.61,https://fred.stlouisfed.org/series/VIXCLS
2023-03-24,VIX,21.74,https://fred.stlouisfed.org/series/VIXCLS
2023-03-27,VIX,20.6,https://fred.stlouisfed.org/series/VIXCLS
2023-03-28,VIX,19.97,https://fred.stlouisfed.org/series/VIXCLS
2023-03-29,VIX,19.12,https://fred.stlouisfed.org/series/VIXCLS
2023-03-30,VIX,19.02,https://fred.stlouisfed.org/series/VIXCLS
2023-03-31,VIX,18.7,https://fred.stlouisfed.org/series/VIXCLS
2023-04-03,VIX,18.55,https://fred.stlouisfed.org/series/VIXCLS
2023-04-04,VIX,19.0,https://fred.stlouisfed.org/series/VIXCLS
2023-04-05,VIX,19.08,https://fred.stlouisfed.org/series/VIXCLS
2023-04-06,VIX,18.4,https://fred.stlouisfed.org/series/VIXCLS
2023-04-10,VIX,18.97,https://fred.stlouisfed.org/series/VIXCLS
2023-04-11,VIX,19.1,https://fred.stlouisfed.org/series/VIXCLS
2023-04-12,VIX,19.09,https://fred.stlouisfed.org/series/VIXCLS
2023-04-13,VIX,17.8,https://fred.stlouisfed.org/series/VIXCLS
2023-04-14,VIX,17.07,https://fred.stlouisfed.org/series/VIXCLS
2023-04-17,VIX,16.95,https://fred.stlouisfed.org/series/VIXCLS
2023-04-18,VIX,16.83,https://fred.stlouisfed.org/series/VIXCLS
2023-04-19,VIX,16.46,https://fred.stlouisfed.org/series/VIXCLS
2023-04-20,VIX,17.17,https://fred.stlouisfed.org/series/VIXCLS
2023-04-21,VIX,16.77,https://fred.stlouisfed.org/series/VIXCLS
2023-04-24,VIX,16.89,https://fred.stlouisfed.org/series/VIXCLS
2023-04-25,VIX,18.76,https://fred.stlouisfed.org/series/VIXCLS
2023-04-26,VIX,18.84,https://fred.stlouisfed.org/series/VIXCLS
2023-04-27,VIX,17.03,https://fred.stlouisfed.org/series/VIXCLS
2023-04-28,VIX,15.78,https://fred.stlouisfed.org/series/VIXCLS
2023-05-01,VIX,16.08,https://fred.stlouisfed.org/series/VIXCLS
2023-05-02,VIX,17.78,https://fred.stlouisfed.org/series/VIXCLS
2023-05-03,VIX,18.34,https://fred.stlouisfed.org/series/VIXCLS
2023-05-04,VIX,20.09,https://fred.stlouisfed.org/series/VIXCLS
2023-05-05,VIX,17.19,https://fred.stlouisfed.org/series/VIXCLS
2023-05-08,VIX,16.98,https://fred.stlouisfed.org/series/VIXCLS
2023-05-09,VIX,17.71,https://fred.stlouisfed.org/series/VIXCLS
2023-05-10,VIX,16.94,https://fred.stlouisfed.org/series/VIXCLS
2023-05-11,VIX,16.93,https://fred.stlouisfed.org/series/VIXCLS
2023-05-12,VIX,17.03,https://fred.stlouisfed.org/series/VIXCLS
2023-05-15,VIX,17.12,https://fred.stlouisfed.org/series/VIXCLS
2023-05-16,VIX,17.99,https://fred.stlouisfed.org/series/VIXCLS
2023-05-17,VIX,16.87,https://fred.stlouisfed.org/series/VIXCLS
2023-05-18,VIX,16.05,https://fred.stlouisfed.org/series/VIXCLS
2023-05-19,VIX,16.81,https://fred.stlouisfed.org/series/VIXCLS
2023-05-22,VIX,17.21,https://fred.stlouisfed.org/series/VIXCLS
2023-05-23,VIX,18.53,https://fred.stlouisfed.org/series/VIXCLS
2023-05-24,VIX,20.03,https://fred.stlouisfed.org/series/VIXCLS
2023-05-25,VIX,19.14,https://fred.stlouisfed.org/series/VIXCLS
2023-05-26,VIX,17.95,https://fred.stlouisfed.org/series/VIXCLS
2023-05-29,VIX,17.46,https://fred.stlouisfed.org/series/VIXCLS
2023-05-30,VIX,17.46,https://fred.stlouisfed.org/series/VIXCLS
2023-05-31,VIX,17.94,https://fred.stlouisfed.org/series/VIXCLS
2023-06-01,VIX,15.65,https://fred.stlouisfed.org/series/VIXCLS
2023-06-02,VIX,14.6,https://fred.stlouisfed.org/series/VIXCLS
2023-06-05,VIX,14.73,https://fred.stlouisfed.org/series/VIXCLS
2023-06-06,VIX,13.96,https://fred.stlouisfed.org/series/VIXCLS
2023-06-07,VIX,13.94,https://fred.stlouisfed.org/series/VIXCLS
2023-06-08,VIX,13.65,https://fred.stlouisfed.org/series/VIXCLS
2023-06-09,VIX,13.83,https://fred.stlouisfed.org/series/VIXCLS
2023-06-12,VIX,15.01,https://fred.stlouisfed.org/series/VIXCLS
2023-06-13,VIX,14.61,https://fred.stlouisfed.org/series/VIXCLS
2023-06-14,VIX,13.88,https://fred.stlouisfed.org/series/VIXCLS
2023-06-15,VIX,14.5,https://fred.stlouisfed.org/series/VIXCLS
2023-06-16,VIX,13.54,https://fred.stlouisfed.org/series/VIXCLS
2023-06-19,VIX,14.19,https://fred.stlouisfed.org/series/VIXCLS
2023-06-20,VIX,13.88,https://fred.stlouisfed.org/series/VIXCLS
2023-06-21,VIX,13.2,https://fred.stlouisfed.org/series/VIXCLS
2023-06-22,VIX,12.91,https://fred.stlouisfed.org/series/VIXCLS
2023-06-23,VIX,13.44,https://fred.stlouisfed.org/series/VIXCLS
2023-06-26,VIX,14.25,https://fred.stlouisfed.org/series/VIXCLS
2023-06-27,VIX,13.74,https://fred.stlouisfed.org/series/VIXCLS
2023-06-28,VIX,13.43,https://fred.stlouisfed.org/series/VIXCLS
2023-06-29,VIX,13.54,https://fred.stlouisfed.org/series/VIXCLS
2023-06-30,VIX,13.59,https://fred.stlouisfed.org/series/VIXCLS
2023-07-03,VIX,13.57,https://fred.stlouisfed.org/series/VIXCLS
2023-07-04,VIX,13.7,https://fred.stlouisfed.org/series/VIXCLS
2023-07-05,VIX,14.18,https://fred.stlouisfed.org/series/VIXCLS
2023-07-06,VIX,15.44,https://fred.stlouisfed.org/series/VIXCLS
2023-07-07,VIX,14.83,https://fred.stlouisfed.org/series/VIXCLS
2023-07-10,VIX,15.07,https://fred.stlouisfed.org/series/VIXCLS
2023-07-11,VIX,14.84,https://fred.stlouisfed.org/series/VIXCLS
2023-07-12,VIX,13.54,https://fred.stlouisfed.org/series/VIXCLS
2023-07-13,VIX,13.61,https://fred.stlouisfed.org/series/VIXCLS
2023-07-14,VIX,13.34,https://fred.stlouisfed.org/series/VIXCLS
2023-07-17,VIX,13.48,https://fred.stlouisfed.org/series/VIXCLS
2023-07-18,VIX,13.3,https://fred.stlouisfed.org/series/VIXCLS
2023-07-19,VIX,13.76,https://fred.stlouisfed.org/series/VIXCLS
2023-07-20,VIX,13.99,https://fred.stlouisfed.org/series/VIXCLS
2023-07-21,VIX,13.6,https://fred.stlouisfed.org/series/VIXCLS
2023-07-24,VIX,13.91,https://fred.stlouisfed.org/series/VIXCLS
2023-07-25,VIX,13.86,https://fred.stlouisfed.org/series/VIXCLS
2023-07-26,VIX,13.19,https://fred.stlouisfed.org/series/VIXCLS
2023-07-27,VIX,14.41,https://fred.stlouisfed.org/series/VIXCLS
2023-07-28,VIX,13.33,https://fred.stlouisfed.org/series/VIXCLS
2023-07-31,VIX,13.63,https://fred.stlouisfed.org/series/VIXCLS
2023-08-01,VIX,13.93,https://fred.stlouisfed.org/series/VIXCLS
2023-08-02,VIX,16.09,https://fred.stlouisfed.org/series/VIXCLS
2023-08-03,VIX,15.92,https://fred.stlouisfed.org/series/VIXCLS
2023-08-04,VIX,17.1,https://fred.stlouisfed.org/series/VIXCLS
2023-08-07,VIX,15.77,https://fred.stlouisfed.org/series/VIXCLS
2023-08-08,VIX,15.99,https://fred.stlouisfed.org/series/VIXCLS
2023-08-09,VIX,15.96,https://fred.stlouisfed.org/series/VIXCLS
2023-08-10,VIX,15.85,https://fred.stlouisfed.org/series/VIXCLS
2023-08-11,VIX,14.84,https://fred.stlouisfed.org/series/VIXCLS
2023-08-14,VIX,14.82,https://fred.stlouisfed.org/series/VIXCLS
2023-08-15,VIX,16.46,https://fred.stlouisfed.org/series/VIXCLS
2023-08-16,VIX,16.78,https://fred.stlouisfed.org/series/VIXCLS
2023-08-17,VIX,17.89,https://fred.stlouisfed.org/series/VIXCLS
2023-08-18,VIX,17.3,https://fred.stlouisfed.org/series/VIXCLS
2023-08-21,VIX,17.13,https://fred.stlouisfed.org/series/VIXCLS
2023-08-22,VIX,16.97,https://fred.stlouisfed.org/series/VIXCLS
2023-08-23,VIX,15.98,https://fred.stlouisfed.org/series/VIXCLS
2023-08-24,VIX,17.2,https://fred.stlouisfed.org/series/VIXCLS
2023-08-25,VIX,15.68,https://fred.stlouisfed.org/series/VIXCLS
2023-08-28,VIX,15.08,https://fred.stlouisfed.org/series/VIXCLS
2023-08-29,VIX,14.45,https://fred.stlouisfed.org/series/VIXCLS
2023-08-30,VIX,13.88,https://fred.stlouisfed.org/series/VIXCLS
2023-08-31,VIX,13.57,https://fred.stlouisfed.org/series/VIXCLS
2023-09-01,VIX,13.09,https://fred.stlouisfed.org/series/VIXCLS
2023-09-04,VIX,13.82,https://fred.stlouisfed.org/series/VIXCLS
2023-09-05,VIX,14.01,https://fred.stlouisfed.org/series/VIXCLS
2023-09-06,VIX,14.45,https://fred.stlouisfed.org/series/VIXCLS
2023-09-07,VIX,14.4,https://fred.stlouisfed.org/series/VIXCLS
2023-09-08,VIX,13.84,https://fred.stlouisfed.org/series/VIXCLS
2023-09-11,VIX,13.8,https://fred.stlouisfed.org/series/VIXCLS
2023-09-12,VIX,14.23,https://fred.stlouisfed.org/series/VIXCLS
2023-09-13,VIX,13.48,https://fred.stlouisfed.org/series/VIXCLS
2023-09-14,VIX,12.82,https://fred.stlouisfed.org/series/VIXCLS
2023-09-15,VIX,13.79,https://fred.stlouisfed.org/series/VIXCLS
2023-09-18,VIX,14.0,https://fred.stlouisfed.org/series/VIXCLS
2023-09-19,VIX,14.11,https://fred.stlouisfed.org/series/VIXCLS
2023-09-20,VIX,15.14,https://fred.stlouisfed.org/series/VIXCLS
2023-09-21,VIX,17.54,https://fred.stlouisfed.org/series/VIXCLS
2023-09-22,VIX,17.2,https://fred.stlouisfed.org/series/VIXCLS
2023-09-25,VIX,16.9,https://fred.stlouisfed.org/series/VIXCLS
2023-09-26,VIX,18.94,https://fred.stlouisfed.org/series/VIXCLS
2023-09-27,VIX,18.22,https://fred.stlouisfed.org/series/VIXCLS
2023-09-28,VIX,17.34,https://fred.stlouisfed.org/series/VIXCLS
2023-09-29,VIX,17.52,https://fred.stlouisfed.org/series/VIXCLS
2023-10-02,VIX,17.61,https://fred.stlouisfed.org/series/VIXCLS
2023-10-03,VIX,19.78,https://fred.stlouisfed.org/series/VIXCLS
2023-10-04,VIX,18.58,https://fred.stlouisfed.org/series/VIXCLS
2023-10-05,VIX,18.49,https://fred.stlouisfed.org/series/VIXCLS
2023-10-06,VIX,17.45,https://fred.stlouisfed.org/series/VIXCLS
2023-10-09,VIX,17.7,https://fred.stlouisfed.org/series/VIXCLS
2023-10-10,VIX,17.03,https://fred.stlouisfed.org/series/VIXCLS
2023-10-11,VIX,16.09,https://fred.stlouisfed.org/series/VIXCLS
2023-10-12,VIX,16.69,https://fred.stlouisfed.org/series/VIXCLS
2023-10-13,VIX,19.32,https://fred.stlouisfed.org/series/VIXCLS
2023-10-16,VIX,17.21,https://fred.stlouisfed.org/series/VIXCLS
2023-10-17,VIX,17.88,https://fred.stlouisfed.org/series/VIXCLS
2023-10-18,VIX,19.22,https://fred.stlouisfed.org/series/VIXCLS
2023-10-19,VIX,21.4,https://fred.stlouisfed.org/series/VIXCLS
2023-10-20,VIX,21.71,https://fred.stlouisfed.org/series/VIXCLS
2023-10-23,VIX,20.37,https://fred.stlouisfed.org/series/VIXCLS
2023-10-24,VIX,18.97,https://fred.stlouisfed.org/series/VIXCLS
2023-10-25,VIX,20.19,https://fred.stlouisfed.org/series/VIXCLS
2023-10-26,VIX,20.68,https://fred.stlouisfed.org/series/VIXCLS
2023-10-27,VIX,21.27,https://fred.stlouisfed.org/series/VIXCLS
2023-10-30,VIX,19.75,https://fred.stlouisfed.org/series/VIXCLS
2023-10-31,VIX,18.14,https://fred.stlouisfed.org/series/VIXCLS
2023-11-01,VIX,16.87,https://fred.stlouisfed.org/series/VIXCLS
2023-11-02,VIX,15.66,https://fred.stlouisfed.org/series/VIXCLS
2023-11-03,VIX,14.91,https://fred.stlouisfed.org/series/VIXCLS
2023-11-06,VIX,14.89,https://fred.stlouisfed.org/series/VIXCLS
2023-11-07,VIX,14.81,https://fred.stlouisfed.org/series/VIXCLS
2023-11-08,VIX,14.45,https://fred.stlouisfed.org/series/VIXCLS
2023-11-09,VIX,15.29,https://fred.stlouisfed.org/series/VIXCLS
2023-11-10,VIX,14.17,https://fred.stlouisfed.org/series/VIXCLS
2023-11-13,VIX,14.76,https://fred.stlouisfed.org/series/VIXCLS
2023-11-14,VIX,14.16,https://fred.stlouisfed.org/series/VIXCLS
2023-11-15,VIX,14.18,https://fred.stlouisfed.org/series/VIXCLS
2023-11-16,VIX,14.32,https://fred.stlouisfed.org/series/VIXCLS
2023-11-17,VIX,13.8,https://fred.stlouisfed.org/series/VIXCLS
2023-11-20,VIX,13.41,https://fred.stlouisfed.org/series/VIXCLS
2023-11-21,VIX,13.35,https://fred.stlouisfed.org/series/VIXCLS
2023-11-22,VIX,12.85,https://fred.stlouisfed.org/series/VIXCLS
2023-11-23,VIX,12.8,https://fred.stlouisfed.org/series/VIXCLS
2023-11-24,VIX,12.46,https://fred.stlouisfed.org/series/VIXCLS
2023-11-27,VIX,12.69,https://fred.stlouisfed.org/series/VIXCLS
2023-11-28,VIX,12.69,https://fred.stlouisfed.org/series/VIXCLS
2023-11-29,VIX,12.98,https://fred.stlouisfed.org/series/VIXCLS
2023-11-30,VIX,12.92,https://fred.stlouisfed.org/series/VIXCLS
2023-12-01,VIX,12.63,https://fred.stlouisfed.org/series/VIXCLS
2023-12-04,VIX,13.08,https://fred.stlouisfed.org/series/VIXCLS
2023-12-05,VIX,12.85,https://fred.stlouisfed.org/series/VIXCLS
2023-12-06,VIX,12.97,https://fred.stlouisfed.org/series/VIXCLS
2023-12-07,VIX,13.06,https://fred.stlouisfed.org/series/VIXCLS
2023-12-08,VIX,12.35,https://fred.stlouisfed.org/series/VIXCLS
2023-12-11,VIX,12.63,https://fred.stlouisfed.org/series/VIXCLS
2023-12-12,VIX,12.07,https://fred.stlouisfed.org/series/VIXCLS
2023-12-13,VIX,12.19,https://fred.stlouisfed.org/series/VIXCLS
2023-12-14,VIX,12.48,https://fred.stlouisfed.org/series/VIXCLS
2023-12-15,VIX,12.28,https://fred.stlouisfed.org/series/VIXCLS
2023-12-18,VIX,12.56,https://fred.stlouisfed.org/series/VIXCLS
2023-12-19,VIX,12.53,https://fred.stlouisfed.org/series/VIXCLS
2023-12-20,VIX,13.67,https://fred.stlouisfed.org/series/VIXCLS
2023-12-21,VIX,13.65,https://fred.stlouisfed.org/series/VIXCLS
2023-12-22,VIX,13.03,https://fred.stlouisfed.org/series/VIXCLS
2023-12-26,VIX,12.99,https://fred.stlouisfed.org/series/VIXCLS
2023-12-27,VIX,12.43,https://fred.stlouisfed.org/series/VIXCLS
2023-12-28,VIX,12.47,https://fred.stlouisfed.org/series/VIXCLS
2023-12-29,VIX,12.45,https://fred.stlouisfed.org/series/VIXCLS
2024-01-02,VIX,13.2,https://fred.stlouisfed.org/series/VIXCLS
2024-01-03,VIX,14.04,https://fred.stlouisfed.org/series/VIXCLS
2024-01-04,VIX,14.13,https://fred.stlouisfed.org/series/VIXCLS
2024-01-05,VIX,13.35,https://fred.stlouisfed.org/series/VIXCLS
2024-01-08,VIX,13.08,https://fred.stlouisfed.org/series/VIXCLS
2024-01-09,VIX,12.76,https://fred.stlouisfed.org/series/VIXCLS
2024-01-10,VIX,12.69,https://fred.stlouisfed.org/series/VIXCLS
2024-01-11,VIX,12.44,https://fred.stlouisfed.org/series/VIXCLS
2024-01-12,VIX,12.7,https://fred.stlouisfed.org/series/VIXCLS
2024-01-15,VIX,13.25,https://fred.stlouisfed.org/series/VIXCLS
2024-01-16,VIX,13.84,https://fred.stlouisfed.org/series/VIXCLS
2024-01-17,VIX,14.79,https://fred.stlouisfed.org/series/VIXCLS
2024-01-18,VIX,14.13,https://fred.stlouisfed.org/series/VIXCLS
2024-01-19,VIX,13.3,https://fred.stlouisfed.org/series/VIXCLS
2024-01-22,VIX,13.19,https://fred.stlouisfed.org/series/VIXCLS
2024-01-23,VIX,12.55,https://fred.stlouisfed.org/series/VIXCLS
2024-01-24,VIX,13.14,https://fred.stlouisfed.org/series/VIXCLS
2024-01-25,VIX,13.45,https://fred.stlouisfed.org/series/VIXCLS
2024-01-26,VIX,13.26,https://fred.stlouisfed.org/series/VIXCLS
2024-01-29,VIX,13.6,https://fred.stlouisfed.org/series/VIXCLS
2024-01-30,VIX,13.31,https://fred.stlouisfed.org/series/VIXCLS
2024-01-31,VIX,14.35,https://fred.stlouisfed.org/series/VIXCLS
2024-02-01,VIX,13.88,https://fred.stlouisfed.org/series/VIXCLS
2024-02-02,VIX,13.85,https://fred.stlouisfed.org/series/VIXCLS
2024-02-05,VIX,13.67,https://fred.stlouisfed.org/series/VIXCLS
2024-02-06,VIX,13.06,https://fred.stlouisfed.org/series/VIXCLS
2024-02-07,VIX,12.83,https://fred.stlouisfed.org/series/VIXCLS
2024-02-08,VIX,12.79,https://fred.stlouisfed.org/series/VIXCLS
2024-02-09,VIX,12.93,https://fred.stlouisfed.org/series/VIXCLS
2024-02-12,VIX,13.93,https://fred.stlouisfed.org/series/VIXCLS
2024-02-13,VIX,15.85,https://fred.stlouisfed.org/series/VIXCLS
2024-02-14,VIX,14.38,https://fred.stlouisfed.org/series/VIXCLS
2024-02-15,VIX,14.01,https://fred.stlouisfed.org/series/VIXCLS
2024-02-16,VIX,14.24,https://fred.stlouisfed.org/series/VIXCLS
2024-02-19,VIX,14.71,https://fred.stlouisfed.org/series/VIXCLS
2024-02-20,VIX,15.42,https://fred.stlouisfed.org/series/VIXCLS
2024-02-21,VIX,15.34,https://fred.stlouisfed.org/series/VIXCLS
2024-02-22,VIX,14.54,https://fred.stlouisfed.org/series/VIXCLS
2024-02-23,VIX,13.75,https://fred.stlouisfed.org/series/VIXCLS
2024-02-26,VIX,13.74,https://fred.stlouisfed.org/series/VIXCLS
2024-02-27,VIX,13.43,https://fred.stlouisfed.org/series/VIXCLS
2024-02-28,VIX,13.84,https://fred.stlouisfed.org/series/VIXCLS
2024-02-29,VIX,13.4,https://fred.stlouisfed.org/series/VIXCLS
2024-03-01,VIX,13.11,https://fred.stlouisfed.org/series/VIXCLS
2024-03-04,VIX,13.49,https://fred.stlouisfed.org/series/VIXCLS
2024-03-05,VIX,14.46,https://fred.stlouisfed.org/series/VIXCLS
2024-03-06,VIX,14.5,https://fred.stlouisfed.org/series/VIXCLS
2024-03-07,VIX,14.44,https://fred.stlouisfed.org/series/VIXCLS
2024-03-08,VIX,14.74,https://fred.stlouisfed.org/series/VIXCLS
2024-03-11,VIX,15.22,https://fred.stlouisfed.org/series/VIXCLS
2024-03-12,VIX,13.84,https://fred.stlouisfed.org/series/VIXCLS
2024-03-13,VIX,13.75,https://fred.stlouisfed.org/series/VIXCLS
2024-03-14,VIX,14.4,https://fred.stlouisfed.org/series/VIXCLS
2024-03-15,VIX,14.41,https://fred.stlouisfed.org/series/VIXCLS
2024-03-18,VIX,14.33,https://fred.stlouisfed.org/series/VIXCLS
2024-03-19,VIX,13.82,https://fred.stlouisfed.org/series/VIXCLS
2024-03-20,VIX,13.04,https://fred.stlouisfed.org/series/VIXCLS
2024-03-21,VIX,12.92,https://fred.stlouisfed.org/series/VIXCLS
2024-03-22,VIX,13.06,https://fred.stlouisfed.org/series/VIXCLS
2024-03-25,VIX,13.19,https://fred.stlouisfed.org/series/VIXCLS
2024-03-26,VIX,13.24,https://fred.stlouisfed.org/series/VIXCLS
2024-03-27,VIX,12.78,https://fred.stlouisfed.org/series/VIXCLS
2024-03-28,VIX,13.01,https://fred.stlouisfed.org/series/VIXCLS
2024-04-01,VIX,13.65,https://fred.stlouisfed.org/series/VIXCLS
2024-04-02,VIX,14.61,https://fred.stlouisfed.org/series/VIXCLS
2024-04-03,VIX,14.33,https://fred.stlouisfed.org/series/VIXCLS
2024-04-04,VIX,16.35,https://fred.stlouisfed.org/series/VIXCLS
2024-04-05,VIX,16.03,https://fred.stlouisfed.org/series/VIXCLS
2024-04-08,VIX,15.19,https://fred.stlouisfed.org/series/VIXCLS
2024-04-09,VIX,14.98,https://fred.stlouisfed.org/series/VIXCLS
2024-04-10,VIX,15.8,https://fred.stlouisfed.org/series/VIXCLS
2024-04-11,VIX,14.91,https://fred.stlouisfed.org/series/VIXCLS
2024-04-12,VIX,17.31,https://fred.stlouisfed.org/series/VIXCLS
2024-04-15,VIX,19.23,https://fred.stlouisfed.org/series/VIXCLS
2024-04-16,VIX,18.4,https://fred.stlouisfed.org/series/VIXCLS
2024-04-17,VIX,18.21,https://fred.stlouisfed.org/series/VIXCLS
2024-04-18,VIX,18.0,https://fred.stlouisfed.org/series/VIXCLS
2024-04-19,VIX,18.71,https://fred.stlouisfed.org/series/VIXCLS
2024-04-22,VIX,16.94,https://fred.stlouisfed.org/series/VIXCLS
2024-04-23,VIX,15.69,https://fred.stlouisfed.org/series/VIXCLS
2024-04-24,VIX,15.97,https://fred.stlouisfed.org/series/VIXCLS
2024-04-25,VIX,15.37,https://fred.stlouisfed.org/series/VIXCLS
2024-04-26,VIX,15.03,https://fred.stlouisfed.org/series/VIXCLS
2024-04-29,VIX,14.67,https://fred.stlouisfed.org/series/VIXCLS
2024-04-30,VIX,15.65,https://fred.stlouisfed.org/series/VIXCLS
2024-05-01,VIX,15.39,https://fred.stlouisfed.org/series/VIXCLS
2024-05-02,VIX,14.68,https://fred.stlouisfed.org/series/VIXCLS
2024-05-03,VIX,13.49,https://fred.stlouisfed.org/series/VIXCLS
2024-05-06,VIX,13.49,https://fred.stlouisfed.org/series/VIXCLS
2024-05-07,VIX,13.23,https://fred.stlouisfed.org/series/VIXCLS
2024-05-08,VIX,13.0,https://fred.stlouisfed.org/series/VIXCLS
2024-05-09,VIX,12.69,https://fred.stlouisfed.org/series/VIXCLS
2024-05-10,VIX,12.55,https://fred.stlouisfed.org/series/VIXCLS
2024-05-13,VIX,13.6,https://fred.stlouisfed.org/series/VIXCLS
2024-05-14,VIX,13.42,https://fred.stlouisfed.org/series/VIXCLS
2024-05-15,VIX,12.45,https://fred.stlouisfed.org/series/VIXCLS
2024-05-16,VIX,12.42,https://fred.stlouisfed.org/series/VIXCLS
2024-05-17,VIX,11.99,https://fred.stlouisfed.org/series/VIXCLS
2024-05-20,VIX,12.15,https://fred.stlouisfed.org/series/VIXCLS
2024-05-21,VIX,11.86,https://fred.stlouisfed.org/series/VIXCLS
2024-05-22,VIX,12.29,https://fred.stlouisfed.org/series/VIXCLS
2024-05-23,VIX,12.77,https://fred.stlouisfed.org/series/VIXCLS
2024-05-24,VIX,11.93,https://fred.stlouisfed.org/series/VIXCLS
2024-05-27,VIX,12.36,https://fred.stlouisfed.org/series/VIXCLS
2024-05-28,VIX,12.92,https://fred.stlouisfed.org/series/VIXCLS
2024-05-29,VIX,14.28,https://fred.stlouisfed.org/series/VIXCLS
2024-05-30,VIX,14.47,https://fred.stlouisfed.org/series/VIXCLS
2024-05-31,VIX,12.92,https://fred.stlouisfed.org/series/VIXCLS
2024-06-03,VIX,13.11,https://fred.stlouisfed.org/series/VIXCLS
2024-06-04,VIX,13.16,https://fred.stlouisfed.org/series/VIXCLS
2024-06-05,VIX,12.63,https://fred.stlouisfed.org/series/VIXCLS
2024-06-06,VIX,12.58,https://fred.stlouisfed.org/series/VIXCLS
2024-06-07,VIX,12.22,https://fred.stlouisfed.org/series/VIXCLS
2024-06-10,VIX,12.74,https://fred.stlouisfed.org/series/VIXCLS
2024-06-11,VIX,12.85,https://fred.stlouisfed.org/series/VIXCLS
2024-06-12,VIX,12.04,https://fred.stlouisfed.org/series/VIXCLS
2024-06-13,VIX,11.94,https://fred.stlouisfed.org/series/VIXCLS
2024-06-14,VIX,12.66,https://fred.stlouisfed.org/series/VIXCLS
2024-06-17,VIX,12.75,https://fred.stlouisfed.org/series/VIXCLS
2024-06-18,VIX,12.3,https://fred.stlouisfed.org/series/VIXCLS
2024-06-19,VIX,12.48,https://fred.stlouisfed.org/series/VIXCLS
2024-06-20,VIX,13.28,https://fred.stlouisfed.org/series/VIXCLS
2024-06-21,VIX,13.2,https://fred.stlouisfed.org/series/VIXCLS
2024-06-24,VIX,13.33,https://fred.stlouisfed.org/series/VIXCLS
2024-06-25,VIX,12.84,https://fred.stlouisfed.org/series/VIXCLS
2024-06-26,VIX,12.55,https://fred.stlouisfed.org/series/VIXCLS
2024-06-27,VIX,12.24,https://fred.stlouisfed.org/series/VIXCLS
2024-06-28,VIX,12.44,https://fred.stlouisfed.org/series/VIXCLS
2024-07-01,VIX,12.22,https://fred.stlouisfed.org/series/VIXCLS
2024-07-02,VIX,12.03,https://fred.stlouisfed.org/series/VIXCLS
2024-07-03,VIX,12.09,https://fred.stlouisfed.org/series/VIXCLS
2024-07-04,VIX,12.26,https://fred.stlouisfed.org/series/VIXCLS
2024-07-05,VIX,12.48,https://fred.stlouisfed.org/series/VIXCLS
2024-07-08,VIX,12.37,https://fred.stlouisfed.org/series/VIXCLS
2024-07-09,VIX,12.51,https://fred.stlouisfed.org/series/VIXCLS
2024-07-10,VIX,12.85,https://fred.stlouisfed.org/series/VIXCLS
2024-07-11,VIX,12.92,https://fred.stlouisfed.org/series/VIXCLS
2024-07-12,VIX,12.46,https://fred.stlouisfed.org/series/VIXCLS
2024-07-15,VIX,13.12,https://fred.stlouisfed.org/series/VIXCLS
2024-07-16,VIX,13.19,https://fred.stlouisfed.org/series/VIXCLS
2024-07-17,VIX,14.48,https://fred.stlouisfed.org/series/VIXCLS
2024-07-18,VIX,15.93,https://fred.stlouisfed.org/series/VIXCLS
2024-07-19,VIX,16.52,https://fred.stlouisfed.org/series/VIXCLS
2024-07-22,VIX,14.91,https://fred.stlouisfed.org/series/VIXCLS
2024-07-23,VIX,14.72,https://fred.stlouisfed.org/series/VIXCLS
2024-07-24,VIX,18.04,https://fred.stlouisfed.org/series/VIXCLS
2024-07-25,VIX,18.46,https://fred.stlouisfed.org/series/VIXCLS
2024-07-26,VIX,16.39,https://fred.stlouisfed.org/series/VIXCLS
2024-07-29,VIX,16.6,https://fred.stlouisfed.org/series/VIXCLS
2024-07-30,VIX,17.69,https://fred.stlouisfed.org/series/VIXCLS
2024-07-31,VIX,16.36,https://fred.stlouisfed.org/series/VIXCLS
2024-08-01,VIX,18.59,https://fred.stlouisfed.org/series/VIXCLS
2024-08-02,VIX,23.39,https://fred.stlouisfed.org/series/VIXCLS
2024-08-05,VIX,38.57,https://fred.stlouisfed.org/series/VIXCLS
2024-08-06,VIX,27.71,https://fred.stlouisfed.org/series/VIXCLS
2024-08-07,VIX,27.85,https://fred.stlouisfed.org/series/VIXCLS
2024-08-08,VIX,23.79,https://fred.stlouisfed.org/series/VIXCLS
2024-08-09,VIX,20.37,https://fred.stlouisfed.org/series/VIXCLS
2024-08-12,VIX,20.71,https://fred.stlouisfed.org/series/VIXCLS
2024-08-13,VIX,18.12,https://fred.stlouisfed.org/series/VIXCLS
2024-08-14,VIX,16.19,https://fred.stlouisfed.org/series/VIXCLS
2024-08-15,VIX,15.23,https://fred.stlouisfed.org/series/VIXCLS
2024-08-16,VIX,14.8,https://fred.stlouisfed.org/series/VIXCLS
2024-08-19,VIX,14.65,https://fred.stlouisfed.org/series/VIXCLS
2024-08-20,VIX,15.88,https://fred.stlouisfed.org/series/VIXCLS
2024-08-21,VIX,16.27,https://fred.stlouisfed.org/series/VIXCLS
2024-08-22,VIX,17.55,https://fred.stlouisfed.org/series/VIXCLS
2024-08-23,VIX,15.86,https://fred.stlouisfed.org/series/VIXCLS
2024-08-26,VIX,16.15,https://fred.stlouisfed.org/series/VIXCLS
2024-08-27,VIX,15.43,https://fred.stlouisfed.org/series/VIXCLS
2024-08-28,VIX,17.11,https://fred.stlouisfed.org/series/VIXCLS
2024-08-29,VIX,15.65,https://fred.stlouisfed.org/series/VIXCLS
2024-08-30,VIX,15.0,https://fred.stlouisfed.org/series/VIXCLS
2024-09-02,VIX,15.55,https://fred.stlouisfed.org/series/VIXCLS
2024-09-03,VIX,20.72,https://fred.stlouisfed.org/series/VIXCLS
2024-09-04,VIX,21.32,https://fred.stlouisfed.org/series/VIXCLS
2024-09-05,VIX,19.9,https://fred.stlouisfed.org/series/VIXCLS
2024-09-06,VIX,22.38,https://fred.stlouisfed.org/series/VIXCLS
2024-09-09,VIX,19.45,https://fred.stlouisfed.org/series/VIXCLS
2024-09-10,VIX,19.08,https://fred.stlouisfed.org/series/VIXCLS
2024-09-11,VIX,17.69,https://fred.stlouisfed.org/series/VIXCLS
2024-09-12,VIX,17.07,https://fred.stlouisfed.org/series/VIXCLS
2024-09-13,VIX,16.56,https://fred.stlouisfed.org/series/VIXCLS
2024-09-16,VIX,17.14,https://fred.stlouisfed.org/series/VIXCLS
2024-09-17,VIX,17.61,https://fred.stlouisfed.org/series/VIXCLS
2024-09-18,VIX,18.23,https://fred.stlouisfed.org/series/VIXCLS
2024-09-19,VIX,16.33,https://fred.stlouisfed.org/series/VIXCLS
2024-09-20,VIX,16.15,https://fred.stlouisfed.org/series/VIXCLS
2024-09-23,VIX,15.89,https://fred.stlouisfed.org/series/VIXCLS
2024-09-24,VIX,15.39,https://fred.stlouisfed.org/series/VIXCLS
2024-09-25,VIX,15.41,https://fred.stlouisfed.org/series/VIXCLS
2024-09-26,VIX,15.37,https://fred.stlouisfed.org/series/VIXCLS
2024-09-27,VIX,16.96,https://fred.stlouisfed.org/series/VIXCLS
2024-09-30,VIX,16.73,https://fred.stlouisfed.org/series/VIXCLS
2024-10-01,VIX,19.26,https://fred.stlouisfed.org/series/VIXCLS
2024-10-02,VIX,18.9,https://fred.stlouisfed.org/series/VIXCLS
2024-10-03,VIX,20.49,https://fred.stlouisfed.org/series/VIXCLS
2024-10-04,VIX,19.21,https://fred.stlouisfed.org/series/VIXCLS
2024-10-07,VIX,22.64,https://fred.stlouisfed.org/series/VIXCLS
2024-10-08,VIX,21.42,https://fred.stlouisfed.org/series/VIXCLS
2024-10-09,VIX,20.86,https://fred.stlouisfed.org/series/VIXCLS
2024-10-10,VIX,20.93,https://fred.stlouisfed.org/series/VIXCLS
2024-10-11,VIX,20.46,https://fred.stlouisfed.org/series/VIXCLS
2024-10-14,VIX,19.7,https://fred.stlouisfed.org/series/VIXCLS
2024-10-15,VIX,20.64,https://fred.stlouisfed.org/series/VIXCLS
2024-10-16,VIX,19.58,https://fred.stlouisfed.org/series/VIXCLS
2024-10-17,VIX,19.11,https://fred.stlouisfed.org/series/VIXCLS
2024-10-18,VIX,18.03,https://fred.stlouisfed.org/series/VIXCLS
2024-10-21,VIX,18.37,https://fred.stlouisfed.org/series/VIXCLS
2024-10-22,VIX,18.2,https://fred.stlouisfed.org/series/VIXCLS
2024-10-23,VIX,19.24,https://fred.stlouisfed.org/series/VIXCLS
2024-10-24,VIX,19.08,https://fred.stlouisfed.org/series/VIXCLS
2024-10-25,VIX,20.33,https://fred.stlouisfed.org/series/VIXCLS
2024-10-28,VIX,19.8,https://fred.stlouisfed.org/series/VIXCLS
2024-10-29,VIX,19.34,https://fred.stlouisfed.org/series/VIXCLS
2024-10-30,VIX,20.35,https://fred.stlouisfed.org/series/VIXCLS
2024-10-31,VIX,23.16,https://fred.stlouisfed.org/series/VIXCLS
2024-11-01,VIX,21.88,https://fred.stlouisfed.org/series/VIXCLS
2024-11-04,VIX,21.98,https://fred.stlouisfed.org/series/VIXCLS
2024-11-05,VIX,20.49,https://fred.stlouisfed.org/series/VIXCLS
2024-11-06,VIX,16.27,https://fred.stlouisfed.org/series/VIXCLS
2024-11-07,VIX,15.2,https://fred.stlouisfed.org/series/VIXCLS
2024-11-08,VIX,14.94,https://fred.stlouisfed.org/series/VIXCLS
2024-11-11,VIX,14.97,https://fred.stlouisfed.org/series/VIXCLS
2024-11-12,VIX,14.71,https://fred.stlouisfed.org/series/VIXCLS
2024-11-13,VIX,14.02,https://fred.stlouisfed.org/series/VIXCLS
2024-11-14,VIX,14.31,https://fred.stlouisfed.org/series/VIXCLS
2024-11-15,VIX,16.14,https://fred.stlouisfed.org/series/VIXCLS
2024-11-18,VIX,15.58,https://fred.stlouisfed.org/series/VIXCLS
2024-11-19,VIX,16.35,https://fred.stlouisfed.org/series/VIXCLS
2024-11-20,VIX,17.16,https://fred.stlouisfed.org/series/VIXCLS
2024-11-21,VIX,16.87,https://fred.stlouisfed.org/series/VIXCLS
2024-11-22,VIX,15.24,https://fred.stlouisfed.org/series/VIXCLS
2024-11-25,VIX,14.6,https://fred.stlouisfed.org/series/VIXCLS
2024-11-26,VIX,14.1,https://fred.stlouisfed.org/series/VIXCLS
2024-11-27,VIX,14.1,https://fred.stlouisfed.org/series/VIXCLS
2024-11-28,VIX,13.9,https://fred.stlouisfed.org/series/VIXCLS
2024-11-29,VIX,13.51,https://fred.stlouisfed.org/series/VIXCLS
2024-12-02,VIX,13.34,https://fred.stlouisfed.org/series/VIXCLS
2024-12-03,VIX,13.3,https://fred.stlouisfed.org/series/VIXCLS
2024-12-04,VIX,13.45,https://fred.stlouisfed.org/series/VIXCLS
2024-12-05,VIX,13.54,https://fred.stlouisfed.org/series/VIXCLS
2024-12-06,VIX,12.77,https://fred.stlouisfed.org/series/VIXCLS
2024-12-09,VIX,14.19,https://fred.stlouisfed.org/series/VIXCLS
2024-12-10,VIX,14.18,https://fred.stlouisfed.org/series/VIXCLS
2024-12-11,VIX,13.58,https://fred.stlouisfed.org/series/VIXCLS
2024-12-12,VIX,13.92,https://fred.stlouisfed.org/series/VIXCLS
2024-12-13,VIX,13.81,https://fred.stlouisfed.org/series/VIXCLS
2024-12-16,VIX,14.69,https://fred.stlouisfed.org/series/VIXCLS
2024-12-17,VIX,15.87,https://fred.stlouisfed.org/series/VIXCLS
2024-12-18,VIX,27.62,https://fred.stlouisfed.org/series/VIXCLS
2024-12-19,VIX,24.09,https://fred.stlouisfed.org/series/VIXCLS
2024-12-20,VIX,18.36,https://fred.stlouisfed.org/series/VIXCLS
2024-12-23,VIX,16.78,https://fred.stlouisfed.org/series/VIXCLS
2024-12-24,VIX,14.27,https://fred.stlouisfed.org/series/VIXCLS
2024-12-26,VIX,14.73,https://fred.stlouisfed.org/series/VIXCLS
2024-12-27,VIX,15.95,https://fred.stlouisfed.org/series/VIXCLS
2024-12-30,VIX,17.4,https://fred.stlouisfed.org/series/VIXCLS
2024-12-31,VIX,17.35,https://fred.stlouisfed.org/series/VIXCLS
2025-01-02,VIX,17.93,https://fred.stlouisfed.org/series/VIXCLS
2025-01-03,VIX,16.13,https://fred.stlouisfed.org/series/VIXCLS
2025-01-06,VIX,16.04,https://fred.stlouisfed.org/series/VIXCLS
2025-01-07,VIX,17.82,https://fred.stlouisfed.org/series/VIXCLS
2025-01-08,VIX,17.7,https://fred.stlouisfed.org/series/VIXCLS
2025-01-09,VIX,18.07,https://fred.stlouisfed.org/series/VIXCLS
2025-01-10,VIX,19.54,https://fred.stlouisfed.org/series/VIXCLS
2025-01-13,VIX,19.19,https://fred.stlouisfed.org/series/VIXCLS
2025-01-14,VIX,18.71,https://fred.stlouisfed.org/series/VIXCLS
2025-01-15,VIX,16.12,https://fred.stlouisfed.org/series/VIXCLS
2025-01-16,VIX,16.6,https://fred.stlouisfed.org/series/VIXCLS
2025-01-17,VIX,15.97,https://fred.stlouisfed.org/series/VIXCLS
2025-01-20,VIX,15.81,https://fred.stlouisfed.org/series/VIXCLS
2025-01-21,VIX,15.06,https://fred.stlouisfed.org/series/VIXCLS
2025-01-22,VIX,15.1,https://fred.stlouisfed.org/series/VIXCLS
2025-01-23,VIX,15.02,https://fred.stlouisfed.org/series/VIXCLS
2025-01-24,VIX,14.85,https://fred.stlouisfed.org/series/VIXCLS
2025-01-27,VIX,17.9,https://fred.stlouisfed.org/series/VIXCLS
2025-01-28,VIX,16.41,https://fred.stlouisfed.org/series/VIXCLS
2025-01-29,VIX,16.56,https://fred.stlouisfed.org/series/VIXCLS
2025-01-30,VIX,15.84,https://fred.stlouisfed.org/series/VIXCLS
2025-01-31,VIX,16.43,https://fred.stlouisfed.org/series/VIXCLS
2025-02-03,VIX,18.62,https://fred.stlouisfed.org/series/VIXCLS
2025-02-04,VIX,17.21,https://fred.stlouisfed.org/series/VIXCLS
2025-02-05,VIX,15.77,https://fred.stlouisfed.org/series/VIXCLS
2025-02-06,VIX,15.5,https://fred.stlouisfed.org/series/VIXCLS
2025-02-07,VIX,16.54,https://fred.stlouisfed.org/series/VIXCLS
2025-02-10,VIX,15.81,https://fred.stlouisfed.org/series/VIXCLS
2025-02-11,VIX,16.02,https://fred.stlouisfed.org/series/VIXCLS
2025-02-12,VIX,15.89,https://fred.stlouisfed.org/series/VIXCLS
2025-02-13,VIX,15.1,https://fred.stlouisfed.org/series/VIXCLS
2025-02-14,VIX,14.77,https://fred.stlouisfed.org/series/VIXCLS
2025-02-17,VIX,15.37,https://fred.stlouisfed.org/series/VIXCLS
2025-02-18,VIX,15.35,https://fred.stlouisfed.org/series/VIXCLS
2025-02-19,VIX,15.27,https://fred.stlouisfed.org/series/VIXCLS
2025-02-20,VIX,15.66,https://fred.stlouisfed.org/series/VIXCLS
2025-02-21,VIX,18.21,https://fred.stlouisfed.org/series/VIXCLS
2025-02-24,VIX,18.98,https://fred.stlouisfed.org/series/VIXCLS
2025-02-25,VIX,19.43,https://fred.stlouisfed.org/series/VIXCLS
2025-02-26,VIX,19.1,https://fred.stlouisfed.org/series/VIXCLS
2025-02-27,VIX,21.13,https://fred.stlouisfed.org/series/VIXCLS
2025-02-28,VIX,19.63,https://fred.stlouisfed.org/series/VIXCLS
2025-03-03,VIX,22.78,https://fred.stlouisfed.org/series/VIXCLS
2025-03-04,VIX,23.51,https://fred.stlouisfed.org/series/VIXCLS
2025-03-05,VIX,21.93,https://fred.stlouisfed.org/series/VIXCLS
2025-03-06,VIX,24.87,https://fred.stlouisfed.org/series/VIXCLS
2025-03-07,VIX,23.37,https://fred.stlouisfed.org/series/VIXCLS
2025-03-10,VIX,27.86,https://fred.stlouisfed.org/series/VIXCLS
2025-03-11,VIX,26.92,https://fred.stlouisfed.org/series/VIXCLS
2025-03-12,VIX,24.23,https://fred.stlouisfed.org/series/VIXCLS
2025-03-13,VIX,24.66,https://fred.stlouisfed.org/series/VIXCLS
2025-03-14,VIX,21.77,https://fred.stlouisfed.org/series/VIXCLS
2025-03-17,VIX,20.51,https://fred.stlouisfed.org/series/VIXCLS
2025-03-18,VIX,21.7,https://fred.stlouisfed.org/series/VIXCLS
2025-03-19,VIX,19.9,https://fred.stlouisfed.org/series/VIXCLS
2025-03-20,VIX,19.8,https://fred.stlouisfed.org/series/VIXCLS
2025-03-21,VIX,19.28,https://fred.stlouisfed.org/series/VIXCLS
2025-03-24,VIX,17.48,https://fred.stlouisfed.org/series/VIXCLS
2025-03-25,VIX,17.15,https://fred.stlouisfed.org/series/VIXCLS
2025-03-26,VIX,18.33,https://fred.stlouisfed.org/series/VIXCLS
2025-03-27,VIX,18.69,https://fred.stlouisfed.org/series/VIXCLS
2025-03-28,VIX,21.65,https://fred.stlouisfed.org/series/VIXCLS
2025-03-31,VIX,22.28,https://fred.stlouisfed.org/series/VIXCLS
2025-04-01,VIX,21.77,https://fred.stlouisfed.org/series/VIXCLS
2025-04-02,VIX,21.51,https://fred.stlouisfed.org/series/VIXCLS
2025-04-03,VIX,30.02,https://fred.stlouisfed.org/series/VIXCLS
2025-04-04,VIX,45.31,https://fred.stlouisfed.org/series/VIXCLS
2025-04-07,VIX,46.98,https://fred.stlouisfed.org/series/VIXCLS
2025-04-08,VIX,52.33,https://fred.stlouisfed.org/series/VIXCLS
2025-04-09,VIX,33.62,https://fred.stlouisfed.org/series/VIXCLS
2025-04-10,VIX,40.72,https://fred.stlouisfed.org/series/VIXCLS
2025-04-11,VIX,37.56,https://fred.stlouisfed.org/series/VIXCLS
2025-04-14,VIX,30.89,https://fred.stlouisfed.org/series/VIXCLS
2025-04-15,VIX,30.12,https://fred.stlouisfed.org/series/VIXCLS
2025-04-16,VIX,32.64,https://fred.stlouisfed.org/series/VIXCLS
2025-04-17,VIX,29.65,https://fred.stlouisfed.org/series/VIXCLS
2025-04-21,VIX,33.82,https://fred.stlouisfed.org/series/VIXCLS
2025-04-22,VIX,30.57,https://fred.stlouisfed.org/series/VIXCLS
2025-04-23,VIX,28.45,https://fred.stlouisfed.org/series/VIXCLS
2025-04-24,VIX,26.47,https://fred.stlouisfed.org/series/VIXCLS
2025-04-25,VIX,24.84,https://fred.stlouisfed.org/series/VIXCLS
2025-04-28,VIX,25.15,https://fred.stlouisfed.org/series/VIXCLS
2025-04-29,VIX,24.17,https://fred.stlouisfed.org/series/VIXCLS
2025-04-30,VIX,24.7,https://fred.stlouisfed.org/series/VIXCLS
2025-05-01,VIX,24.6,https://fred.stlouisfed.org/series/VIXCLS
2025-05-02,VIX,22.68,https://fred.stlouisfed.org/series/VIXCLS
2025-05-05,VIX,23.64,https://fred.stlouisfed.org/series/VIXCLS
2025-05-06,VIX,24.76,https://fred.stlouisfed.org/series/VIXCLS
2025-05-07,VIX,23.55,https://fred.stlouisfed.org/series/VIXCLS
2025-05-08,VIX,22.48,https://fred.stlouisfed.org/series/VIXCLS
2025-05-09,VIX,21.9,https://fred.stlouisfed.org/series/VIXCLS
2025-05-12,VIX,18.39,https://fred.stlouisfed.org/series/VIXCLS
2025-05-13,VIX,18.22,https://fred.stlouisfed.org/series/VIXCLS
2025-05-14,VIX,18.62,https://fred.stlouisfed.org/series/VIXCLS
2025-05-15,VIX,17.83,https://fred.stlouisfed.org/series/VIXCLS
2025-05-16,VIX,17.24,https://fred.stlouisfed.org/series/VIXCLS
2025-05-19,VIX,18.14,https://fred.stlouisfed.org/series/VIXCLS
2025-05-20,VIX,18.09,https://fred.stlouisfed.org/series/VIXCLS
2025-05-21,VIX,20.87,https://fred.stlouisfed.org/series/VIXCLS
2025-05-22,VIX,20.28,https://fred.stlouisfed.org/series/VIXCLS
2025-05-23,VIX,22.29,https://fred.stlouisfed.org/series/VIXCLS
2025-05-26,VIX,20.57,https://fred.stlouisfed.org/series/VIXCLS
2025-05-27,VIX,18.96,https://fred.stlouisfed.org/series/VIXCLS
2025-05-28,VIX,19.31,https://fred.stlouisfed.org/series/VIXCLS
2025-05-29,VIX,19.18,https://fred.stlouisfed.org/series/VIXCLS
2025-05-30,VIX,18.57,https://fred.stlouisfed.org/series/VIXCLS
2025-06-02,VIX,18.36,https://fred.stlouisfed.org/series/VIXCLS
2025-06-03,VIX,17.69,https://fred.stlouisfed.org/series/VIXCLS
2025-06-04,VIX,17.61,https://fred.stlouisfed.org/series/VIXCLS
2025-06-05,VIX,18.48,https://fred.stlouisfed.org/series/VIXCLS
2025-06-06,VIX,16.77,https://fred.stlouisfed.org/series/VIXCLS
2025-06-09,VIX,17.16,https://fred.stlouisfed.org/series/VIXCLS
2025-06-10,VIX,16.95,https://fred.stlouisfed.org/series/VIXCLS
2025-06-11,VIX,17.26,https://fred.stlouisfed.org/series/VIXCLS
2025-06-12,VIX,18.02,https://fred.stlouisfed.org/series/VIXCLS
2025-06-13,VIX,20.82,https://fred.stlouisfed.org/series/VIXCLS
2025-06-16,VIX,19.11,https://fred.stlouisfed.org/series/VIXCLS
2025-06-17,VIX,21.6,https://fred.stlouisfed.org/series/VIXCLS
2025-06-18,VIX,20.14,https://fred.stlouisfed.org/series/VIXCLS
2025-06-19,VIX,22.17,https://fred.stlouisfed.org/series/VIXCLS
2025-06-20,VIX,20.62,https://fred.stlouisfed.org/series/VIXCLS
2025-06-23,VIX,19.83,https://fred.stlouisfed.org/series/VIXCLS
2025-06-24,VIX,17.48,https://fred.stlouisfed.org/series/VIXCLS
2025-06-25,VIX,16.76,https://fred.stlouisfed.org/series/VIXCLS
2025-06-26,VIX,16.59,https://fred.stlouisfed.org/series/VIXCLS
2025-06-27,VIX,16.32,https://fred.stlouisfed.org/series/VIXCLS
2025-06-30,VIX,16.73,https://fred.stlouisfed.org/series/VIXCLS
2025-07-01,VIX,16.83,https://fred.stlouisfed.org/series/VIXCLS
2025-07-02,VIX,16.64,https://fred.stlouisfed.org/series/VIXCLS
2025-07-03,VIX,16.38,https://fred.stlouisfed.org/series/VIXCLS
2025-07-04,VIX,17.48,https://fred.stlouisfed.org/series/VIXCLS
2025-07-07,VIX,17.79,https://fred.stlouisfed.org/series/VIXCLS
2025-07-08,VIX,16.81,https://fred.stlouisfed.org/series/VIXCLS
2025-07-09,VIX,15.94,https://fred.stlouisfed.org/series/VIXCLS
2025-07-10,VIX,15.78,https://fred.stlouisfed.org/series/VIXCLS
2025-07-11,VIX,16.4,https://fred.stlouisfed.org/series/VIXCLS
2025-07-14,VIX,17.2,https://fred.stlouisfed.org/series/VIXCLS
2025-07-15,VIX,17.38,https://fred.stlouisfed.org/series/VIXCLS
2025-07-16,VIX,17.16,https://fred.stlouisfed.org/series/VIXCLS
2025-07-17,VIX,16.52,https://fred.stlouisfed.org/series/VIXCLS
2025-07-18,VIX,16.41,https://fred.stlouisfed.org/series/VIXCLS
2025-07-21,VIX,16.65,https://fred.stlouisfed.org/series/VIXCLS
2025-07-22,VIX,16.5,https://fred.stlouisfed.org/series/VIXCLS
2025-07-23,VIX,15.37,https://fred.stlouisfed.org/series/VIXCLS
2025-07-24,VIX,15.39,https://fred.stlouisfed.org/series/VIXCLS
2025-07-25,VIX,14.93,https://fred.stlouisfed.org/series/VIXCLS
2025-07-28,VIX,15.03,https://fred.stlouisfed.org/series/VIXCLS
2025-07-29,VIX,15.98,https://fred.stlouisfed.org/series/VIXCLS
2025-07-30,VIX,15.48,https://fred.stlouisfed.org/series/VIXCLS
2025-07-31,VIX,16.72,https://fred.stlouisfed.org/series/VIXCLS
2025-08-01,VIX,20.38,https://fred.stlouisfed.org/series/VIXCLS
2025-08-04,VIX,17.52,https://fred.stlouisfed.org/series/VIXCLS
2025-08-05,VIX,17.85,https://fred.stlouisfed.org/series/VIXCLS
2025-08-06,VIX,16.77,https://fred.stlouisfed.org/series/VIXCLS
2025-08-07,VIX,16.57,https://fred.stlouisfed.org/series/VIXCLS
2025-08-08,VIX,15.15,https://fred.stlouisfed.org/series/VIXCLS
2025-08-11,VIX,16.25,https://fred.stlouisfed.org/series/VIXCLS
2025-08-12,VIX,14.73,https://fred.stlouisfed.org/series/VIXCLS
2025-08-13,VIX,14.49,https://fred.stlouisfed.org/series/VIXCLS
2025-08-14,VIX,14.83,https://fred.stlouisfed.org/series/VIXCLS
2025-08-15,VIX,15.09,https://fred.stlouisfed.org/series/VIXCLS
2025-08-18,VIX,14.99,https://fred.stlouisfed.org/series/VIXCLS
2025-08-19,VIX,15.57,https://fred.stlouisfed.org/series/VIXCLS
2025-08-20,VIX,15.69,https://fred.stlouisfed.org/series/VIXCLS
2025-08-21,VIX,16.6,https://fred.stlouisfed.org/series/VIXCLS
2025-08-22,VIX,14.22,https://fred.stlouisfed.org/series/VIXCLS
2025-08-25,VIX,14.79,https://fred.stlouisfed.org/series/VIXCLS
2025-08-26,VIX,14.62,https://fred.stlouisfed.org/series/VIXCLS
2025-08-27,VIX,14.85,https://fred.stlouisfed.org/series/VIXCLS
2025-08-28,VIX,14.43,https://fred.stlouisfed.org/series/VIXCLS
2025-08-29,VIX,15.36,https://fred.stlouisfed.org/series/VIXCLS
2025-09-01,VIX,16.12,https://fred.stlouisfed.org/series/VIXCLS
2025-09-02,VIX,17.17,https://fred.stlouisfed.org/series/VIXCLS
2025-09-03,VIX,16.35,https://fred.stlouisfed.org/series/VIXCLS
2025-09-04,VIX,15.3,https://fred.stlouisfed.org/series/VIXCLS
2025-09-05,VIX,15.18,https://fred.stlouisfed.org/series/VIXCLS
2025-09-08,VIX,15.11,https://fred.stlouisfed.org/series/VIXCLS
2025-09-09,VIX,15.04,https://fred.stlouisfed.org/series/VIXCLS
2025-09-10,VIX,15.35,https://fred.stlouisfed.org/series/VIXCLS
2025-09-11,VIX,14.71,https://fred.stlouisfed.org/series/VIXCLS
2025-09-12,VIX,14.76,https://fred.stlouisfed.org/series/VIXCLS
2025-09-15,VIX,15.69,https://fred.stlouisfed.org/series/VIXCLS
2025-09-16,VIX,16.36,https://fred.stlouisfed.org/series/VIXCLS
2025-09-17,VIX,15.72,https://fred.stlouisfed.org/series/VIXCLS
2025-09-18,VIX,15.7,https://fred.stlouisfed.org/series/VIXCLS
2025-09-19,VIX,15.45,https://fred.stlouisfed.org/series/VIXCLS
2025-09-22,VIX,16.1,https://fred.stlouisfed.org/series/VIXCLS
2025-09-23,VIX,16.64,https://fred.stlouisfed.org/series/VIXCLS
2025-09-24,VIX,16.18,https://fred.stlouisfed.org/series/VIXCLS
2025-09-25,VIX,16.74,https://fred.stlouisfed.org/series/VIXCLS
2025-09-26,VIX,15.29,https://fred.stlouisfed.org/series/VIXCLS
2025-09-29,VIX,16.12,https://fred.stlouisfed.org/series/VIXCLS
2025-09-30,VIX,16.28,https://fred.stlouisfed.org/series/VIXCLS
2025-10-01,VIX,16.29,https://fred.stlouisfed.org/series/VIXCLS
2025-10-02,VIX,16.63,https://fred.stlouisfed.org/series/VIXCLS
2025-10-03,VIX,16.65,https://fred.stlouisfed.org/series/VIXCLS
2025-10-06,VIX,16.37,https://fred.stlouisfed.org/series/VIXCLS
2025-10-07,VIX,17.24,https://fred.stlouisfed.org/series/VIXCLS
2025-10-08,VIX,16.3,https://fred.stlouisfed.org/series/VIXCLS
2025-10-09,VIX,16.43,https://fred.stlouisfed.org/series/VIXCLS
2025-10-10,VIX,21.66,https://fred.stlouisfed.org/series/VIXCLS
2025-10-13,VIX,19.03,https://fred.stlouisfed.org/series/VIXCLS
2025-10-14,VIX,20.81,https://fred.stlouisfed.org/series/VIXCLS
2025-10-15,VIX,20.64,https://fred.stlouisfed.org/series/VIXCLS
2025-10-16,VIX,25.31,https://fred.stlouisfed.org/series/VIXCLS
2025-10-17,VIX,20.78,https://fred.stlouisfed.org/series/VIXCLS
2025-10-20,VIX,18.23,https://fred.stlouisfed.org/series/VIXCLS
2025-10-21,VIX,17.87,https://fred.stlouisfed.org/series/VIXCLS
2025-10-22,VIX,18.6,https://fred.stlouisfed.org/series/VIXCLS
2025-10-23,VIX,17.3,https://fred.stlouisfed.org/series/VIXCLS
2025-10-24,VIX,16.37,https://fred.stlouisfed.org/series/VIXCLS
2025-10-27,VIX,15.79,https://fred.stlouisfed.org/series/VIXCLS
2025-10-28,VIX,16.42,https://fred.stlouisfed.org/series/VIXCLS
2025-10-29,VIX,16.92,https://fred.stlouisfed.org/series/VIXCLS
2025-10-30,VIX,16.91,https://fred.stlouisfed.org/series/VIXCLS
2025-10-31,VIX,17.44,https://fred.stlouisfed.org/series/VIXCLS
2025-11-03,VIX,17.17,https://fred.stlouisfed.org/series/VIXCLS
2025-11-04,VIX,19.0,https://fred.stlouisfed.org/series/VIXCLS
2025-11-05,VIX,18.01,https://fred.stlouisfed.org/series/VIXCLS
2025-11-06,VIX,19.5,https://fred.stlouisfed.org/series/VIXCLS
2025-11-07,VIX,19.08,https://fred.stlouisfed.org/series/VIXCLS
2025-11-10,VIX,17.6,https://fred.stlouisfed.org/series/VIXCLS
2025-11-11,VIX,17.28,https://fred.stlouisfed.org/series/VIXCLS
2025-11-12,VIX,17.51,https://fred.stlouisfed.org/series/VIXCLS
2025-11-13,VIX,20.0,https://fred.stlouisfed.org/series/VIXCLS
2025-11-14,VIX,19.83,https://fred.stlouisfed.org/series/VIXCLS
2025-11-17,VIX,22.38,https://fred.stlouisfed.org/series/VIXCLS
2025-11-18,VIX,24.69,https://fred.stlouisfed.org/series/VIXCLS
2025-11-19,VIX,23.66,https://fred.stlouisfed.org/series/VIXCLS
2025-11-20,VIX,26.42,https://fred.stlouisfed.org/series/VIXCLS
2025-11-21,VIX,23.43,https://fred.stlouisfed.org/series/VIXCLS
2025-11-24,VIX,20.52,https://fred.stlouisfed.org/series/VIXCLS
2025-11-25,VIX,18.56,https://fred.stlouisfed.org/series/VIXCLS
2025-11-26,VIX,17.19,https://fred.stlouisfed.org/series/VIXCLS
2025-11-27,VIX,17.21,https://fred.stlouisfed.org/series/VIXCLS
2025-11-28,VIX,16.35,https://fred.stlouisfed.org/series/VIXCLS
2025-12-01,VIX,17.24,https://fred.stlouisfed.org/series/VIXCLS
2025-12-02,VIX,16.59,https://fred.stlouisfed.org/series/VIXCLS
2025-12-03,VIX,16.08,https://fred.stlouisfed.org/series/VIXCLS
2025-12-04,VIX,15.78,https://fred.stlouisfed.org/series/VIXCLS
2025-12-05,VIX,15.41,https://fred.stlouisfed.org/series/VIXCLS
2025-12-08,VIX,16.66,https://fred.stlouisfed.org/series/VIXCLS
2025-12-09,VIX,16.93,https://fred.stlouisfed.org/series/VIXCLS
2025-12-10,VIX,15.77,https://fred.stlouisfed.org/series/VIXCLS
2025-12-11,VIX,14.85,https://fred.stlouisfed.org/series/VIXCLS
2025-12-12,VIX,15.74,https://fred.stlouisfed.org/series/VIXCLS
2025-12-15,VIX,16.5,https://fred.stlouisfed.org/series/VIXCLS
2025-12-16,VIX,16.48,https://fred.stlouisfed.org/series/VIXCLS
2025-12-17,VIX,17.62,https://fred.stlouisfed.org/series/VIXCLS
2025-12-18,VIX,16.87,https://fred.stlouisfed.org/series/VIXCLS
2025-12-19,VIX,14.91,https://fred.stlouisfed.org/series/VIXCLS
2025-12-22,VIX,14.08,https://fred.stlouisfed.org/series/VIXCLS
2025-12-23,VIX,14.0,https://fred.stlouisfed.org/series/VIXCLS
2025-12-24,VIX,13.47,https://fred.stlouisfed.org/series/VIXCLS
2025-12-26,VIX,13.6,https://fred.stlouisfed.org/series/VIXCLS
2025-12-29,VIX,14.2,https://fred.stlouisfed.org/series/VIXCLS
2025-12-30,VIX,14.33,https://fred.stlouisfed.org/series/VIXCLS
2025-12-31,VIX,14.95,https://fred.stlouisfed.org/series/VIXCLS
2026-01-02,VIX,14.51,https://fred.stlouisfed.org/series/VIXCLS
2026-01-05,VIX,14.9,https://fred.stlouisfed.org/series/VIXCLS
2026-01-06,VIX,14.75,https://fred.stlouisfed.org/series/VIXCLS
2026-01-07,VIX,15.38,https://fred.stlouisfed.org/series/VIXCLS
2026-01-08,VIX,15.45,https://fred.stlouisfed.org/series/VIXCLS
2026-01-09,VIX,14.49,https://fred.stlouisfed.org/series/VIXCLS
2026-01-12,VIX,15.12,https://fred.stlouisfed.org/series/VIXCLS
2026-01-13,VIX,15.98,https://fred.stlouisfed.org/series/VIXCLS
2026-01-14,VIX,16.75,https://fred.stlouisfed.org/series/VIXCLS
2026-01-15,VIX,15.84,https://fred.stlouisfed.org/series/VIXCLS
2026-01-16,VIX,15.86,https://fred.stlouisfed.org/series/VIXCLS
2026-01-19,VIX,18.84,https://fred.stlouisfed.org/series/VIXCLS
2026-01-20,VIX,20.09,https://fred.stlouisfed.org/series/VIXCLS
2026-01-21,VIX,16.9,https://fred.stlouisfed.org/series/VIXCLS
2026-01-22,VIX,15.64,https://fred.stlouisfed.org/series/VIXCLS
2026-01-23,VIX,16.09,https://fred.stlouisfed.org/series/VIXCLS
2026-01-26,VIX,16.15,https://fred.stlouisfed.org/series/VIXCLS
2026-01-27,VIX,16.35,https://fred.stlouisfed.org/series/VIXCLS
2026-01-28,VIX,16.35,https://fred.stlouisfed.org/series/VIXCLS
2026-01-29,VIX,16.88,https://fred.stlouisfed.org/series/VIXCLS
2026-01-30,VIX,17.44,https://fred.stlouisfed.org/series/VIXCLS
2026-02-02,VIX,16.34,https://fred.stlouisfed.org/series/VIXCLS
2026-02-03,VIX,18.0,https://fred.stlouisfed.org/series/VIXCLS
2026-02-04,VIX,18.64,https://fred.stlouisfed.org/series/VIXCLS
2026-02-05,VIX,21.77,https://fred.stlouisfed.org/series/VIXCLS
2026-02-06,VIX,17.76,https://fred.stlouisfed.org/series/VIXCLS
2026-02-09,VIX,17.36,https://fred.stlouisfed.org/series/VIXCLS
2026-02-10,VIX,17.79,https://fred.stlouisfed.org/series/VIXCLS
2026-02-11,VIX,17.65,https://fred.stlouisfed.org/series/VIXCLS
2026-02-12,VIX,20.82,https://fred.stlouisfed.org/series/VIXCLS
2026-02-13,VIX,20.6,https://fred.stlouisfed.org/series/VIXCLS
2026-02-16,VIX,21.2,https://fred.stlouisfed.org/series/VIXCLS
2026-02-17,VIX,20.29,https://fred.stlouisfed.org/series/VIXCLS
2026-02-18,VIX,19.62,https://fred.stlouisfed.org/series/VIXCLS
2026-02-19,VIX,20.23,https://fred.stlouisfed.org/series/VIXCLS
2026-02-20,VIX,19.09,https://fred.stlouisfed.org/series/VIXCLS
2026-02-23,VIX,21.01,https://fred.stlouisfed.org/series/VIXCLS
2026-02-24,VIX,19.55,https://fred.stlouisfed.org/series/VIXCLS
2026-02-25,VIX,17.93,https://fred.stlouisfed.org/series/VIXCLS
2026-02-26,VIX,18.63,https://fred.stlouisfed.org/series/VIXCLS
2026-02-27,VIX,19.86,https://fred.stlouisfed.org/series/VIXCLS
2026-03-02,VIX,21.44,https://fred.stlouisfed.org/series/VIXCLS
2026-03-03,VIX,23.57,https://fred.stlouisfed.org/series/VIXCLS
2026-03-04,VIX,21.15,https://fred.stlouisfed.org/series/VIXCLS
2026-03-05,VIX,23.75,https://fred.stlouisfed.org/series/VIXCLS
2026-03-06,VIX,29.49,https://fred.stlouisfed.org/series/VIXCLS
2026-03-09,VIX,25.5,https://fred.stlouisfed.org/series/VIXCLS
2026-03-10,VIX,24.93,https://fred.stlouisfed.org/series/VIXCLS
2026-03-11,VIX,24.23,https://fred.stlouisfed.org/series/VIXCLS
2026-03-12,VIX,27.29,https://fred.stlouisfed.org/series/VIXCLS
2026-03-13,VIX,27.19,https://fred.stlouisfed.org/series/VIXCLS
2026-03-16,VIX,23.51,https://fred.stlouisfed.org/series/VIXCLS
2026-03-17,VIX,22.37,https://fred.stlouisfed.org/series/VIXCLS
2026-03-18,VIX,25.09,https://fred.stlouisfed.org/series/VIXCLS
2026-03-19,VIX,24.06,https://fred.stlouisfed.org/series/VIXCLS
2026-03-20,VIX,26.78,https://fred.stlouisfed.org/series/VIXCLS
2026-03-23,VIX,26.15,https://fred.stlouisfed.org/series/VIXCLS
2026-03-24,VIX,26.95,https://fred.stlouisfed.org/series/VIXCLS
2026-03-25,VIX,25.33,https://fred.stlouisfed.org/series/VIXCLS
2026-03-26,VIX,27.44,https://fred.stlouisfed.org/series/VIXCLS
2026-03-27,VIX,31.05,https://fred.stlouisfed.org/series/VIXCLS
2026-03-30,VIX,30.61,https://fred.stlouisfed.org/series/VIXCLS
2026-03-31,VIX,25.25,https://fred.stlouisfed.org/series/VIXCLS
2026-04-01,VIX,24.54,https://fred.stlouisfed.org/series/VIXCLS
2026-04-02,VIX,23.87,https://fred.stlouisfed.org/series/VIXCLS
2026-04-06,VIX,24.17,https://fred.stlouisfed.org/series/VIXCLS
2026-04-07,VIX,25.78,https://fred.stlouisfed.org/series/VIXCLS
2026-04-08,VIX,21.04,https://fred.stlouisfed.org/series/VIXCLS
2026-04-09,VIX,19.49,https://fred.stlouisfed.org/series/VIXCLS
2026-04-10,VIX,19.23,https://fred.stlouisfed.org/series/VIXCLS
2026-04-13,VIX,19.12,https://fred.stlouisfed.org/series/VIXCLS
2026-04-14,VIX,18.36,https://fred.stlouisfed.org/series/VIXCLS
2026-04-15,VIX,18.17,https://fred.stlouisfed.org/series/VIXCLS
2026-04-16,VIX,17.94,https://fred.stlouisfed.org/series/VIXCLS
2026-04-17,VIX,17.48,https://fred.stlouisfed.org/series/VIXCLS
2026-04-20,VIX,18.87,https://fred.stlouisfed.org/series/VIXCLS
2026-04-21,VIX,19.5,https://fred.stlouisfed.org/series/VIXCLS
2026-04-22,VIX,18.92,https://fred.stlouisfed.org/series/VIXCLS
2026-04-23,VIX,19.31,https://fred.stlouisfed.org/series/VIXCLS
2026-04-24,VIX,18.71,https://fred.stlouisfed.org/series/VIXCLS
2026-04-27,VIX,18.02,https://fred.stlouisfed.org/series/VIXCLS
2026-04-28,VIX,17.83,https://fred.stlouisfed.org/series/VIXCLS
2026-04-29,VIX,18.81,https://fred.stlouisfed.org/series/VIXCLS
2026-04-30,VIX,16.89,https://fred.stlouisfed.org/series/VIXCLS
2026-05-01,VIX,16.99,https://fred.stlouisfed.org/series/VIXCLS
2026-05-04,VIX,18.29,https://fred.stlouisfed.org/series/VIXCLS
2026-05-05,VIX,17.38,https://fred.stlouisfed.org/series/VIXCLS
2026-05-06,VIX,17.39,https://fred.stlouisfed.org/series/VIXCLS
2026-05-07,VIX,17.08,https://fred.stlouisfed.org/series/VIXCLS
2026-05-08,VIX,17.19,https://fred.stlouisfed.org/series/VIXCLS
2026-05-11,VIX,18.38,https://fred.stlouisfed.org/series/VIXCLS
2026-05-12,VIX,17.99,https://fred.stlouisfed.org/series/VIXCLS
2026-05-13,VIX,17.87,https://fred.stlouisfed.org/series/VIXCLS
2026-05-14,VIX,17.26,https://fred.stlouisfed.org/series/VIXCLS
2026-05-15,VIX,18.43,https://fred.stlouisfed.org/series/VIXCLS
2026-05-18,VIX,17.82,https://fred.stlouisfed.org/series/VIXCLS
2026-05-19,VIX,18.06,https://fred.stlouisfed.org/series/VIXCLS
2026-05-20,VIX,17.44,https://fred.stlouisfed.org/series/VIXCLS
2026-05-21,VIX,16.76,https://fred.stlouisfed.org/series/VIXCLS
2026-05-22,VIX,16.7,https://fred.stlouisfed.org/series/VIXCLS
2026-05-25,VIX,16.59,https://fred.stlouisfed.org/series/VIXCLS
2026-05-26,VIX,17.01,https://fred.stlouisfed.org/series/VIXCLS
2026-05-27,VIX,16.29,https://fred.stlouisfed.org/series/VIXCLS
2026-05-28,VIX,15.74,https://fred.stlouisfed.org/series/VIXCLS
2026-05-29,VIX,15.32,https://fred.stlouisfed.org/series/VIXCLS
2026-06-01,VIX,16.05,https://fred.stlouisfed.org/series/VIXCLS
2026-06-02,VIX,15.77,https://fred.stlouisfed.org/series/VIXCLS
2026-06-03,VIX,16.06,https://fred.stlouisfed.org/series/VIXCLS
2026-06-04,VIX,15.4,https://fred.stlouisfed.org/series/VIXCLS
2026-06-05,VIX,21.51,https://fred.stlouisfed.org/series/VIXCLS
2026-06-08,VIX,18.92,https://fred.stlouisfed.org/series/VIXCLS
2026-06-09,VIX,19.87,https://fred.stlouisfed.org/series/VIXCLS
2026-06-10,VIX,22.22,https://fred.stlouisfed.org/series/VIXCLS
2026-06-11,VIX,19.44,https://fred.stlouisfed.org/series/VIXCLS
2026-06-12,VIX,17.68,https://fred.stlouisfed.org/series/VIXCLS
2026-06-15,VIX,16.2,https://fred.stlouisfed.org/series/VIXCLS
2026-06-16,VIX,16.41,https://fred.stlouisfed.org/series/VIXCLS
2026-06-17,VIX,18.44,https://fred.stlouisfed.org/series/VIXCLS
2026-06-18,VIX,16.4,https://fred.stlouisfed.org/series/VIXCLS
2026-06-19,VIX,16.78,https://fred.stlouisfed.org/series/VIXCLS
2026-06-22,VIX,17.28,https://fred.stlouisfed.org/series/VIXCLS
2026-06-23,VIX,19.49,https://fred.stlouisfed.org/series/VIXCLS
2026-06-24,VIX,18.63,https://fred.stlouisfed.org/series/VIXCLS
2026-06-25,VIX,18.89,https://fred.stlouisfed.org/series/VIXCLS
2026-06-26,VIX,18.41,https://fred.stlouisfed.org/series/VIXCLS
2026-06-29,VIX,17.65,https://fred.stlouisfed.org/series/VIXCLS
2026-06-30,VIX,16.45,https://fred.stlouisfed.org/series/VIXCLS
2026-07-01,VIX,16.59,https://fred.stlouisfed.org/series/VIXCLS
2026-07-02,VIX,16.15,https://fred.stlouisfed.org/series/VIXCLS
2026-07-03,VIX,15.81,https://fred.stlouisfed.org/series/VIXCLS
2026-07-06,VIX,15.57,https://fred.stlouisfed.org/series/VIXCLS
2026-07-07,VIX,16.13,https://fred.stlouisfed.org/series/VIXCLS
2026-07-08,VIX,16.9,https://fred.stlouisfed.org/series/VIXCLS
2026-07-09,VIX,15.84,https://fred.stlouisfed.org/series/VIXCLS
2026-07-10,VIX,15.03,https://fred.stlouisfed.org/series/VIXCLS
2026-07-13,VIX,17.16,https://fred.stlouisfed.org/series/VIXCLS
2026-07-14,VIX,16.5,https://fred.stlouisfed.org/series/VIXCLS
2026-07-15,VIX,15.67,https://fred.stlouisfed.org/series/VIXCLS
2026-07-16,VIX,16.73,https://fred.stlouisfed.org/series/VIXCLS
2026-07-17,VIX,18.77,https://fred.stlouisfed.org/series/VIXCLS
2026-07-20,VIX,18.65,https://fred.stlouisfed.org/series/VIXCLS
2026-07-21,VIX,17.05,https://fred.stlouisfed.org/series/VIXCLS
2026-07-22,VIX,16.64,https://fred.stlouisfed.org/series/VIXCLS
2026-07-23,VIX,18.7,https://fred.stlouisfed.org/series/VIXCLS
2026-07-24,VIX,18.58,https://fred.stlouisfed.org/series/VIXCLS
2026-07-27,VIX,18.67,https://fred.stlouisfed.org/series/VIXCLS
2026-07-28,VIX,18.21,https://fred.stlouisfed.org/series/VIXCLS
2026-07-29,VIX,20.66,https://fred.stlouisfed.org/series/VIXCLS
2026-07-30,VIX,17.09,https://fred.stlouisfed.org/series/VIXCLS
2026-07-31,VIX,15.99,https://fred.stlouisfed.org/series/VIXCLS
2026-08-03,VIX,15.86,https://fred.stlouisfed.org/series/VIXCLS
2026-08-04,VIX,16.5,https://fred.stlouisfed.org/series/VIXCLS
2026-08-05,VIX,15.81,https://fred.stlouisfed.org/series/VIXCLS
2026-08-06,VIX,15.15,https://fred.stlouisfed.org/series/VIXCLS
2026-08-07,VIX,14.9,https://fred.stlouisfed.org/series/VIXCLS
2026-08-10,VIX,15.46,https://fred.stlouisfed.org/series/VIXCLS
2026-08-11,VIX,15.28,https://fred.stlouisfed.org/series/VIXCLS
2026-08-12,VIX,14.55,https://fred.stlouisfed.org/series/VIXCLS
2026-08-13,VIX,14.63,https://fred.stlouisfed.org/series/VIXCLS
2026-08-14,VIX,14.25,https://fred.stlouisfed.org/series/VIXCLS
2026-08-17,VIX,15.19,https://fred.stlouisfed.org/series/VIXCLS
2026-08-18,VIX,15.84,https://fred.stlouisfed.org/series/VIXCLS
2026-08-19,VIX,14.89,https://fred.stlouisfed.org/series/VIXCLS
2026-08-20,VIX,16.01,https://fred.stlouisfed.org/series/VIXCLS
2026-08-21,VIX,15.13,https://fred.stlouisfed.org/series/VIXCLS
2026-08-24,VIX,15.85,https://fred.stlouisfed.org/series/VIXCLS
2026-08-25,VIX,15.45,https://fred.stlouisfed.org/series/VIXCLS
2026-08-26,VIX,15.21,https://fred.stlouisfed.org/series/VIXCLS
2026-08-27,VIX,14.51,https://fred.stlouisfed.org/series/VIXCLS
2026-08-28,VIX,14.43,https://fred.stlouisfed.org/series/VIXCLS
2026-08-31,VIX,14.92,https://fred.stlouisfed.org/series/VIXCLS
2026-09-01,VIX,16.34,https://fred.stlouisfed.org/series/VIXCLS
2026-09-02,VIX,15.2,https://fred.stlouisfed.org/series/VIXCLS
2026-09-03,VIX,14.32,https://fred.stlouisfed.org/series/VIXCLS
2026-09-04,VIX,14.53,https://fred.stlouisfed.org/series/VIXCLS
2026-09-07,VIX,15.3,https://fred.stlouisfed.org/series/VIXCLS
2026-09-08,VIX,15.72,https://fred.stlouisfed.org/series/VIXCLS
2026-09-09,VIX,16.46,https://fred.stlouisfed.org/series/VIXCLS
2026-09-10,VIX,17.84,https://fred.stlouisfed.org/series/VIXCLS
2026-09-11,VIX,15.84,https://fred.stlouisfed.org/series/VIXCLS
2026-09-14,VIX,17.1,https://fred.stlouisfed.org/series/VIXCLS
2026-09-15,VIX,17.2,https://fred.stlouisfed.org/series/VIXCLS
2026-09-16,VIX,17.71,https://fred.stlouisfed.org/series/VIXCLS
2026-09-17,VIX,15.44,https://fred.stlouisfed.org/series/VIXCLS
2026-09-18,VIX,14.81,https://fred.stlouisfed.org/series/VIXCLS
2026-09-21,VIX,14.87,https://fred.stlouisfed.org/series/VIXCLS
2026-09-22,VIX,14.21,https://fred.stlouisfed.org/series/VIXCLS
2021-09-01,경상수지,9308.2,https://ecos.bok.or.kr
2021-10-01,경상수지,7357.7,https://ecos.bok.or.kr
2021-11-01,경상수지,6534.6,https://ecos.bok.or.kr
2021-12-01,경상수지,5689.5,https://ecos.bok.or.kr
2022-01-01,경상수지,1646.4,https://ecos.bok.or.kr
2022-02-01,경상수지,5263.3,https://ecos.bok.or.kr
2022-03-01,경상수지,7131.1,https://ecos.bok.or.kr
2022-04-01,경상수지,-539.6,https://ecos.bok.or.kr
2022-05-01,경상수지,4202.3,https://ecos.bok.or.kr
2022-06-01,경상수지,5972.9,https://ecos.bok.or.kr
2022-07-01,경상수지,1619.8,https://ecos.bok.or.kr
2022-08-01,경상수지,-4363.0,https://ecos.bok.or.kr
2022-09-01,경상수지,1810.1,https://ecos.bok.or.kr
2022-10-01,경상수지,472.9,https://ecos.bok.or.kr
2022-11-01,경상수지,-1842.5,https://ecos.bok.or.kr
2022-12-01,경상수지,1864.7,https://ecos.bok.or.kr
2023-01-01,경상수지,-9056.0,https://ecos.bok.or.kr
2023-02-01,경상수지,-1859.9,https://ecos.bok.or.kr
2023-03-01,경상수지,-1213.5,https://ecos.bok.or.kr
2023-04-01,경상수지,-2891.1,https://ecos.bok.or.kr
2023-05-01,경상수지,2023.6,https://ecos.bok.or.kr
2023-06-01,경상수지,3923.7,https://ecos.bok.or.kr
2023-07-01,경상수지,3715.3,https://ecos.bok.or.kr
2023-08-01,경상수지,6232.9,https://ecos.bok.or.kr
2023-09-01,경상수지,7548.7,https://ecos.bok.or.kr
2023-10-01,경상수지,8417.3,https://ecos.bok.or.kr
2023-11-01,경상수지,6721.2,https://ecos.bok.or.kr
2023-12-01,경상수지,8968.0,https://ecos.bok.or.kr
2024-01-01,경상수지,3511.9,https://ecos.bok.or.kr
2024-02-01,경상수지,6802.1,https://ecos.bok.or.kr
2024-03-01,경상수지,7826.8,https://ecos.bok.or.kr
2024-04-01,경상수지,773.8,https://ecos.bok.or.kr
2024-05-01,경상수지,9277.4,https://ecos.bok.or.kr
2024-06-01,경상수지,13431.5,https://ecos.bok.or.kr
2024-07-01,경상수지,9022.6,https://ecos.bok.or.kr
2024-08-01,경상수지,5899.8,https://ecos.bok.or.kr
2024-09-01,경상수지,11368.5,https://ecos.bok.or.kr
2024-10-01,경상수지,9861.5,https://ecos.bok.or.kr
2024-11-01,경상수지,9456.6,https://ecos.bok.or.kr
2024-12-01,경상수지,12741.0,https://ecos.bok.or.kr
2025-01-01,경상수지,2678.0,https://ecos.bok.or.kr
2025-02-01,경상수지,7225.2,https://ecos.bok.or.kr
2025-03-01,경상수지,9583.2,https://ecos.bok.or.kr
2025-04-01,경상수지,4510.6,https://ecos.bok.or.kr
2025-05-01,경상수지,9906.7,https://ecos.bok.or.kr
2025-06-01,경상수지,13968.5,https://ecos.bok.or.kr
2025-07-01,경상수지,11945.1,https://ecos.bok.or.kr
2025-08-01,경상수지,9848.0,https://ecos.bok.or.kr
2025-09-01,경상수지,14220.3,https://ecos.bok.or.kr
2025-10-01,경상수지,7567.6,https://ecos.bok.or.kr
2025-11-01,경상수지,12898.0,https://ecos.bok.or.kr
2025-12-01,경상수지,18702.6,https://ecos.bok.or.kr
2026-01-01,경상수지,13259.1,https://ecos.bok.or.kr
2026-02-01,경상수지,23192.7,https://ecos.bok.or.kr
2026-03-01,경상수지,37928.4,https://ecos.bok.or.kr
2026-04-01,경상수지,28292.3,https://ecos.bok.or.kr
2026-05-01,경상수지,38607.4,https://ecos.bok.or.kr
2026-06-01,경상수지,49730.4,https://ecos.bok.or.kr
2026-07-01,경상수지,42078.0,https://ecos.bok.or.kr
2021-09-01,구리,9324.7095,https://fred.stlouisfed.org/series/PCOPPUSDM
2021-10-01,구리,9829.219,https://fred.stlouisfed.org/series/PCOPPUSDM
2021-11-01,구리,9728.9045,https://fred.stlouisfed.org/series/PCOPPUSDM
2021-12-01,구리,9551.18,https://fred.stlouisfed.org/series/PCOPPUSDM
2022-01-01,구리,9782.3375,https://fred.stlouisfed.org/series/PCOPPUSDM
2022-02-01,구리,9943.175,https://fred.stlouisfed.org/series/PCOPPUSDM
2022-03-01,구리,10230.8939,https://fred.stlouisfed.org/series/PCOPPUSDM
2022-04-01,구리,10174.3476,https://fred.stlouisfed.org/series/PCOPPUSDM
2022-05-01,구리,9395.0273,https://fred.stlouisfed.org/series/PCOPPUSDM
2022-06-01,구리,9067.5518,https://fred.stlouisfed.org/series/PCOPPUSDM
2022-07-01,구리,7544.8095,https://fred.stlouisfed.org/series/PCOPPUSDM
2022-08-01,구리,7990.8122,https://fred.stlouisfed.org/series/PCOPPUSDM
2022-09-01,구리,7746.0114,https://fred.stlouisfed.org/series/PCOPPUSDM
2022-10-01,구리,7651.0829,https://fred.stlouisfed.org/series/PCOPPUSDM
2022-11-01,구리,8049.8614,https://fred.stlouisfed.org/series/PCOPPUSDM
2022-12-01,구리,8371.0914,https://fred.stlouisfed.org/series/PCOPPUSDM
2023-01-01,구리,9007.3464,https://fred.stlouisfed.org/series/PCOPPUSDM
2023-02-01,구리,8936.587,https://fred.stlouisfed.org/series/PCOPPUSDM
2023-03-01,구리,8856.3109,https://fred.stlouisfed.org/series/PCOPPUSDM
2023-04-01,구리,8809.1575,https://fred.stlouisfed.org/series/PCOPPUSDM
2023-05-01,구리,8243.1561,https://fred.stlouisfed.org/series/PCOPPUSDM
2023-06-01,구리,8396.5177,https://fred.stlouisfed.org/series/PCOPPUSDM
2023-07-01,구리,8476.679,https://fred.stlouisfed.org/series/PCOPPUSDM
2023-08-01,구리,8347.8283,https://fred.stlouisfed.org/series/PCOPPUSDM
2023-09-01,구리,8276.7138,https://fred.stlouisfed.org/series/PCOPPUSDM
2023-10-01,구리,7941.3559,https://fred.stlouisfed.org/series/PCOPPUSDM
2023-11-01,구리,8189.5877,https://fred.stlouisfed.org/series/PCOPPUSDM
2023-12-01,구리,8407.9005,https://fred.stlouisfed.org/series/PCOPPUSDM
2024-01-01,구리,8351.3396,https://fred.stlouisfed.org/series/PCOPPUSDM
2024-02-01,구리,8304.9505,https://fred.stlouisfed.org/series/PCOPPUSDM
2024-03-01,구리,8692.819,https://fred.stlouisfed.org/series/PCOPPUSDM
2024-04-01,구리,9445.5936,https://fred.stlouisfed.org/series/PCOPPUSDM
2024-05-01,구리,10117.1635,https://fred.stlouisfed.org/series/PCOPPUSDM
2024-06-01,구리,9648.167,https://fred.stlouisfed.org/series/PCOPPUSDM
2024-07-01,구리,9385.313,https://fred.stlouisfed.org/series/PCOPPUSDM
2024-08-01,구리,8981.1177,https://fred.stlouisfed.org/series/PCOPPUSDM
2024-09-01,구리,9259.1286,https://fred.stlouisfed.org/series/PCOPPUSDM
2024-10-01,구리,9533.9913,https://fred.stlouisfed.org/series/PCOPPUSDM
2024-11-01,구리,9075.7271,https://fred.stlouisfed.org/series/PCOPPUSDM
2024-12-01,구리,8909.9077,https://fred.stlouisfed.org/series/PCOPPUSDM
2025-01-01,구리,8976.6804,https://fred.stlouisfed.org/series/PCOPPUSDM
2025-02-01,구리,9330.975,https://fred.stlouisfed.org/series/PCOPPUSDM
2025-03-01,구리,9735.8233,https://fred.stlouisfed.org/series/PCOPPUSDM
2025-04-01,구리,9172.6959,https://fred.stlouisfed.org/series/PCOPPUSDM
2025-05-01,구리,9531.2009,https://fred.stlouisfed.org/series/PCOPPUSDM
2025-06-01,구리,9835.0681,https://fred.stlouisfed.org/series/PCOPPUSDM
2025-07-01,구리,9770.5804,https://fred.stlouisfed.org/series/PCOPPUSDM
2025-08-01,구리,9671.8757,https://fred.stlouisfed.org/series/PCOPPUSDM
2025-09-01,구리,9994.7732,https://fred.stlouisfed.org/series/PCOPPUSDM
2025-10-01,구리,10739.9183,https://fred.stlouisfed.org/series/PCOPPUSDM
2025-11-01,구리,10812.028,https://fred.stlouisfed.org/series/PCOPPUSDM
2025-12-01,구리,11790.9641,https://fred.stlouisfed.org/series/PCOPPUSDM
2026-01-01,구리,12986.6068,https://fred.stlouisfed.org/series/PCOPPUSDM
2026-02-01,구리,12951.345,https://fred.stlouisfed.org/series/PCOPPUSDM
2026-03-01,구리,12528.7095,https://fred.stlouisfed.org/series/PCOPPUSDM
2026-04-01,구리,12890.6877,https://fred.stlouisfed.org/series/PCOPPUSDM
2026-05-01,구리,13512.1562,https://fred.stlouisfed.org/series/PCOPPUSDM
2026-06-01,구리,13552.0409,https://fred.stlouisfed.org/series/PCOPPUSDM
2026-07-01,구리,13542.8209,https://fred.stlouisfed.org/series/PCOPPUSDM
2021-09-01,미국국채2년,0.2,https://fred.stlouisfed.org/series/DGS2
2021-09-02,미국국채2년,0.2,https://fred.stlouisfed.org/series/DGS2
2021-09-03,미국국채2년,0.21,https://fred.stlouisfed.org/series/DGS2
2021-09-07,미국국채2년,0.22,https://fred.stlouisfed.org/series/DGS2
2021-09-08,미국국채2년,0.22,https://fred.stlouisfed.org/series/DGS2
2021-09-09,미국국채2년,0.23,https://fred.stlouisfed.org/series/DGS2
2021-09-10,미국국채2년,0.23,https://fred.stlouisfed.org/series/DGS2
2021-09-13,미국국채2년,0.21,https://fred.stlouisfed.org/series/DGS2
2021-09-14,미국국채2년,0.21,https://fred.stlouisfed.org/series/DGS2
2021-09-15,미국국채2년,0.21,https://fred.stlouisfed.org/series/DGS2
2021-09-16,미국국채2년,0.23,https://fred.stlouisfed.org/series/DGS2
2021-09-17,미국국채2년,0.23,https://fred.stlouisfed.org/series/DGS2
2021-09-20,미국국채2년,0.23,https://fred.stlouisfed.org/series/DGS2
2021-09-21,미국국채2년,0.22,https://fred.stlouisfed.org/series/DGS2
2021-09-22,미국국채2년,0.25,https://fred.stlouisfed.org/series/DGS2
2021-09-23,미국국채2년,0.27,https://fred.stlouisfed.org/series/DGS2
2021-09-24,미국국채2년,0.29,https://fred.stlouisfed.org/series/DGS2
2021-09-27,미국국채2년,0.31,https://fred.stlouisfed.org/series/DGS2
2021-09-28,미국국채2년,0.31,https://fred.stlouisfed.org/series/DGS2
2021-09-29,미국국채2년,0.3,https://fred.stlouisfed.org/series/DGS2
2021-09-30,미국국채2년,0.28,https://fred.stlouisfed.org/series/DGS2
2021-10-01,미국국채2년,0.27,https://fred.stlouisfed.org/series/DGS2
2021-10-04,미국국채2년,0.27,https://fred.stlouisfed.org/series/DGS2
2021-10-05,미국국채2년,0.28,https://fred.stlouisfed.org/series/DGS2
2021-10-06,미국국채2년,0.3,https://fred.stlouisfed.org/series/DGS2
2021-10-07,미국국채2년,0.32,https://fred.stlouisfed.org/series/DGS2
2021-10-08,미국국채2년,0.32,https://fred.stlouisfed.org/series/DGS2
2021-10-12,미국국채2년,0.35,https://fred.stlouisfed.org/series/DGS2
2021-10-13,미국국채2년,0.37,https://fred.stlouisfed.org/series/DGS2
2021-10-14,미국국채2년,0.36,https://fred.stlouisfed.org/series/DGS2
2021-10-15,미국국채2년,0.41,https://fred.stlouisfed.org/series/DGS2
2021-10-18,미국국채2년,0.44,https://fred.stlouisfed.org/series/DGS2
2021-10-19,미국국채2년,0.41,https://fred.stlouisfed.org/series/DGS2
2021-10-20,미국국채2년,0.4,https://fred.stlouisfed.org/series/DGS2
2021-10-21,미국국채2년,0.45,https://fred.stlouisfed.org/series/DGS2
2021-10-22,미국국채2년,0.48,https://fred.stlouisfed.org/series/DGS2
2021-10-25,미국국채2년,0.47,https://fred.stlouisfed.org/series/DGS2
2021-10-26,미국국채2년,0.47,https://fred.stlouisfed.org/series/DGS2
2021-10-27,미국국채2년,0.5,https://fred.stlouisfed.org/series/DGS2
2021-10-28,미국국채2년,0.5,https://fred.stlouisfed.org/series/DGS2
2021-10-29,미국국채2년,0.48,https://fred.stlouisfed.org/series/DGS2
2021-11-01,미국국채2년,0.5,https://fred.stlouisfed.org/series/DGS2
2021-11-02,미국국채2년,0.46,https://fred.stlouisfed.org/series/DGS2
2021-11-03,미국국채2년,0.47,https://fred.stlouisfed.org/series/DGS2
2021-11-04,미국국채2년,0.41,https://fred.stlouisfed.org/series/DGS2
2021-11-05,미국국채2년,0.39,https://fred.stlouisfed.org/series/DGS2
2021-11-08,미국국채2년,0.45,https://fred.stlouisfed.org/series/DGS2
2021-11-09,미국국채2년,0.41,https://fred.stlouisfed.org/series/DGS2
2021-11-10,미국국채2년,0.51,https://fred.stlouisfed.org/series/DGS2
2021-11-12,미국국채2년,0.53,https://fred.stlouisfed.org/series/DGS2
2021-11-15,미국국채2년,0.53,https://fred.stlouisfed.org/series/DGS2
2021-11-16,미국국채2년,0.54,https://fred.stlouisfed.org/series/DGS2
2021-11-17,미국국채2년,0.52,https://fred.stlouisfed.org/series/DGS2
2021-11-18,미국국채2년,0.52,https://fred.stlouisfed.org/series/DGS2
2021-11-19,미국국채2년,0.52,https://fred.stlouisfed.org/series/DGS2
2021-11-22,미국국채2년,0.63,https://fred.stlouisfed.org/series/DGS2
2021-11-23,미국국채2년,0.6,https://fred.stlouisfed.org/series/DGS2
2021-11-24,미국국채2년,0.64,https://fred.stlouisfed.org/series/DGS2
2021-11-26,미국국채2년,0.5,https://fred.stlouisfed.org/series/DGS2
2021-11-29,미국국채2년,0.51,https://fred.stlouisfed.org/series/DGS2
2021-11-30,미국국채2년,0.52,https://fred.stlouisfed.org/series/DGS2
2021-12-01,미국국채2년,0.56,https://fred.stlouisfed.org/series/DGS2
2021-12-02,미국국채2년,0.63,https://fred.stlouisfed.org/series/DGS2
2021-12-03,미국국채2년,0.6,https://fred.stlouisfed.org/series/DGS2
2021-12-06,미국국채2년,0.65,https://fred.stlouisfed.org/series/DGS2
2021-12-07,미국국채2년,0.7,https://fred.stlouisfed.org/series/DGS2
2021-12-08,미국국채2년,0.68,https://fred.stlouisfed.org/series/DGS2
2021-12-09,미국국채2년,0.7,https://fred.stlouisfed.org/series/DGS2
2021-12-10,미국국채2년,0.67,https://fred.stlouisfed.org/series/DGS2
2021-12-13,미국국채2년,0.66,https://fred.stlouisfed.org/series/DGS2
2021-12-14,미국국채2년,0.67,https://fred.stlouisfed.org/series/DGS2
2021-12-15,미국국채2년,0.69,https://fred.stlouisfed.org/series/DGS2
2021-12-16,미국국채2년,0.64,https://fred.stlouisfed.org/series/DGS2
2021-12-17,미국국채2년,0.66,https://fred.stlouisfed.org/series/DGS2
2021-12-20,미국국채2년,0.65,https://fred.stlouisfed.org/series/DGS2
2021-12-21,미국국채2년,0.7,https://fred.stlouisfed.org/series/DGS2
2021-12-22,미국국채2년,0.68,https://fred.stlouisfed.org/series/DGS2
2021-12-23,미국국채2년,0.71,https://fred.stlouisfed.org/series/DGS2
2021-12-27,미국국채2년,0.76,https://fred.stlouisfed.org/series/DGS2
2021-12-28,미국국채2년,0.74,https://fred.stlouisfed.org/series/DGS2
2021-12-29,미국국채2년,0.75,https://fred.stlouisfed.org/series/DGS2
2021-12-30,미국국채2년,0.73,https://fred.stlouisfed.org/series/DGS2
2021-12-31,미국국채2년,0.73,https://fred.stlouisfed.org/series/DGS2
2022-01-03,미국국채2년,0.78,https://fred.stlouisfed.org/series/DGS2
2022-01-04,미국국채2년,0.77,https://fred.stlouisfed.org/series/DGS2
2022-01-05,미국국채2년,0.83,https://fred.stlouisfed.org/series/DGS2
2022-01-06,미국국채2년,0.88,https://fred.stlouisfed.org/series/DGS2
2022-01-07,미국국채2년,0.87,https://fred.stlouisfed.org/series/DGS2
2022-01-10,미국국채2년,0.92,https://fred.stlouisfed.org/series/DGS2
2022-01-11,미국국채2년,0.9,https://fred.stlouisfed.org/series/DGS2
2022-01-12,미국국채2년,0.92,https://fred.stlouisfed.org/series/DGS2
2022-01-13,미국국채2년,0.91,https://fred.stlouisfed.org/series/DGS2
2022-01-14,미국국채2년,0.99,https://fred.stlouisfed.org/series/DGS2
2022-01-18,미국국채2년,1.06,https://fred.stlouisfed.org/series/DGS2
2022-01-19,미국국채2년,1.04,https://fred.stlouisfed.org/series/DGS2
2022-01-20,미국국채2년,1.08,https://fred.stlouisfed.org/series/DGS2
2022-01-21,미국국채2년,1.01,https://fred.stlouisfed.org/series/DGS2
2022-01-24,미국국채2년,0.99,https://fred.stlouisfed.org/series/DGS2
2022-01-25,미국국채2년,1.02,https://fred.stlouisfed.org/series/DGS2
2022-01-26,미국국채2년,1.13,https://fred.stlouisfed.org/series/DGS2
2022-01-27,미국국채2년,1.18,https://fred.stlouisfed.org/series/DGS2
2022-01-28,미국국채2년,1.15,https://fred.stlouisfed.org/series/DGS2
2022-01-31,미국국채2년,1.18,https://fred.stlouisfed.org/series/DGS2
2022-02-01,미국국채2년,1.18,https://fred.stlouisfed.org/series/DGS2
2022-02-02,미국국채2년,1.16,https://fred.stlouisfed.org/series/DGS2
2022-02-03,미국국채2년,1.19,https://fred.stlouisfed.org/series/DGS2
2022-02-04,미국국채2년,1.31,https://fred.stlouisfed.org/series/DGS2
2022-02-07,미국국채2년,1.3,https://fred.stlouisfed.org/series/DGS2
2022-02-08,미국국채2년,1.35,https://fred.stlouisfed.org/series/DGS2
2022-02-09,미국국채2년,1.36,https://fred.stlouisfed.org/series/DGS2
2022-02-10,미국국채2년,1.61,https://fred.stlouisfed.org/series/DGS2
2022-02-11,미국국채2년,1.5,https://fred.stlouisfed.org/series/DGS2
2022-02-14,미국국채2년,1.58,https://fred.stlouisfed.org/series/DGS2
2022-02-15,미국국채2년,1.58,https://fred.stlouisfed.org/series/DGS2
2022-02-16,미국국채2년,1.52,https://fred.stlouisfed.org/series/DGS2
2022-02-17,미국국채2년,1.49,https://fred.stlouisfed.org/series/DGS2
2022-02-18,미국국채2년,1.47,https://fred.stlouisfed.org/series/DGS2
2022-02-22,미국국채2년,1.56,https://fred.stlouisfed.org/series/DGS2
2022-02-23,미국국채2년,1.58,https://fred.stlouisfed.org/series/DGS2
2022-02-24,미국국채2년,1.54,https://fred.stlouisfed.org/series/DGS2
2022-02-25,미국국채2년,1.55,https://fred.stlouisfed.org/series/DGS2
2022-02-28,미국국채2년,1.44,https://fred.stlouisfed.org/series/DGS2
2022-03-01,미국국채2년,1.31,https://fred.stlouisfed.org/series/DGS2
2022-03-02,미국국채2년,1.5,https://fred.stlouisfed.org/series/DGS2
2022-03-03,미국국채2년,1.53,https://fred.stlouisfed.org/series/DGS2
2022-03-04,미국국채2년,1.5,https://fred.stlouisfed.org/series/DGS2
2022-03-07,미국국채2년,1.55,https://fred.stlouisfed.org/series/DGS2
2022-03-08,미국국채2년,1.63,https://fred.stlouisfed.org/series/DGS2
2022-03-09,미국국채2년,1.68,https://fred.stlouisfed.org/series/DGS2
2022-03-10,미국국채2년,1.72,https://fred.stlouisfed.org/series/DGS2
2022-03-11,미국국채2년,1.75,https://fred.stlouisfed.org/series/DGS2
2022-03-14,미국국채2년,1.87,https://fred.stlouisfed.org/series/DGS2
2022-03-15,미국국채2년,1.85,https://fred.stlouisfed.org/series/DGS2
2022-03-16,미국국채2년,1.95,https://fred.stlouisfed.org/series/DGS2
2022-03-17,미국국채2년,1.94,https://fred.stlouisfed.org/series/DGS2
2022-03-18,미국국채2년,1.97,https://fred.stlouisfed.org/series/DGS2
2022-03-21,미국국채2년,2.14,https://fred.stlouisfed.org/series/DGS2
2022-03-22,미국국채2년,2.18,https://fred.stlouisfed.org/series/DGS2
2022-03-23,미국국채2년,2.13,https://fred.stlouisfed.org/series/DGS2
2022-03-24,미국국채2년,2.13,https://fred.stlouisfed.org/series/DGS2
2022-03-25,미국국채2년,2.3,https://fred.stlouisfed.org/series/DGS2
2022-03-28,미국국채2년,2.35,https://fred.stlouisfed.org/series/DGS2
2022-03-29,미국국채2년,2.35,https://fred.stlouisfed.org/series/DGS2
2022-03-30,미국국채2년,2.31,https://fred.stlouisfed.org/series/DGS2
2022-03-31,미국국채2년,2.28,https://fred.stlouisfed.org/series/DGS2
2022-04-01,미국국채2년,2.44,https://fred.stlouisfed.org/series/DGS2
2022-04-04,미국국채2년,2.43,https://fred.stlouisfed.org/series/DGS2
2022-04-05,미국국채2년,2.51,https://fred.stlouisfed.org/series/DGS2
2022-04-06,미국국채2년,2.5,https://fred.stlouisfed.org/series/DGS2
2022-04-07,미국국채2년,2.47,https://fred.stlouisfed.org/series/DGS2
2022-04-08,미국국채2년,2.53,https://fred.stlouisfed.org/series/DGS2
2022-04-11,미국국채2년,2.5,https://fred.stlouisfed.org/series/DGS2
2022-04-12,미국국채2년,2.39,https://fred.stlouisfed.org/series/DGS2
2022-04-13,미국국채2년,2.37,https://fred.stlouisfed.org/series/DGS2
2022-04-14,미국국채2년,2.47,https://fred.stlouisfed.org/series/DGS2
2022-04-18,미국국채2년,2.46,https://fred.stlouisfed.org/series/DGS2
2022-04-19,미국국채2년,2.61,https://fred.stlouisfed.org/series/DGS2
2022-04-20,미국국채2년,2.6,https://fred.stlouisfed.org/series/DGS2
2022-04-21,미국국채2년,2.68,https://fred.stlouisfed.org/series/DGS2
2022-04-22,미국국채2년,2.72,https://fred.stlouisfed.org/series/DGS2
2022-04-25,미국국채2년,2.63,https://fred.stlouisfed.org/series/DGS2
2022-04-26,미국국채2년,2.54,https://fred.stlouisfed.org/series/DGS2
2022-04-27,미국국채2년,2.58,https://fred.stlouisfed.org/series/DGS2
2022-04-28,미국국채2년,2.63,https://fred.stlouisfed.org/series/DGS2
2022-04-29,미국국채2년,2.7,https://fred.stlouisfed.org/series/DGS2
2022-05-02,미국국채2년,2.73,https://fred.stlouisfed.org/series/DGS2
2022-05-03,미국국채2년,2.78,https://fred.stlouisfed.org/series/DGS2
2022-05-04,미국국채2년,2.66,https://fred.stlouisfed.org/series/DGS2
2022-05-05,미국국채2년,2.71,https://fred.stlouisfed.org/series/DGS2
2022-05-06,미국국채2년,2.72,https://fred.stlouisfed.org/series/DGS2
2022-05-09,미국국채2년,2.61,https://fred.stlouisfed.org/series/DGS2
2022-05-10,미국국채2년,2.62,https://fred.stlouisfed.org/series/DGS2
2022-05-11,미국국채2년,2.66,https://fred.stlouisfed.org/series/DGS2
2022-05-12,미국국채2년,2.56,https://fred.stlouisfed.org/series/DGS2
2022-05-13,미국국채2년,2.61,https://fred.stlouisfed.org/series/DGS2
2022-05-16,미국국채2년,2.58,https://fred.stlouisfed.org/series/DGS2
2022-05-17,미국국채2년,2.71,https://fred.stlouisfed.org/series/DGS2
2022-05-18,미국국채2년,2.68,https://fred.stlouisfed.org/series/DGS2
2022-05-19,미국국채2년,2.63,https://fred.stlouisfed.org/series/DGS2
2022-05-20,미국국채2년,2.6,https://fred.stlouisfed.org/series/DGS2
2022-05-23,미국국채2년,2.65,https://fred.stlouisfed.org/series/DGS2
2022-05-24,미국국채2년,2.5,https://fred.stlouisfed.org/series/DGS2
2022-05-25,미국국채2년,2.48,https://fred.stlouisfed.org/series/DGS2
2022-05-26,미국국채2년,2.46,https://fred.stlouisfed.org/series/DGS2
2022-05-27,미국국채2년,2.47,https://fred.stlouisfed.org/series/DGS2
2022-05-31,미국국채2년,2.53,https://fred.stlouisfed.org/series/DGS2
2022-06-01,미국국채2년,2.66,https://fred.stlouisfed.org/series/DGS2
2022-06-02,미국국채2년,2.65,https://fred.stlouisfed.org/series/DGS2
2022-06-03,미국국채2년,2.66,https://fred.stlouisfed.org/series/DGS2
2022-06-06,미국국채2년,2.73,https://fred.stlouisfed.org/series/DGS2
2022-06-07,미국국채2년,2.75,https://fred.stlouisfed.org/series/DGS2
2022-06-08,미국국채2년,2.78,https://fred.stlouisfed.org/series/DGS2
2022-06-09,미국국채2년,2.83,https://fred.stlouisfed.org/series/DGS2
2022-06-10,미국국채2년,3.06,https://fred.stlouisfed.org/series/DGS2
2022-06-13,미국국채2년,3.4,https://fred.stlouisfed.org/series/DGS2
2022-06-14,미국국채2년,3.45,https://fred.stlouisfed.org/series/DGS2
2022-06-15,미국국채2년,3.2,https://fred.stlouisfed.org/series/DGS2
2022-06-16,미국국채2년,3.14,https://fred.stlouisfed.org/series/DGS2
2022-06-17,미국국채2년,3.17,https://fred.stlouisfed.org/series/DGS2
2022-06-21,미국국채2년,3.21,https://fred.stlouisfed.org/series/DGS2
2022-06-22,미국국채2년,3.06,https://fred.stlouisfed.org/series/DGS2
2022-06-23,미국국채2년,3.01,https://fred.stlouisfed.org/series/DGS2
2022-06-24,미국국채2년,3.04,https://fred.stlouisfed.org/series/DGS2
2022-06-27,미국국채2년,3.08,https://fred.stlouisfed.org/series/DGS2
2022-06-28,미국국채2년,3.1,https://fred.stlouisfed.org/series/DGS2
2022-06-29,미국국채2년,3.06,https://fred.stlouisfed.org/series/DGS2
2022-06-30,미국국채2년,2.92,https://fred.stlouisfed.org/series/DGS2
2022-07-01,미국국채2년,2.84,https://fred.stlouisfed.org/series/DGS2
2022-07-05,미국국채2년,2.82,https://fred.stlouisfed.org/series/DGS2
2022-07-06,미국국채2년,2.97,https://fred.stlouisfed.org/series/DGS2
2022-07-07,미국국채2년,3.03,https://fred.stlouisfed.org/series/DGS2
2022-07-08,미국국채2년,3.12,https://fred.stlouisfed.org/series/DGS2
2022-07-11,미국국채2년,3.07,https://fred.stlouisfed.org/series/DGS2
2022-07-12,미국국채2년,3.03,https://fred.stlouisfed.org/series/DGS2
2022-07-13,미국국채2년,3.13,https://fred.stlouisfed.org/series/DGS2
2022-07-14,미국국채2년,3.15,https://fred.stlouisfed.org/series/DGS2
2022-07-15,미국국채2년,3.13,https://fred.stlouisfed.org/series/DGS2
2022-07-18,미국국채2년,3.15,https://fred.stlouisfed.org/series/DGS2
2022-07-19,미국국채2년,3.23,https://fred.stlouisfed.org/series/DGS2
2022-07-20,미국국채2년,3.25,https://fred.stlouisfed.org/series/DGS2
2022-07-21,미국국채2년,3.1,https://fred.stlouisfed.org/series/DGS2
2022-07-22,미국국채2년,2.98,https://fred.stlouisfed.org/series/DGS2
2022-07-25,미국국채2년,3.0,https://fred.stlouisfed.org/series/DGS2
2022-07-26,미국국채2년,3.02,https://fred.stlouisfed.org/series/DGS2
2022-07-27,미국국채2년,2.96,https://fred.stlouisfed.org/series/DGS2
2022-07-28,미국국채2년,2.85,https://fred.stlouisfed.org/series/DGS2
2022-07-29,미국국채2년,2.89,https://fred.stlouisfed.org/series/DGS2
2022-08-01,미국국채2년,2.9,https://fred.stlouisfed.org/series/DGS2
2022-08-02,미국국채2년,3.06,https://fred.stlouisfed.org/series/DGS2
2022-08-03,미국국채2년,3.1,https://fred.stlouisfed.org/series/DGS2
2022-08-04,미국국채2년,3.03,https://fred.stlouisfed.org/series/DGS2
2022-08-05,미국국채2년,3.24,https://fred.stlouisfed.org/series/DGS2
2022-08-08,미국국채2년,3.21,https://fred.stlouisfed.org/series/DGS2
2022-08-09,미국국채2년,3.28,https://fred.stlouisfed.org/series/DGS2
2022-08-10,미국국채2년,3.23,https://fred.stlouisfed.org/series/DGS2
2022-08-11,미국국채2년,3.23,https://fred.stlouisfed.org/series/DGS2
2022-08-12,미국국채2년,3.25,https://fred.stlouisfed.org/series/DGS2
2022-08-15,미국국채2년,3.2,https://fred.stlouisfed.org/series/DGS2
2022-08-16,미국국채2년,3.25,https://fred.stlouisfed.org/series/DGS2
2022-08-17,미국국채2년,3.28,https://fred.stlouisfed.org/series/DGS2
2022-08-18,미국국채2년,3.22,https://fred.stlouisfed.org/series/DGS2
2022-08-19,미국국채2년,3.25,https://fred.stlouisfed.org/series/DGS2
2022-08-22,미국국채2년,3.32,https://fred.stlouisfed.org/series/DGS2
2022-08-23,미국국채2년,3.29,https://fred.stlouisfed.org/series/DGS2
2022-08-24,미국국채2년,3.36,https://fred.stlouisfed.org/series/DGS2
2022-08-25,미국국채2년,3.35,https://fred.stlouisfed.org/series/DGS2
2022-08-26,미국국채2년,3.37,https://fred.stlouisfed.org/series/DGS2
2022-08-29,미국국채2년,3.42,https://fred.stlouisfed.org/series/DGS2
2022-08-30,미국국채2년,3.46,https://fred.stlouisfed.org/series/DGS2
2022-08-31,미국국채2년,3.45,https://fred.stlouisfed.org/series/DGS2
2022-09-01,미국국채2년,3.51,https://fred.stlouisfed.org/series/DGS2
2022-09-02,미국국채2년,3.4,https://fred.stlouisfed.org/series/DGS2
2022-09-06,미국국채2년,3.5,https://fred.stlouisfed.org/series/DGS2
2022-09-07,미국국채2년,3.45,https://fred.stlouisfed.org/series/DGS2
2022-09-08,미국국채2년,3.48,https://fred.stlouisfed.org/series/DGS2
2022-09-09,미국국채2년,3.56,https://fred.stlouisfed.org/series/DGS2
2022-09-12,미국국채2년,3.58,https://fred.stlouisfed.org/series/DGS2
2022-09-13,미국국채2년,3.75,https://fred.stlouisfed.org/series/DGS2
2022-09-14,미국국채2년,3.78,https://fred.stlouisfed.org/series/DGS2
2022-09-15,미국국채2년,3.87,https://fred.stlouisfed.org/series/DGS2
2022-09-16,미국국채2년,3.85,https://fred.stlouisfed.org/series/DGS2
2022-09-19,미국국채2년,3.95,https://fred.stlouisfed.org/series/DGS2
2022-09-20,미국국채2년,3.96,https://fred.stlouisfed.org/series/DGS2
2022-09-21,미국국채2년,4.02,https://fred.stlouisfed.org/series/DGS2
2022-09-22,미국국채2년,4.11,https://fred.stlouisfed.org/series/DGS2
2022-09-23,미국국채2년,4.2,https://fred.stlouisfed.org/series/DGS2
2022-09-26,미국국채2년,4.27,https://fred.stlouisfed.org/series/DGS2
2022-09-27,미국국채2년,4.3,https://fred.stlouisfed.org/series/DGS2
2022-09-28,미국국채2년,4.07,https://fred.stlouisfed.org/series/DGS2
2022-09-29,미국국채2년,4.16,https://fred.stlouisfed.org/series/DGS2
2022-09-30,미국국채2년,4.22,https://fred.stlouisfed.org/series/DGS2
2022-10-03,미국국채2년,4.12,https://fred.stlouisfed.org/series/DGS2
2022-10-04,미국국채2년,4.1,https://fred.stlouisfed.org/series/DGS2
2022-10-05,미국국채2년,4.15,https://fred.stlouisfed.org/series/DGS2
2022-10-06,미국국채2년,4.23,https://fred.stlouisfed.org/series/DGS2
2022-10-07,미국국채2년,4.3,https://fred.stlouisfed.org/series/DGS2
2022-10-11,미국국채2년,4.3,https://fred.stlouisfed.org/series/DGS2
2022-10-12,미국국채2년,4.28,https://fred.stlouisfed.org/series/DGS2
2022-10-13,미국국채2년,4.47,https://fred.stlouisfed.org/series/DGS2
2022-10-14,미국국채2년,4.48,https://fred.stlouisfed.org/series/DGS2
2022-10-17,미국국채2년,4.45,https://fred.stlouisfed.org/series/DGS2
2022-10-18,미국국채2년,4.43,https://fred.stlouisfed.org/series/DGS2
2022-10-19,미국국채2년,4.55,https://fred.stlouisfed.org/series/DGS2
2022-10-20,미국국채2년,4.62,https://fred.stlouisfed.org/series/DGS2
2022-10-21,미국국채2년,4.49,https://fred.stlouisfed.org/series/DGS2
2022-10-24,미국국채2년,4.5,https://fred.stlouisfed.org/series/DGS2
2022-10-25,미국국채2년,4.42,https://fred.stlouisfed.org/series/DGS2
2022-10-26,미국국채2년,4.39,https://fred.stlouisfed.org/series/DGS2
2022-10-27,미국국채2년,4.3,https://fred.stlouisfed.org/series/DGS2
2022-10-28,미국국채2년,4.41,https://fred.stlouisfed.org/series/DGS2
2022-10-31,미국국채2년,4.51,https://fred.stlouisfed.org/series/DGS2
2022-11-01,미국국채2년,4.54,https://fred.stlouisfed.org/series/DGS2
2022-11-02,미국국채2년,4.61,https://fred.stlouisfed.org/series/DGS2
2022-11-03,미국국채2년,4.71,https://fred.stlouisfed.org/series/DGS2
2022-11-04,미국국채2년,4.66,https://fred.stlouisfed.org/series/DGS2
2022-11-07,미국국채2년,4.72,https://fred.stlouisfed.org/series/DGS2
2022-11-08,미국국채2년,4.67,https://fred.stlouisfed.org/series/DGS2
2022-11-09,미국국채2년,4.61,https://fred.stlouisfed.org/series/DGS2
2022-11-10,미국국채2년,4.34,https://fred.stlouisfed.org/series/DGS2
2022-11-14,미국국채2년,4.4,https://fred.stlouisfed.org/series/DGS2
2022-11-15,미국국채2년,4.37,https://fred.stlouisfed.org/series/DGS2
2022-11-16,미국국채2년,4.35,https://fred.stlouisfed.org/series/DGS2
2022-11-17,미국국채2년,4.43,https://fred.stlouisfed.org/series/DGS2
2022-11-18,미국국채2년,4.51,https://fred.stlouisfed.org/series/DGS2
2022-11-21,미국국채2년,4.48,https://fred.stlouisfed.org/series/DGS2
2022-11-22,미국국채2년,4.47,https://fred.stlouisfed.org/series/DGS2
2022-11-23,미국국채2년,4.46,https://fred.stlouisfed.org/series/DGS2
2022-11-25,미국국채2년,4.42,https://fred.stlouisfed.org/series/DGS2
2022-11-28,미국국채2년,4.46,https://fred.stlouisfed.org/series/DGS2
2022-11-29,미국국채2년,4.48,https://fred.stlouisfed.org/series/DGS2
2022-11-30,미국국채2년,4.38,https://fred.stlouisfed.org/series/DGS2
2022-12-01,미국국채2년,4.25,https://fred.stlouisfed.org/series/DGS2
2022-12-02,미국국채2년,4.28,https://fred.stlouisfed.org/series/DGS2
2022-12-05,미국국채2년,4.41,https://fred.stlouisfed.org/series/DGS2
2022-12-06,미국국채2년,4.34,https://fred.stlouisfed.org/series/DGS2
2022-12-07,미국국채2년,4.26,https://fred.stlouisfed.org/series/DGS2
2022-12-08,미국국채2년,4.31,https://fred.stlouisfed.org/series/DGS2
2022-12-09,미국국채2년,4.33,https://fred.stlouisfed.org/series/DGS2
2022-12-12,미국국채2년,4.39,https://fred.stlouisfed.org/series/DGS2
2022-12-13,미국국채2년,4.22,https://fred.stlouisfed.org/series/DGS2
2022-12-14,미국국채2년,4.23,https://fred.stlouisfed.org/series/DGS2
2022-12-15,미국국채2년,4.23,https://fred.stlouisfed.org/series/DGS2
2022-12-16,미국국채2년,4.17,https://fred.stlouisfed.org/series/DGS2
2022-12-19,미국국채2년,4.25,https://fred.stlouisfed.org/series/DGS2
2022-12-20,미국국채2년,4.25,https://fred.stlouisfed.org/series/DGS2
2022-12-21,미국국채2년,4.21,https://fred.stlouisfed.org/series/DGS2
2022-12-22,미국국채2년,4.24,https://fred.stlouisfed.org/series/DGS2
2022-12-23,미국국채2년,4.31,https://fred.stlouisfed.org/series/DGS2
2022-12-27,미국국채2년,4.32,https://fred.stlouisfed.org/series/DGS2
2022-12-28,미국국채2년,4.31,https://fred.stlouisfed.org/series/DGS2
2022-12-29,미국국채2년,4.34,https://fred.stlouisfed.org/series/DGS2
2022-12-30,미국국채2년,4.41,https://fred.stlouisfed.org/series/DGS2
2023-01-03,미국국채2년,4.4,https://fred.stlouisfed.org/series/DGS2
2023-01-04,미국국채2년,4.36,https://fred.stlouisfed.org/series/DGS2
2023-01-05,미국국채2년,4.45,https://fred.stlouisfed.org/series/DGS2
2023-01-06,미국국채2년,4.24,https://fred.stlouisfed.org/series/DGS2
2023-01-09,미국국채2년,4.19,https://fred.stlouisfed.org/series/DGS2
2023-01-10,미국국채2년,4.24,https://fred.stlouisfed.org/series/DGS2
2023-01-11,미국국채2년,4.2,https://fred.stlouisfed.org/series/DGS2
2023-01-12,미국국채2년,4.12,https://fred.stlouisfed.org/series/DGS2
2023-01-13,미국국채2년,4.22,https://fred.stlouisfed.org/series/DGS2
2023-01-17,미국국채2년,4.18,https://fred.stlouisfed.org/series/DGS2
2023-01-18,미국국채2년,4.06,https://fred.stlouisfed.org/series/DGS2
2023-01-19,미국국채2년,4.09,https://fred.stlouisfed.org/series/DGS2
2023-01-20,미국국채2년,4.14,https://fred.stlouisfed.org/series/DGS2
2023-01-23,미국국채2년,4.21,https://fred.stlouisfed.org/series/DGS2
2023-01-24,미국국채2년,4.12,https://fred.stlouisfed.org/series/DGS2
2023-01-25,미국국채2년,4.11,https://fred.stlouisfed.org/series/DGS2
2023-01-26,미국국채2년,4.17,https://fred.stlouisfed.org/series/DGS2
2023-01-27,미국국채2년,4.19,https://fred.stlouisfed.org/series/DGS2
2023-01-30,미국국채2년,4.25,https://fred.stlouisfed.org/series/DGS2
2023-01-31,미국국채2년,4.21,https://fred.stlouisfed.org/series/DGS2
2023-02-01,미국국채2년,4.09,https://fred.stlouisfed.org/series/DGS2
2023-02-02,미국국채2년,4.09,https://fred.stlouisfed.org/series/DGS2
2023-02-03,미국국채2년,4.3,https://fred.stlouisfed.org/series/DGS2
2023-02-06,미국국채2년,4.44,https://fred.stlouisfed.org/series/DGS2
2023-02-07,미국국채2년,4.47,https://fred.stlouisfed.org/series/DGS2
2023-02-08,미국국채2년,4.45,https://fred.stlouisfed.org/series/DGS2
2023-02-09,미국국채2년,4.48,https://fred.stlouisfed.org/series/DGS2
2023-02-10,미국국채2년,4.5,https://fred.stlouisfed.org/series/DGS2
2023-02-13,미국국채2년,4.52,https://fred.stlouisfed.org/series/DGS2
2023-02-14,미국국채2년,4.6,https://fred.stlouisfed.org/series/DGS2
2023-02-15,미국국채2년,4.62,https://fred.stlouisfed.org/series/DGS2
2023-02-16,미국국채2년,4.62,https://fred.stlouisfed.org/series/DGS2
2023-02-17,미국국채2년,4.6,https://fred.stlouisfed.org/series/DGS2
2023-02-21,미국국채2년,4.67,https://fred.stlouisfed.org/series/DGS2
2023-02-22,미국국채2년,4.66,https://fred.stlouisfed.org/series/DGS2
2023-02-23,미국국채2년,4.66,https://fred.stlouisfed.org/series/DGS2
2023-02-24,미국국채2년,4.78,https://fred.stlouisfed.org/series/DGS2
2023-02-27,미국국채2년,4.78,https://fred.stlouisfed.org/series/DGS2
2023-02-28,미국국채2년,4.81,https://fred.stlouisfed.org/series/DGS2
2023-03-01,미국국채2년,4.89,https://fred.stlouisfed.org/series/DGS2
2023-03-02,미국국채2년,4.89,https://fred.stlouisfed.org/series/DGS2
2023-03-03,미국국채2년,4.86,https://fred.stlouisfed.org/series/DGS2
2023-03-06,미국국채2년,4.89,https://fred.stlouisfed.org/series/DGS2
2023-03-07,미국국채2년,5.0,https://fred.stlouisfed.org/series/DGS2
2023-03-08,미국국채2년,5.05,https://fred.stlouisfed.org/series/DGS2
2023-03-09,미국국채2년,4.9,https://fred.stlouisfed.org/series/DGS2
2023-03-10,미국국채2년,4.6,https://fred.stlouisfed.org/series/DGS2
2023-03-13,미국국채2년,4.03,https://fred.stlouisfed.org/series/DGS2
2023-03-14,미국국채2년,4.2,https://fred.stlouisfed.org/series/DGS2
2023-03-15,미국국채2년,3.93,https://fred.stlouisfed.org/series/DGS2
2023-03-16,미국국채2년,4.14,https://fred.stlouisfed.org/series/DGS2
2023-03-17,미국국채2년,3.81,https://fred.stlouisfed.org/series/DGS2
2023-03-20,미국국채2년,3.92,https://fred.stlouisfed.org/series/DGS2
2023-03-21,미국국채2년,4.17,https://fred.stlouisfed.org/series/DGS2
2023-03-22,미국국채2년,3.96,https://fred.stlouisfed.org/series/DGS2
2023-03-23,미국국채2년,3.76,https://fred.stlouisfed.org/series/DGS2
2023-03-24,미국국채2년,3.76,https://fred.stlouisfed.org/series/DGS2
2023-03-27,미국국채2년,3.94,https://fred.stlouisfed.org/series/DGS2
2023-03-28,미국국채2년,4.02,https://fred.stlouisfed.org/series/DGS2
2023-03-29,미국국채2년,4.08,https://fred.stlouisfed.org/series/DGS2
2023-03-30,미국국채2년,4.1,https://fred.stlouisfed.org/series/DGS2
2023-03-31,미국국채2년,4.06,https://fred.stlouisfed.org/series/DGS2
2023-04-03,미국국채2년,3.97,https://fred.stlouisfed.org/series/DGS2
2023-04-04,미국국채2년,3.84,https://fred.stlouisfed.org/series/DGS2
2023-04-05,미국국채2년,3.79,https://fred.stlouisfed.org/series/DGS2
2023-04-06,미국국채2년,3.82,https://fred.stlouisfed.org/series/DGS2
2023-04-07,미국국채2년,3.97,https://fred.stlouisfed.org/series/DGS2
2023-04-10,미국국채2년,4.0,https://fred.stlouisfed.org/series/DGS2
2023-04-11,미국국채2년,4.03,https://fred.stlouisfed.org/series/DGS2
2023-04-12,미국국채2년,3.95,https://fred.stlouisfed.org/series/DGS2
2023-04-13,미국국채2년,3.96,https://fred.stlouisfed.org/series/DGS2
2023-04-14,미국국채2년,4.08,https://fred.stlouisfed.org/series/DGS2
2023-04-17,미국국채2년,4.18,https://fred.stlouisfed.org/series/DGS2
2023-04-18,미국국채2년,4.19,https://fred.stlouisfed.org/series/DGS2
2023-04-19,미국국채2년,4.24,https://fred.stlouisfed.org/series/DGS2
2023-04-20,미국국채2년,4.14,https://fred.stlouisfed.org/series/DGS2
2023-04-21,미국국채2년,4.17,https://fred.stlouisfed.org/series/DGS2
2023-04-24,미국국채2년,4.12,https://fred.stlouisfed.org/series/DGS2
2023-04-25,미국국채2년,3.86,https://fred.stlouisfed.org/series/DGS2
2023-04-26,미국국채2년,3.9,https://fred.stlouisfed.org/series/DGS2
2023-04-27,미국국채2년,4.07,https://fred.stlouisfed.org/series/DGS2
2023-04-28,미국국채2년,4.04,https://fred.stlouisfed.org/series/DGS2
2023-05-01,미국국채2년,4.14,https://fred.stlouisfed.org/series/DGS2
2023-05-02,미국국채2년,3.97,https://fred.stlouisfed.org/series/DGS2
2023-05-03,미국국채2년,3.89,https://fred.stlouisfed.org/series/DGS2
2023-05-04,미국국채2년,3.75,https://fred.stlouisfed.org/series/DGS2
2023-05-05,미국국채2년,3.92,https://fred.stlouisfed.org/series/DGS2
2023-05-08,미국국채2년,4.0,https://fred.stlouisfed.org/series/DGS2
2023-05-09,미국국채2년,4.01,https://fred.stlouisfed.org/series/DGS2
2023-05-10,미국국채2년,3.9,https://fred.stlouisfed.org/series/DGS2
2023-05-11,미국국채2년,3.89,https://fred.stlouisfed.org/series/DGS2
2023-05-12,미국국채2년,3.98,https://fred.stlouisfed.org/series/DGS2
2023-05-15,미국국채2년,3.99,https://fred.stlouisfed.org/series/DGS2
2023-05-16,미국국채2년,4.06,https://fred.stlouisfed.org/series/DGS2
2023-05-17,미국국채2년,4.12,https://fred.stlouisfed.org/series/DGS2
2023-05-18,미국국채2년,4.24,https://fred.stlouisfed.org/series/DGS2
2023-05-19,미국국채2년,4.28,https://fred.stlouisfed.org/series/DGS2
2023-05-22,미국국채2년,4.29,https://fred.stlouisfed.org/series/DGS2
2023-05-23,미국국채2년,4.26,https://fred.stlouisfed.org/series/DGS2
2023-05-24,미국국채2년,4.31,https://fred.stlouisfed.org/series/DGS2
2023-05-25,미국국채2년,4.5,https://fred.stlouisfed.org/series/DGS2
2023-05-26,미국국채2년,4.54,https://fred.stlouisfed.org/series/DGS2
2023-05-30,미국국채2년,4.46,https://fred.stlouisfed.org/series/DGS2
2023-05-31,미국국채2년,4.4,https://fred.stlouisfed.org/series/DGS2
2023-06-01,미국국채2년,4.33,https://fred.stlouisfed.org/series/DGS2
2023-06-02,미국국채2년,4.5,https://fred.stlouisfed.org/series/DGS2
2023-06-05,미국국채2년,4.46,https://fred.stlouisfed.org/series/DGS2
2023-06-06,미국국채2년,4.51,https://fred.stlouisfed.org/series/DGS2
2023-06-07,미국국채2년,4.56,https://fred.stlouisfed.org/series/DGS2
2023-06-08,미국국채2년,4.52,https://fred.stlouisfed.org/series/DGS2
2023-06-09,미국국채2년,4.59,https://fred.stlouisfed.org/series/DGS2
2023-06-12,미국국채2년,4.55,https://fred.stlouisfed.org/series/DGS2
2023-06-13,미국국채2년,4.67,https://fred.stlouisfed.org/series/DGS2
2023-06-14,미국국채2년,4.74,https://fred.stlouisfed.org/series/DGS2
2023-06-15,미국국채2년,4.62,https://fred.stlouisfed.org/series/DGS2
2023-06-16,미국국채2년,4.7,https://fred.stlouisfed.org/series/DGS2
2023-06-20,미국국채2년,4.68,https://fred.stlouisfed.org/series/DGS2
2023-06-21,미국국채2년,4.68,https://fred.stlouisfed.org/series/DGS2
2023-06-22,미국국채2년,4.77,https://fred.stlouisfed.org/series/DGS2
2023-06-23,미국국채2년,4.71,https://fred.stlouisfed.org/series/DGS2
2023-06-26,미국국채2년,4.65,https://fred.stlouisfed.org/series/DGS2
2023-06-27,미국국채2년,4.74,https://fred.stlouisfed.org/series/DGS2
2023-06-28,미국국채2년,4.71,https://fred.stlouisfed.org/series/DGS2
2023-06-29,미국국채2년,4.87,https://fred.stlouisfed.org/series/DGS2
2023-06-30,미국국채2년,4.87,https://fred.stlouisfed.org/series/DGS2
2023-07-03,미국국채2년,4.94,https://fred.stlouisfed.org/series/DGS2
2023-07-05,미국국채2년,4.94,https://fred.stlouisfed.org/series/DGS2
2023-07-06,미국국채2년,4.99,https://fred.stlouisfed.org/series/DGS2
2023-07-07,미국국채2년,4.94,https://fred.stlouisfed.org/series/DGS2
2023-07-10,미국국채2년,4.85,https://fred.stlouisfed.org/series/DGS2
2023-07-11,미국국채2년,4.88,https://fred.stlouisfed.org/series/DGS2
2023-07-12,미국국채2년,4.72,https://fred.stlouisfed.org/series/DGS2
2023-07-13,미국국채2년,4.59,https://fred.stlouisfed.org/series/DGS2
2023-07-14,미국국채2년,4.74,https://fred.stlouisfed.org/series/DGS2
2023-07-17,미국국채2년,4.74,https://fred.stlouisfed.org/series/DGS2
2023-07-18,미국국채2년,4.74,https://fred.stlouisfed.org/series/DGS2
2023-07-19,미국국채2년,4.74,https://fred.stlouisfed.org/series/DGS2
2023-07-20,미국국채2년,4.8,https://fred.stlouisfed.org/series/DGS2
2023-07-21,미국국채2년,4.82,https://fred.stlouisfed.org/series/DGS2
2023-07-24,미국국채2년,4.81,https://fred.stlouisfed.org/series/DGS2
2023-07-25,미국국채2년,4.85,https://fred.stlouisfed.org/series/DGS2
2023-07-26,미국국채2년,4.82,https://fred.stlouisfed.org/series/DGS2
2023-07-27,미국국채2년,4.91,https://fred.stlouisfed.org/series/DGS2
2023-07-28,미국국채2년,4.87,https://fred.stlouisfed.org/series/DGS2
2023-07-31,미국국채2년,4.88,https://fred.stlouisfed.org/series/DGS2
2023-08-01,미국국채2년,4.92,https://fred.stlouisfed.org/series/DGS2
2023-08-02,미국국채2년,4.88,https://fred.stlouisfed.org/series/DGS2
2023-08-03,미국국채2년,4.9,https://fred.stlouisfed.org/series/DGS2
2023-08-04,미국국채2년,4.78,https://fred.stlouisfed.org/series/DGS2
2023-08-07,미국국채2년,4.76,https://fred.stlouisfed.org/series/DGS2
2023-08-08,미국국채2년,4.74,https://fred.stlouisfed.org/series/DGS2
2023-08-09,미국국채2년,4.79,https://fred.stlouisfed.org/series/DGS2
2023-08-10,미국국채2년,4.82,https://fred.stlouisfed.org/series/DGS2
2023-08-11,미국국채2년,4.89,https://fred.stlouisfed.org/series/DGS2
2023-08-14,미국국채2년,4.96,https://fred.stlouisfed.org/series/DGS2
2023-08-15,미국국채2년,4.92,https://fred.stlouisfed.org/series/DGS2
2023-08-16,미국국채2년,4.97,https://fred.stlouisfed.org/series/DGS2
2023-08-17,미국국채2년,4.94,https://fred.stlouisfed.org/series/DGS2
2023-08-18,미국국채2년,4.92,https://fred.stlouisfed.org/series/DGS2
2023-08-21,미국국채2년,4.97,https://fred.stlouisfed.org/series/DGS2
2023-08-22,미국국채2년,5.02,https://fred.stlouisfed.org/series/DGS2
2023-08-23,미국국채2년,4.95,https://fred.stlouisfed.org/series/DGS2
2023-08-24,미국국채2년,4.98,https://fred.stlouisfed.org/series/DGS2
2023-08-25,미국국채2년,5.03,https://fred.stlouisfed.org/series/DGS2
2023-08-28,미국국채2년,4.98,https://fred.stlouisfed.org/series/DGS2
2023-08-29,미국국채2년,4.87,https://fred.stlouisfed.org/series/DGS2
2023-08-30,미국국채2년,4.9,https://fred.stlouisfed.org/series/DGS2
2023-08-31,미국국채2년,4.85,https://fred.stlouisfed.org/series/DGS2
2023-09-01,미국국채2년,4.87,https://fred.stlouisfed.org/series/DGS2
2023-09-05,미국국채2년,4.94,https://fred.stlouisfed.org/series/DGS2
2023-09-06,미국국채2년,5.01,https://fred.stlouisfed.org/series/DGS2
2023-09-07,미국국채2년,4.94,https://fred.stlouisfed.org/series/DGS2
2023-09-08,미국국채2년,4.98,https://fred.stlouisfed.org/series/DGS2
2023-09-11,미국국채2년,4.97,https://fred.stlouisfed.org/series/DGS2
2023-09-12,미국국채2년,4.98,https://fred.stlouisfed.org/series/DGS2
2023-09-13,미국국채2년,4.96,https://fred.stlouisfed.org/series/DGS2
2023-09-14,미국국채2년,5.0,https://fred.stlouisfed.org/series/DGS2
2023-09-15,미국국채2년,5.02,https://fred.stlouisfed.org/series/DGS2
2023-09-18,미국국채2년,5.05,https://fred.stlouisfed.org/series/DGS2
2023-09-19,미국국채2년,5.08,https://fred.stlouisfed.org/series/DGS2
2023-09-20,미국국채2년,5.12,https://fred.stlouisfed.org/series/DGS2
2023-09-21,미국국채2년,5.12,https://fred.stlouisfed.org/series/DGS2
2023-09-22,미국국채2년,5.1,https://fred.stlouisfed.org/series/DGS2
2023-09-25,미국국채2년,5.09,https://fred.stlouisfed.org/series/DGS2
2023-09-26,미국국채2년,5.04,https://fred.stlouisfed.org/series/DGS2
2023-09-27,미국국채2년,5.1,https://fred.stlouisfed.org/series/DGS2
2023-09-28,미국국채2년,5.04,https://fred.stlouisfed.org/series/DGS2
2023-09-29,미국국채2년,5.03,https://fred.stlouisfed.org/series/DGS2
2023-10-02,미국국채2년,5.12,https://fred.stlouisfed.org/series/DGS2
2023-10-03,미국국채2년,5.15,https://fred.stlouisfed.org/series/DGS2
2023-10-04,미국국채2년,5.05,https://fred.stlouisfed.org/series/DGS2
2023-10-05,미국국채2년,5.03,https://fred.stlouisfed.org/series/DGS2
2023-10-06,미국국채2년,5.08,https://fred.stlouisfed.org/series/DGS2
2023-10-10,미국국채2년,4.96,https://fred.stlouisfed.org/series/DGS2
2023-10-11,미국국채2년,4.99,https://fred.stlouisfed.org/series/DGS2
2023-10-12,미국국채2년,5.06,https://fred.stlouisfed.org/series/DGS2
2023-10-13,미국국채2년,5.04,https://fred.stlouisfed.org/series/DGS2
2023-10-16,미국국채2년,5.09,https://fred.stlouisfed.org/series/DGS2
2023-10-17,미국국채2년,5.19,https://fred.stlouisfed.org/series/DGS2
2023-10-18,미국국채2년,5.19,https://fred.stlouisfed.org/series/DGS2
2023-10-19,미국국채2년,5.14,https://fred.stlouisfed.org/series/DGS2
2023-10-20,미국국채2년,5.07,https://fred.stlouisfed.org/series/DGS2
2023-10-23,미국국채2년,5.05,https://fred.stlouisfed.org/series/DGS2
2023-10-24,미국국채2년,5.02,https://fred.stlouisfed.org/series/DGS2
2023-10-25,미국국채2년,5.08,https://fred.stlouisfed.org/series/DGS2
2023-10-26,미국국채2년,5.02,https://fred.stlouisfed.org/series/DGS2
2023-10-27,미국국채2년,4.99,https://fred.stlouisfed.org/series/DGS2
2023-10-30,미국국채2년,5.03,https://fred.stlouisfed.org/series/DGS2
2023-10-31,미국국채2년,5.07,https://fred.stlouisfed.org/series/DGS2
2023-11-01,미국국채2년,4.95,https://fred.stlouisfed.org/series/DGS2
2023-11-02,미국국채2년,4.98,https://fred.stlouisfed.org/series/DGS2
2023-11-03,미국국채2년,4.83,https://fred.stlouisfed.org/series/DGS2
2023-11-06,미국국채2년,4.93,https://fred.stlouisfed.org/series/DGS2
2023-11-07,미국국채2년,4.91,https://fred.stlouisfed.org/series/DGS2
2023-11-08,미국국채2년,4.93,https://fred.stlouisfed.org/series/DGS2
2023-11-09,미국국채2년,5.03,https://fred.stlouisfed.org/series/DGS2
2023-11-10,미국국채2년,5.04,https://fred.stlouisfed.org/series/DGS2
2023-11-13,미국국채2년,5.02,https://fred.stlouisfed.org/series/DGS2
2023-11-14,미국국채2년,4.8,https://fred.stlouisfed.org/series/DGS2
2023-11-15,미국국채2년,4.9,https://fred.stlouisfed.org/series/DGS2
2023-11-16,미국국채2년,4.83,https://fred.stlouisfed.org/series/DGS2
2023-11-17,미국국채2년,4.88,https://fred.stlouisfed.org/series/DGS2
2023-11-20,미국국채2년,4.89,https://fred.stlouisfed.org/series/DGS2
2023-11-21,미국국채2년,4.86,https://fred.stlouisfed.org/series/DGS2
2023-11-22,미국국채2년,4.89,https://fred.stlouisfed.org/series/DGS2
2023-11-24,미국국채2년,4.92,https://fred.stlouisfed.org/series/DGS2
2023-11-27,미국국채2년,4.84,https://fred.stlouisfed.org/series/DGS2
2023-11-28,미국국채2년,4.73,https://fred.stlouisfed.org/series/DGS2
2023-11-29,미국국채2년,4.64,https://fred.stlouisfed.org/series/DGS2
2023-11-30,미국국채2년,4.73,https://fred.stlouisfed.org/series/DGS2
2023-12-01,미국국채2년,4.56,https://fred.stlouisfed.org/series/DGS2
2023-12-04,미국국채2년,4.64,https://fred.stlouisfed.org/series/DGS2
2023-12-05,미국국채2년,4.57,https://fred.stlouisfed.org/series/DGS2
2023-12-06,미국국채2년,4.6,https://fred.stlouisfed.org/series/DGS2
2023-12-07,미국국채2년,4.58,https://fred.stlouisfed.org/series/DGS2
2023-12-08,미국국채2년,4.71,https://fred.stlouisfed.org/series/DGS2
2023-12-11,미국국채2년,4.71,https://fred.stlouisfed.org/series/DGS2
2023-12-12,미국국채2년,4.73,https://fred.stlouisfed.org/series/DGS2
2023-12-13,미국국채2년,4.46,https://fred.stlouisfed.org/series/DGS2
2023-12-14,미국국채2년,4.37,https://fred.stlouisfed.org/series/DGS2
2023-12-15,미국국채2년,4.44,https://fred.stlouisfed.org/series/DGS2
2023-12-18,미국국채2년,4.43,https://fred.stlouisfed.org/series/DGS2
2023-12-19,미국국채2년,4.41,https://fred.stlouisfed.org/series/DGS2
2023-12-20,미국국채2년,4.34,https://fred.stlouisfed.org/series/DGS2
2023-12-21,미국국채2년,4.33,https://fred.stlouisfed.org/series/DGS2
2023-12-22,미국국채2년,4.31,https://fred.stlouisfed.org/series/DGS2
2023-12-26,미국국채2년,4.26,https://fred.stlouisfed.org/series/DGS2
2023-12-27,미국국채2년,4.2,https://fred.stlouisfed.org/series/DGS2
2023-12-28,미국국채2년,4.26,https://fred.stlouisfed.org/series/DGS2
2023-12-29,미국국채2년,4.23,https://fred.stlouisfed.org/series/DGS2
2024-01-02,미국국채2년,4.33,https://fred.stlouisfed.org/series/DGS2
2024-01-03,미국국채2년,4.33,https://fred.stlouisfed.org/series/DGS2
2024-01-04,미국국채2년,4.38,https://fred.stlouisfed.org/series/DGS2
2024-01-05,미국국채2년,4.4,https://fred.stlouisfed.org/series/DGS2
2024-01-08,미국국채2년,4.36,https://fred.stlouisfed.org/series/DGS2
2024-01-09,미국국채2년,4.36,https://fred.stlouisfed.org/series/DGS2
2024-01-10,미국국채2년,4.37,https://fred.stlouisfed.org/series/DGS2
2024-01-11,미국국채2년,4.26,https://fred.stlouisfed.org/series/DGS2
2024-01-12,미국국채2년,4.14,https://fred.stlouisfed.org/series/DGS2
2024-01-16,미국국채2년,4.22,https://fred.stlouisfed.org/series/DGS2
2024-01-17,미국국채2년,4.34,https://fred.stlouisfed.org/series/DGS2
2024-01-18,미국국채2년,4.34,https://fred.stlouisfed.org/series/DGS2
2024-01-19,미국국채2년,4.39,https://fred.stlouisfed.org/series/DGS2
2024-01-22,미국국채2년,4.37,https://fred.stlouisfed.org/series/DGS2
2024-01-23,미국국채2년,4.31,https://fred.stlouisfed.org/series/DGS2
2024-01-24,미국국채2년,4.34,https://fred.stlouisfed.org/series/DGS2
2024-01-25,미국국채2년,4.28,https://fred.stlouisfed.org/series/DGS2
2024-01-26,미국국채2년,4.34,https://fred.stlouisfed.org/series/DGS2
2024-01-29,미국국채2년,4.29,https://fred.stlouisfed.org/series/DGS2
2024-01-30,미국국채2년,4.36,https://fred.stlouisfed.org/series/DGS2
2024-01-31,미국국채2년,4.27,https://fred.stlouisfed.org/series/DGS2
2024-02-01,미국국채2년,4.2,https://fred.stlouisfed.org/series/DGS2
2024-02-02,미국국채2년,4.36,https://fred.stlouisfed.org/series/DGS2
2024-02-05,미국국채2년,4.46,https://fred.stlouisfed.org/series/DGS2
2024-02-06,미국국채2년,4.39,https://fred.stlouisfed.org/series/DGS2
2024-02-07,미국국채2년,4.41,https://fred.stlouisfed.org/series/DGS2
2024-02-08,미국국채2년,4.46,https://fred.stlouisfed.org/series/DGS2
2024-02-09,미국국채2년,4.48,https://fred.stlouisfed.org/series/DGS2
2024-02-12,미국국채2년,4.46,https://fred.stlouisfed.org/series/DGS2
2024-02-13,미국국채2년,4.64,https://fred.stlouisfed.org/series/DGS2
2024-02-14,미국국채2년,4.56,https://fred.stlouisfed.org/series/DGS2
2024-02-15,미국국채2년,4.56,https://fred.stlouisfed.org/series/DGS2
2024-02-16,미국국채2년,4.64,https://fred.stlouisfed.org/series/DGS2
2024-02-20,미국국채2년,4.59,https://fred.stlouisfed.org/series/DGS2
2024-02-21,미국국채2년,4.64,https://fred.stlouisfed.org/series/DGS2
2024-02-22,미국국채2년,4.69,https://fred.stlouisfed.org/series/DGS2
2024-02-23,미국국채2년,4.67,https://fred.stlouisfed.org/series/DGS2
2024-02-26,미국국채2년,4.69,https://fred.stlouisfed.org/series/DGS2
2024-02-27,미국국채2년,4.7,https://fred.stlouisfed.org/series/DGS2
2024-02-28,미국국채2년,4.64,https://fred.stlouisfed.org/series/DGS2
2024-02-29,미국국채2년,4.64,https://fred.stlouisfed.org/series/DGS2
2024-03-01,미국국채2년,4.54,https://fred.stlouisfed.org/series/DGS2
2024-03-04,미국국채2년,4.61,https://fred.stlouisfed.org/series/DGS2
2024-03-05,미국국채2년,4.54,https://fred.stlouisfed.org/series/DGS2
2024-03-06,미국국채2년,4.55,https://fred.stlouisfed.org/series/DGS2
2024-03-07,미국국채2년,4.5,https://fred.stlouisfed.org/series/DGS2
2024-03-08,미국국채2년,4.48,https://fred.stlouisfed.org/series/DGS2
2024-03-11,미국국채2년,4.51,https://fred.stlouisfed.org/series/DGS2
2024-03-12,미국국채2년,4.58,https://fred.stlouisfed.org/series/DGS2
2024-03-13,미국국채2년,4.61,https://fred.stlouisfed.org/series/DGS2
2024-03-14,미국국채2년,4.68,https://fred.stlouisfed.org/series/DGS2
2024-03-15,미국국채2년,4.72,https://fred.stlouisfed.org/series/DGS2
2024-03-18,미국국채2년,4.73,https://fred.stlouisfed.org/series/DGS2
2024-03-19,미국국채2년,4.68,https://fred.stlouisfed.org/series/DGS2
2024-03-20,미국국채2년,4.59,https://fred.stlouisfed.org/series/DGS2
2024-03-21,미국국채2년,4.62,https://fred.stlouisfed.org/series/DGS2
2024-03-22,미국국채2년,4.59,https://fred.stlouisfed.org/series/DGS2
2024-03-25,미국국채2년,4.54,https://fred.stlouisfed.org/series/DGS2
2024-03-26,미국국채2년,4.56,https://fred.stlouisfed.org/series/DGS2
2024-03-27,미국국채2년,4.54,https://fred.stlouisfed.org/series/DGS2
2024-03-28,미국국채2년,4.59,https://fred.stlouisfed.org/series/DGS2
2024-04-01,미국국채2년,4.72,https://fred.stlouisfed.org/series/DGS2
2024-04-02,미국국채2년,4.7,https://fred.stlouisfed.org/series/DGS2
2024-04-03,미국국채2년,4.68,https://fred.stlouisfed.org/series/DGS2
2024-04-04,미국국채2년,4.65,https://fred.stlouisfed.org/series/DGS2
2024-04-05,미국국채2년,4.73,https://fred.stlouisfed.org/series/DGS2
2024-04-08,미국국채2년,4.78,https://fred.stlouisfed.org/series/DGS2
2024-04-09,미국국채2년,4.74,https://fred.stlouisfed.org/series/DGS2
2024-04-10,미국국채2년,4.97,https://fred.stlouisfed.org/series/DGS2
2024-04-11,미국국채2년,4.93,https://fred.stlouisfed.org/series/DGS2
2024-04-12,미국국채2년,4.88,https://fred.stlouisfed.org/series/DGS2
2024-04-15,미국국채2년,4.93,https://fred.stlouisfed.org/series/DGS2
2024-04-16,미국국채2년,4.97,https://fred.stlouisfed.org/series/DGS2
2024-04-17,미국국채2년,4.93,https://fred.stlouisfed.org/series/DGS2
2024-04-18,미국국채2년,4.98,https://fred.stlouisfed.org/series/DGS2
2024-04-19,미국국채2년,4.97,https://fred.stlouisfed.org/series/DGS2
2024-04-22,미국국채2년,4.97,https://fred.stlouisfed.org/series/DGS2
2024-04-23,미국국채2년,4.86,https://fred.stlouisfed.org/series/DGS2
2024-04-24,미국국채2년,4.89,https://fred.stlouisfed.org/series/DGS2
2024-04-25,미국국채2년,4.96,https://fred.stlouisfed.org/series/DGS2
2024-04-26,미국국채2년,4.96,https://fred.stlouisfed.org/series/DGS2
2024-04-29,미국국채2년,4.97,https://fred.stlouisfed.org/series/DGS2
2024-04-30,미국국채2년,5.04,https://fred.stlouisfed.org/series/DGS2
2024-05-01,미국국채2년,4.96,https://fred.stlouisfed.org/series/DGS2
2024-05-02,미국국채2년,4.87,https://fred.stlouisfed.org/series/DGS2
2024-05-03,미국국채2년,4.81,https://fred.stlouisfed.org/series/DGS2
2024-05-06,미국국채2년,4.82,https://fred.stlouisfed.org/series/DGS2
2024-05-07,미국국채2년,4.82,https://fred.stlouisfed.org/series/DGS2
2024-05-08,미국국채2년,4.84,https://fred.stlouisfed.org/series/DGS2
2024-05-09,미국국채2년,4.8,https://fred.stlouisfed.org/series/DGS2
2024-05-10,미국국채2년,4.87,https://fred.stlouisfed.org/series/DGS2
2024-05-13,미국국채2년,4.85,https://fred.stlouisfed.org/series/DGS2
2024-05-14,미국국채2년,4.81,https://fred.stlouisfed.org/series/DGS2
2024-05-15,미국국채2년,4.73,https://fred.stlouisfed.org/series/DGS2
2024-05-16,미국국채2년,4.78,https://fred.stlouisfed.org/series/DGS2
2024-05-17,미국국채2년,4.83,https://fred.stlouisfed.org/series/DGS2
2024-05-20,미국국채2년,4.82,https://fred.stlouisfed.org/series/DGS2
2024-05-21,미국국채2년,4.82,https://fred.stlouisfed.org/series/DGS2
2024-05-22,미국국채2년,4.86,https://fred.stlouisfed.org/series/DGS2
2024-05-23,미국국채2년,4.91,https://fred.stlouisfed.org/series/DGS2
2024-05-24,미국국채2년,4.93,https://fred.stlouisfed.org/series/DGS2
2024-05-28,미국국채2년,4.94,https://fred.stlouisfed.org/series/DGS2
2024-05-29,미국국채2년,4.96,https://fred.stlouisfed.org/series/DGS2
2024-05-30,미국국채2년,4.92,https://fred.stlouisfed.org/series/DGS2
2024-05-31,미국국채2년,4.89,https://fred.stlouisfed.org/series/DGS2
2024-06-03,미국국채2년,4.82,https://fred.stlouisfed.org/series/DGS2
2024-06-04,미국국채2년,4.77,https://fred.stlouisfed.org/series/DGS2
2024-06-05,미국국채2년,4.72,https://fred.stlouisfed.org/series/DGS2
2024-06-06,미국국채2년,4.72,https://fred.stlouisfed.org/series/DGS2
2024-06-07,미국국채2년,4.87,https://fred.stlouisfed.org/series/DGS2
2024-06-10,미국국채2년,4.87,https://fred.stlouisfed.org/series/DGS2
2024-06-11,미국국채2년,4.81,https://fred.stlouisfed.org/series/DGS2
2024-06-12,미국국채2년,4.75,https://fred.stlouisfed.org/series/DGS2
2024-06-13,미국국채2년,4.68,https://fred.stlouisfed.org/series/DGS2
2024-06-14,미국국채2년,4.67,https://fred.stlouisfed.org/series/DGS2
2024-06-17,미국국채2년,4.75,https://fred.stlouisfed.org/series/DGS2
2024-06-18,미국국채2년,4.69,https://fred.stlouisfed.org/series/DGS2
2024-06-20,미국국채2년,4.7,https://fred.stlouisfed.org/series/DGS2
2024-06-21,미국국채2년,4.7,https://fred.stlouisfed.org/series/DGS2
2024-06-24,미국국채2년,4.71,https://fred.stlouisfed.org/series/DGS2
2024-06-25,미국국채2년,4.65,https://fred.stlouisfed.org/series/DGS2
2024-06-26,미국국채2년,4.71,https://fred.stlouisfed.org/series/DGS2
2024-06-27,미국국채2년,4.7,https://fred.stlouisfed.org/series/DGS2
2024-06-28,미국국채2년,4.71,https://fred.stlouisfed.org/series/DGS2
2024-07-01,미국국채2년,4.77,https://fred.stlouisfed.org/series/DGS2
2024-07-02,미국국채2년,4.74,https://fred.stlouisfed.org/series/DGS2
2024-07-03,미국국채2년,4.71,https://fred.stlouisfed.org/series/DGS2
2024-07-05,미국국채2년,4.6,https://fred.stlouisfed.org/series/DGS2
2024-07-08,미국국채2년,4.62,https://fred.stlouisfed.org/series/DGS2
2024-07-09,미국국채2년,4.62,https://fred.stlouisfed.org/series/DGS2
2024-07-10,미국국채2년,4.62,https://fred.stlouisfed.org/series/DGS2
2024-07-11,미국국채2년,4.5,https://fred.stlouisfed.org/series/DGS2
2024-07-12,미국국채2년,4.45,https://fred.stlouisfed.org/series/DGS2
2024-07-15,미국국채2년,4.44,https://fred.stlouisfed.org/series/DGS2
2024-07-16,미국국채2년,4.43,https://fred.stlouisfed.org/series/DGS2
2024-07-17,미국국채2년,4.42,https://fred.stlouisfed.org/series/DGS2
2024-07-18,미국국채2년,4.46,https://fred.stlouisfed.org/series/DGS2
2024-07-19,미국국채2년,4.49,https://fred.stlouisfed.org/series/DGS2
2024-07-22,미국국채2년,4.5,https://fred.stlouisfed.org/series/DGS2
2024-07-23,미국국채2년,4.4,https://fred.stlouisfed.org/series/DGS2
2024-07-24,미국국채2년,4.37,https://fred.stlouisfed.org/series/DGS2
2024-07-25,미국국채2년,4.41,https://fred.stlouisfed.org/series/DGS2
2024-07-26,미국국채2년,4.36,https://fred.stlouisfed.org/series/DGS2
2024-07-29,미국국채2년,4.36,https://fred.stlouisfed.org/series/DGS2
2024-07-30,미국국채2년,4.35,https://fred.stlouisfed.org/series/DGS2
2024-07-31,미국국채2년,4.29,https://fred.stlouisfed.org/series/DGS2
2024-08-01,미국국채2년,4.16,https://fred.stlouisfed.org/series/DGS2
2024-08-02,미국국채2년,3.88,https://fred.stlouisfed.org/series/DGS2
2024-08-05,미국국채2년,3.89,https://fred.stlouisfed.org/series/DGS2
2024-08-06,미국국채2년,3.99,https://fred.stlouisfed.org/series/DGS2
2024-08-07,미국국채2년,4.0,https://fred.stlouisfed.org/series/DGS2
2024-08-08,미국국채2년,4.04,https://fred.stlouisfed.org/series/DGS2
2024-08-09,미국국채2년,4.05,https://fred.stlouisfed.org/series/DGS2
2024-08-12,미국국채2년,4.01,https://fred.stlouisfed.org/series/DGS2
2024-08-13,미국국채2년,3.93,https://fred.stlouisfed.org/series/DGS2
2024-08-14,미국국채2년,3.94,https://fred.stlouisfed.org/series/DGS2
2024-08-15,미국국채2년,4.08,https://fred.stlouisfed.org/series/DGS2
2024-08-16,미국국채2년,4.06,https://fred.stlouisfed.org/series/DGS2
2024-08-19,미국국채2년,4.06,https://fred.stlouisfed.org/series/DGS2
2024-08-20,미국국채2년,3.99,https://fred.stlouisfed.org/series/DGS2
2024-08-21,미국국채2년,3.92,https://fred.stlouisfed.org/series/DGS2
2024-08-22,미국국채2년,3.99,https://fred.stlouisfed.org/series/DGS2
2024-08-23,미국국채2년,3.9,https://fred.stlouisfed.org/series/DGS2
2024-08-26,미국국채2년,3.91,https://fred.stlouisfed.org/series/DGS2
2024-08-27,미국국채2년,3.83,https://fred.stlouisfed.org/series/DGS2
2024-08-28,미국국채2년,3.83,https://fred.stlouisfed.org/series/DGS2
2024-08-29,미국국채2년,3.87,https://fred.stlouisfed.org/series/DGS2
2024-08-30,미국국채2년,3.91,https://fred.stlouisfed.org/series/DGS2
2024-09-03,미국국채2년,3.88,https://fred.stlouisfed.org/series/DGS2
2024-09-04,미국국채2년,3.76,https://fred.stlouisfed.org/series/DGS2
2024-09-05,미국국채2년,3.75,https://fred.stlouisfed.org/series/DGS2
2024-09-06,미국국채2년,3.66,https://fred.stlouisfed.org/series/DGS2
2024-09-09,미국국채2년,3.68,https://fred.stlouisfed.org/series/DGS2
2024-09-10,미국국채2년,3.59,https://fred.stlouisfed.org/series/DGS2
2024-09-11,미국국채2년,3.62,https://fred.stlouisfed.org/series/DGS2
2024-09-12,미국국채2년,3.64,https://fred.stlouisfed.org/series/DGS2
2024-09-13,미국국채2년,3.57,https://fred.stlouisfed.org/series/DGS2
2024-09-16,미국국채2년,3.56,https://fred.stlouisfed.org/series/DGS2
2024-09-17,미국국채2년,3.59,https://fred.stlouisfed.org/series/DGS2
2024-09-18,미국국채2년,3.61,https://fred.stlouisfed.org/series/DGS2
2024-09-19,미국국채2년,3.59,https://fred.stlouisfed.org/series/DGS2
2024-09-20,미국국채2년,3.55,https://fred.stlouisfed.org/series/DGS2
2024-09-23,미국국채2년,3.57,https://fred.stlouisfed.org/series/DGS2
2024-09-24,미국국채2년,3.49,https://fred.stlouisfed.org/series/DGS2
2024-09-25,미국국채2년,3.53,https://fred.stlouisfed.org/series/DGS2
2024-09-26,미국국채2년,3.6,https://fred.stlouisfed.org/series/DGS2
2024-09-27,미국국채2년,3.55,https://fred.stlouisfed.org/series/DGS2
2024-09-30,미국국채2년,3.66,https://fred.stlouisfed.org/series/DGS2
2024-10-01,미국국채2년,3.61,https://fred.stlouisfed.org/series/DGS2
2024-10-02,미국국채2년,3.63,https://fred.stlouisfed.org/series/DGS2
2024-10-03,미국국채2년,3.7,https://fred.stlouisfed.org/series/DGS2
2024-10-04,미국국채2년,3.93,https://fred.stlouisfed.org/series/DGS2
2024-10-07,미국국채2년,3.99,https://fred.stlouisfed.org/series/DGS2
2024-10-08,미국국채2년,3.98,https://fred.stlouisfed.org/series/DGS2
2024-10-09,미국국채2년,3.99,https://fred.stlouisfed.org/series/DGS2
2024-10-10,미국국채2년,3.98,https://fred.stlouisfed.org/series/DGS2
2024-10-11,미국국채2년,3.95,https://fred.stlouisfed.org/series/DGS2
2024-10-15,미국국채2년,3.95,https://fred.stlouisfed.org/series/DGS2
2024-10-16,미국국채2년,3.93,https://fred.stlouisfed.org/series/DGS2
2024-10-17,미국국채2년,3.96,https://fred.stlouisfed.org/series/DGS2
2024-10-18,미국국채2년,3.95,https://fred.stlouisfed.org/series/DGS2
2024-10-21,미국국채2년,4.02,https://fred.stlouisfed.org/series/DGS2
2024-10-22,미국국채2년,4.03,https://fred.stlouisfed.org/series/DGS2
2024-10-23,미국국채2년,4.07,https://fred.stlouisfed.org/series/DGS2
2024-10-24,미국국채2년,4.07,https://fred.stlouisfed.org/series/DGS2
2024-10-25,미국국채2년,4.11,https://fred.stlouisfed.org/series/DGS2
2024-10-28,미국국채2년,4.12,https://fred.stlouisfed.org/series/DGS2
2024-10-29,미국국채2년,4.11,https://fred.stlouisfed.org/series/DGS2
2024-10-30,미국국채2년,4.15,https://fred.stlouisfed.org/series/DGS2
2024-10-31,미국국채2년,4.16,https://fred.stlouisfed.org/series/DGS2
2024-11-01,미국국채2년,4.21,https://fred.stlouisfed.org/series/DGS2
2024-11-04,미국국채2년,4.17,https://fred.stlouisfed.org/series/DGS2
2024-11-05,미국국채2년,4.19,https://fred.stlouisfed.org/series/DGS2
2024-11-06,미국국채2년,4.27,https://fred.stlouisfed.org/series/DGS2
2024-11-07,미국국채2년,4.21,https://fred.stlouisfed.org/series/DGS2
2024-11-08,미국국채2년,4.26,https://fred.stlouisfed.org/series/DGS2
2024-11-12,미국국채2년,4.34,https://fred.stlouisfed.org/series/DGS2
2024-11-13,미국국채2년,4.27,https://fred.stlouisfed.org/series/DGS2
2024-11-14,미국국채2년,4.34,https://fred.stlouisfed.org/series/DGS2
2024-11-15,미국국채2년,4.31,https://fred.stlouisfed.org/series/DGS2
2024-11-18,미국국채2년,4.29,https://fred.stlouisfed.org/series/DGS2
2024-11-19,미국국채2년,4.27,https://fred.stlouisfed.org/series/DGS2
2024-11-20,미국국채2년,4.31,https://fred.stlouisfed.org/series/DGS2
2024-11-21,미국국채2년,4.34,https://fred.stlouisfed.org/series/DGS2
2024-11-22,미국국채2년,4.37,https://fred.stlouisfed.org/series/DGS2
2024-11-25,미국국채2년,4.21,https://fred.stlouisfed.org/series/DGS2
2024-11-26,미국국채2년,4.21,https://fred.stlouisfed.org/series/DGS2
2024-11-27,미국국채2년,4.19,https://fred.stlouisfed.org/series/DGS2
2024-11-29,미국국채2년,4.13,https://fred.stlouisfed.org/series/DGS2
2024-12-02,미국국채2년,4.17,https://fred.stlouisfed.org/series/DGS2
2024-12-03,미국국채2년,4.17,https://fred.stlouisfed.org/series/DGS2
2024-12-04,미국국채2년,4.13,https://fred.stlouisfed.org/series/DGS2
2024-12-05,미국국채2년,4.15,https://fred.stlouisfed.org/series/DGS2
2024-12-06,미국국채2년,4.1,https://fred.stlouisfed.org/series/DGS2
2024-12-09,미국국채2년,4.13,https://fred.stlouisfed.org/series/DGS2
2024-12-10,미국국채2년,4.15,https://fred.stlouisfed.org/series/DGS2
2024-12-11,미국국채2년,4.15,https://fred.stlouisfed.org/series/DGS2
2024-12-12,미국국채2년,4.18,https://fred.stlouisfed.org/series/DGS2
2024-12-13,미국국채2년,4.25,https://fred.stlouisfed.org/series/DGS2
2024-12-16,미국국채2년,4.25,https://fred.stlouisfed.org/series/DGS2
2024-12-17,미국국채2년,4.25,https://fred.stlouisfed.org/series/DGS2
2024-12-18,미국국채2년,4.35,https://fred.stlouisfed.org/series/DGS2
2024-12-19,미국국채2년,4.32,https://fred.stlouisfed.org/series/DGS2
2024-12-20,미국국채2년,4.3,https://fred.stlouisfed.org/series/DGS2
2024-12-23,미국국채2년,4.3,https://fred.stlouisfed.org/series/DGS2
2024-12-24,미국국채2년,4.29,https://fred.stlouisfed.org/series/DGS2
2024-12-26,미국국채2년,4.3,https://fred.stlouisfed.org/series/DGS2
2024-12-27,미국국채2년,4.31,https://fred.stlouisfed.org/series/DGS2
2024-12-30,미국국채2년,4.24,https://fred.stlouisfed.org/series/DGS2
2024-12-31,미국국채2년,4.25,https://fred.stlouisfed.org/series/DGS2
2025-01-02,미국국채2년,4.25,https://fred.stlouisfed.org/series/DGS2
2025-01-03,미국국채2년,4.28,https://fred.stlouisfed.org/series/DGS2
2025-01-06,미국국채2년,4.28,https://fred.stlouisfed.org/series/DGS2
2025-01-07,미국국채2년,4.3,https://fred.stlouisfed.org/series/DGS2
2025-01-08,미국국채2년,4.28,https://fred.stlouisfed.org/series/DGS2
2025-01-09,미국국채2년,4.27,https://fred.stlouisfed.org/series/DGS2
2025-01-10,미국국채2년,4.4,https://fred.stlouisfed.org/series/DGS2
2025-01-13,미국국채2년,4.4,https://fred.stlouisfed.org/series/DGS2
2025-01-14,미국국채2년,4.37,https://fred.stlouisfed.org/series/DGS2
2025-01-15,미국국채2년,4.27,https://fred.stlouisfed.org/series/DGS2
2025-01-16,미국국채2년,4.23,https://fred.stlouisfed.org/series/DGS2
2025-01-17,미국국채2년,4.27,https://fred.stlouisfed.org/series/DGS2
2025-01-21,미국국채2년,4.29,https://fred.stlouisfed.org/series/DGS2
2025-01-22,미국국채2년,4.29,https://fred.stlouisfed.org/series/DGS2
2025-01-23,미국국채2년,4.29,https://fred.stlouisfed.org/series/DGS2
2025-01-24,미국국채2년,4.27,https://fred.stlouisfed.org/series/DGS2
2025-01-27,미국국채2년,4.17,https://fred.stlouisfed.org/series/DGS2
2025-01-28,미국국채2년,4.19,https://fred.stlouisfed.org/series/DGS2
2025-01-29,미국국채2년,4.21,https://fred.stlouisfed.org/series/DGS2
2025-01-30,미국국채2년,4.18,https://fred.stlouisfed.org/series/DGS2
2025-01-31,미국국채2년,4.22,https://fred.stlouisfed.org/series/DGS2
2025-02-03,미국국채2년,4.26,https://fred.stlouisfed.org/series/DGS2
2025-02-04,미국국채2년,4.21,https://fred.stlouisfed.org/series/DGS2
2025-02-05,미국국채2년,4.17,https://fred.stlouisfed.org/series/DGS2
2025-02-06,미국국채2년,4.21,https://fred.stlouisfed.org/series/DGS2
2025-02-07,미국국채2년,4.29,https://fred.stlouisfed.org/series/DGS2
2025-02-10,미국국채2년,4.28,https://fred.stlouisfed.org/series/DGS2
2025-02-11,미국국채2년,4.29,https://fred.stlouisfed.org/series/DGS2
2025-02-12,미국국채2년,4.36,https://fred.stlouisfed.org/series/DGS2
2025-02-13,미국국채2년,4.31,https://fred.stlouisfed.org/series/DGS2
2025-02-14,미국국채2년,4.26,https://fred.stlouisfed.org/series/DGS2
2025-02-18,미국국채2년,4.29,https://fred.stlouisfed.org/series/DGS2
2025-02-19,미국국채2년,4.28,https://fred.stlouisfed.org/series/DGS2
2025-02-20,미국국채2년,4.28,https://fred.stlouisfed.org/series/DGS2
2025-02-21,미국국채2년,4.19,https://fred.stlouisfed.org/series/DGS2
2025-02-24,미국국채2년,4.13,https://fred.stlouisfed.org/series/DGS2
2025-02-25,미국국채2년,4.07,https://fred.stlouisfed.org/series/DGS2
2025-02-26,미국국채2년,4.05,https://fred.stlouisfed.org/series/DGS2
2025-02-27,미국국채2년,4.07,https://fred.stlouisfed.org/series/DGS2
2025-02-28,미국국채2년,3.99,https://fred.stlouisfed.org/series/DGS2
2025-03-03,미국국채2년,3.96,https://fred.stlouisfed.org/series/DGS2
2025-03-04,미국국채2년,3.96,https://fred.stlouisfed.org/series/DGS2
2025-03-05,미국국채2년,3.99,https://fred.stlouisfed.org/series/DGS2
2025-03-06,미국국채2년,3.96,https://fred.stlouisfed.org/series/DGS2
2025-03-07,미국국채2년,3.99,https://fred.stlouisfed.org/series/DGS2
2025-03-10,미국국채2년,3.89,https://fred.stlouisfed.org/series/DGS2
2025-03-11,미국국채2년,3.94,https://fred.stlouisfed.org/series/DGS2
2025-03-12,미국국채2년,4.01,https://fred.stlouisfed.org/series/DGS2
2025-03-13,미국국채2년,3.94,https://fred.stlouisfed.org/series/DGS2
2025-03-14,미국국채2년,4.02,https://fred.stlouisfed.org/series/DGS2
2025-03-17,미국국채2년,4.06,https://fred.stlouisfed.org/series/DGS2
2025-03-18,미국국채2년,4.04,https://fred.stlouisfed.org/series/DGS2
2025-03-19,미국국채2년,3.99,https://fred.stlouisfed.org/series/DGS2
2025-03-20,미국국채2년,3.95,https://fred.stlouisfed.org/series/DGS2
2025-03-21,미국국채2년,3.94,https://fred.stlouisfed.org/series/DGS2
2025-03-24,미국국채2년,4.04,https://fred.stlouisfed.org/series/DGS2
2025-03-25,미국국채2년,3.96,https://fred.stlouisfed.org/series/DGS2
2025-03-26,미국국채2년,3.98,https://fred.stlouisfed.org/series/DGS2
2025-03-27,미국국채2년,3.97,https://fred.stlouisfed.org/series/DGS2
2025-03-28,미국국채2년,3.89,https://fred.stlouisfed.org/series/DGS2
2025-03-31,미국국채2년,3.89,https://fred.stlouisfed.org/series/DGS2
2025-04-01,미국국채2년,3.87,https://fred.stlouisfed.org/series/DGS2
2025-04-02,미국국채2년,3.91,https://fred.stlouisfed.org/series/DGS2
2025-04-03,미국국채2년,3.71,https://fred.stlouisfed.org/series/DGS2
2025-04-04,미국국채2년,3.68,https://fred.stlouisfed.org/series/DGS2
2025-04-07,미국국채2년,3.73,https://fred.stlouisfed.org/series/DGS2
2025-04-08,미국국채2년,3.71,https://fred.stlouisfed.org/series/DGS2
2025-04-09,미국국채2년,3.91,https://fred.stlouisfed.org/series/DGS2
2025-04-10,미국국채2년,3.84,https://fred.stlouisfed.org/series/DGS2
2025-04-11,미국국채2년,3.96,https://fred.stlouisfed.org/series/DGS2
2025-04-14,미국국채2년,3.84,https://fred.stlouisfed.org/series/DGS2
2025-04-15,미국국채2년,3.84,https://fred.stlouisfed.org/series/DGS2
2025-04-16,미국국채2년,3.77,https://fred.stlouisfed.org/series/DGS2
2025-04-17,미국국채2년,3.81,https://fred.stlouisfed.org/series/DGS2
2025-04-21,미국국채2년,3.75,https://fred.stlouisfed.org/series/DGS2
2025-04-22,미국국채2년,3.76,https://fred.stlouisfed.org/series/DGS2
2025-04-23,미국국채2년,3.81,https://fred.stlouisfed.org/series/DGS2
2025-04-24,미국국채2년,3.77,https://fred.stlouisfed.org/series/DGS2
2025-04-25,미국국채2년,3.74,https://fred.stlouisfed.org/series/DGS2
2025-04-28,미국국채2년,3.67,https://fred.stlouisfed.org/series/DGS2
2025-04-29,미국국채2년,3.65,https://fred.stlouisfed.org/series/DGS2
2025-04-30,미국국채2년,3.6,https://fred.stlouisfed.org/series/DGS2
2025-05-01,미국국채2년,3.7,https://fred.stlouisfed.org/series/DGS2
2025-05-02,미국국채2년,3.83,https://fred.stlouisfed.org/series/DGS2
2025-05-05,미국국채2년,3.83,https://fred.stlouisfed.org/series/DGS2
2025-05-06,미국국채2년,3.78,https://fred.stlouisfed.org/series/DGS2
2025-05-07,미국국채2년,3.78,https://fred.stlouisfed.org/series/DGS2
2025-05-08,미국국채2년,3.9,https://fred.stlouisfed.org/series/DGS2
2025-05-09,미국국채2년,3.88,https://fred.stlouisfed.org/series/DGS2
2025-05-12,미국국채2년,3.98,https://fred.stlouisfed.org/series/DGS2
2025-05-13,미국국채2년,4.02,https://fred.stlouisfed.org/series/DGS2
2025-05-14,미국국채2년,4.05,https://fred.stlouisfed.org/series/DGS2
2025-05-15,미국국채2년,3.96,https://fred.stlouisfed.org/series/DGS2
2025-05-16,미국국채2년,3.98,https://fred.stlouisfed.org/series/DGS2
2025-05-19,미국국채2년,3.97,https://fred.stlouisfed.org/series/DGS2
2025-05-20,미국국채2년,3.97,https://fred.stlouisfed.org/series/DGS2
2025-05-21,미국국채2년,4.0,https://fred.stlouisfed.org/series/DGS2
2025-05-22,미국국채2년,4.0,https://fred.stlouisfed.org/series/DGS2
2025-05-23,미국국채2년,4.0,https://fred.stlouisfed.org/series/DGS2
2025-05-27,미국국채2년,3.92,https://fred.stlouisfed.org/series/DGS2
2025-05-28,미국국채2년,3.96,https://fred.stlouisfed.org/series/DGS2
2025-05-29,미국국채2년,3.92,https://fred.stlouisfed.org/series/DGS2
2025-05-30,미국국채2년,3.89,https://fred.stlouisfed.org/series/DGS2
2025-06-02,미국국채2년,3.94,https://fred.stlouisfed.org/series/DGS2
2025-06-03,미국국채2년,3.96,https://fred.stlouisfed.org/series/DGS2
2025-06-04,미국국채2년,3.87,https://fred.stlouisfed.org/series/DGS2
2025-06-05,미국국채2년,3.92,https://fred.stlouisfed.org/series/DGS2
2025-06-06,미국국채2년,4.04,https://fred.stlouisfed.org/series/DGS2
2025-06-09,미국국채2년,4.01,https://fred.stlouisfed.org/series/DGS2
2025-06-10,미국국채2년,4.01,https://fred.stlouisfed.org/series/DGS2
2025-06-11,미국국채2년,3.94,https://fred.stlouisfed.org/series/DGS2
2025-06-12,미국국채2년,3.9,https://fred.stlouisfed.org/series/DGS2
2025-06-13,미국국채2년,3.96,https://fred.stlouisfed.org/series/DGS2
2025-06-16,미국국채2년,3.97,https://fred.stlouisfed.org/series/DGS2
2025-06-17,미국국채2년,3.94,https://fred.stlouisfed.org/series/DGS2
2025-06-18,미국국채2년,3.94,https://fred.stlouisfed.org/series/DGS2
2025-06-20,미국국채2년,3.9,https://fred.stlouisfed.org/series/DGS2
2025-06-23,미국국채2년,3.84,https://fred.stlouisfed.org/series/DGS2
2025-06-24,미국국채2년,3.75,https://fred.stlouisfed.org/series/DGS2
2025-06-25,미국국채2년,3.74,https://fred.stlouisfed.org/series/DGS2
2025-06-26,미국국채2년,3.7,https://fred.stlouisfed.org/series/DGS2
2025-06-27,미국국채2년,3.73,https://fred.stlouisfed.org/series/DGS2
2025-06-30,미국국채2년,3.72,https://fred.stlouisfed.org/series/DGS2
2025-07-01,미국국채2년,3.78,https://fred.stlouisfed.org/series/DGS2
2025-07-02,미국국채2년,3.78,https://fred.stlouisfed.org/series/DGS2
2025-07-03,미국국채2년,3.88,https://fred.stlouisfed.org/series/DGS2
2025-07-07,미국국채2년,3.9,https://fred.stlouisfed.org/series/DGS2
2025-07-08,미국국채2년,3.9,https://fred.stlouisfed.org/series/DGS2
2025-07-09,미국국채2년,3.86,https://fred.stlouisfed.org/series/DGS2
2025-07-10,미국국채2년,3.86,https://fred.stlouisfed.org/series/DGS2
2025-07-11,미국국채2년,3.9,https://fred.stlouisfed.org/series/DGS2
2025-07-14,미국국채2년,3.9,https://fred.stlouisfed.org/series/DGS2
2025-07-15,미국국채2년,3.95,https://fred.stlouisfed.org/series/DGS2
2025-07-16,미국국채2년,3.88,https://fred.stlouisfed.org/series/DGS2
2025-07-17,미국국채2년,3.91,https://fred.stlouisfed.org/series/DGS2
2025-07-18,미국국채2년,3.88,https://fred.stlouisfed.org/series/DGS2
2025-07-21,미국국채2년,3.85,https://fred.stlouisfed.org/series/DGS2
2025-07-22,미국국채2년,3.83,https://fred.stlouisfed.org/series/DGS2
2025-07-23,미국국채2년,3.88,https://fred.stlouisfed.org/series/DGS2
2025-07-24,미국국채2년,3.91,https://fred.stlouisfed.org/series/DGS2
2025-07-25,미국국채2년,3.91,https://fred.stlouisfed.org/series/DGS2
2025-07-28,미국국채2년,3.91,https://fred.stlouisfed.org/series/DGS2
2025-07-29,미국국채2년,3.86,https://fred.stlouisfed.org/series/DGS2
2025-07-30,미국국채2년,3.94,https://fred.stlouisfed.org/series/DGS2
2025-07-31,미국국채2년,3.94,https://fred.stlouisfed.org/series/DGS2
2025-08-01,미국국채2년,3.69,https://fred.stlouisfed.org/series/DGS2
2025-08-04,미국국채2년,3.69,https://fred.stlouisfed.org/series/DGS2
2025-08-05,미국국채2년,3.72,https://fred.stlouisfed.org/series/DGS2
2025-08-06,미국국채2년,3.69,https://fred.stlouisfed.org/series/DGS2
2025-08-07,미국국채2년,3.72,https://fred.stlouisfed.org/series/DGS2
2025-08-08,미국국채2년,3.76,https://fred.stlouisfed.org/series/DGS2
2025-08-11,미국국채2년,3.76,https://fred.stlouisfed.org/series/DGS2
2025-08-12,미국국채2년,3.72,https://fred.stlouisfed.org/series/DGS2
2025-08-13,미국국채2년,3.67,https://fred.stlouisfed.org/series/DGS2
2025-08-14,미국국채2년,3.74,https://fred.stlouisfed.org/series/DGS2
2025-08-15,미국국채2년,3.75,https://fred.stlouisfed.org/series/DGS2
2025-08-18,미국국채2년,3.77,https://fred.stlouisfed.org/series/DGS2
2025-08-19,미국국채2년,3.75,https://fred.stlouisfed.org/series/DGS2
2025-08-20,미국국채2년,3.74,https://fred.stlouisfed.org/series/DGS2
2025-08-21,미국국채2년,3.79,https://fred.stlouisfed.org/series/DGS2
2025-08-22,미국국채2년,3.68,https://fred.stlouisfed.org/series/DGS2
2025-08-25,미국국채2년,3.73,https://fred.stlouisfed.org/series/DGS2
2025-08-26,미국국채2년,3.61,https://fred.stlouisfed.org/series/DGS2
2025-08-27,미국국채2년,3.59,https://fred.stlouisfed.org/series/DGS2
2025-08-28,미국국채2년,3.62,https://fred.stlouisfed.org/series/DGS2
2025-08-29,미국국채2년,3.59,https://fred.stlouisfed.org/series/DGS2
2025-09-02,미국국채2년,3.66,https://fred.stlouisfed.org/series/DGS2
2025-09-03,미국국채2년,3.61,https://fred.stlouisfed.org/series/DGS2
2025-09-04,미국국채2년,3.59,https://fred.stlouisfed.org/series/DGS2
2025-09-05,미국국채2년,3.51,https://fred.stlouisfed.org/series/DGS2
2025-09-08,미국국채2년,3.49,https://fred.stlouisfed.org/series/DGS2
2025-09-09,미국국채2년,3.54,https://fred.stlouisfed.org/series/DGS2
2025-09-10,미국국채2년,3.54,https://fred.stlouisfed.org/series/DGS2
2025-09-11,미국국채2년,3.52,https://fred.stlouisfed.org/series/DGS2
2025-09-12,미국국채2년,3.56,https://fred.stlouisfed.org/series/DGS2
2025-09-15,미국국채2년,3.54,https://fred.stlouisfed.org/series/DGS2
2025-09-16,미국국채2년,3.51,https://fred.stlouisfed.org/series/DGS2
2025-09-17,미국국채2년,3.52,https://fred.stlouisfed.org/series/DGS2
2025-09-18,미국국채2년,3.57,https://fred.stlouisfed.org/series/DGS2
2025-09-19,미국국채2년,3.57,https://fred.stlouisfed.org/series/DGS2
2025-09-22,미국국채2년,3.61,https://fred.stlouisfed.org/series/DGS2
2025-09-23,미국국채2년,3.53,https://fred.stlouisfed.org/series/DGS2
2025-09-24,미국국채2년,3.57,https://fred.stlouisfed.org/series/DGS2
2025-09-25,미국국채2년,3.64,https://fred.stlouisfed.org/series/DGS2
2025-09-26,미국국채2년,3.63,https://fred.stlouisfed.org/series/DGS2
2025-09-29,미국국채2년,3.63,https://fred.stlouisfed.org/series/DGS2
2025-09-30,미국국채2년,3.6,https://fred.stlouisfed.org/series/DGS2
2025-10-01,미국국채2년,3.55,https://fred.stlouisfed.org/series/DGS2
2025-10-02,미국국채2년,3.55,https://fred.stlouisfed.org/series/DGS2
2025-10-03,미국국채2년,3.58,https://fred.stlouisfed.org/series/DGS2
2025-10-06,미국국채2년,3.6,https://fred.stlouisfed.org/series/DGS2
2025-10-07,미국국채2년,3.57,https://fred.stlouisfed.org/series/DGS2
2025-10-08,미국국채2년,3.58,https://fred.stlouisfed.org/series/DGS2
2025-10-09,미국국채2년,3.6,https://fred.stlouisfed.org/series/DGS2
2025-10-10,미국국채2년,3.52,https://fred.stlouisfed.org/series/DGS2
2025-10-14,미국국채2년,3.48,https://fred.stlouisfed.org/series/DGS2
2025-10-15,미국국채2년,3.5,https://fred.stlouisfed.org/series/DGS2
2025-10-16,미국국채2년,3.41,https://fred.stlouisfed.org/series/DGS2
2025-10-17,미국국채2년,3.46,https://fred.stlouisfed.org/series/DGS2
2025-10-20,미국국채2년,3.46,https://fred.stlouisfed.org/series/DGS2
2025-10-21,미국국채2년,3.45,https://fred.stlouisfed.org/series/DGS2
2025-10-22,미국국채2년,3.45,https://fred.stlouisfed.org/series/DGS2
2025-10-23,미국국채2년,3.48,https://fred.stlouisfed.org/series/DGS2
2025-10-24,미국국채2년,3.48,https://fred.stlouisfed.org/series/DGS2
2025-10-27,미국국채2년,3.48,https://fred.stlouisfed.org/series/DGS2
2025-10-28,미국국채2년,3.47,https://fred.stlouisfed.org/series/DGS2
2025-10-29,미국국채2년,3.59,https://fred.stlouisfed.org/series/DGS2
2025-10-30,미국국채2년,3.61,https://fred.stlouisfed.org/series/DGS2
2025-10-31,미국국채2년,3.6,https://fred.stlouisfed.org/series/DGS2
2025-11-03,미국국채2년,3.6,https://fred.stlouisfed.org/series/DGS2
2025-11-04,미국국채2년,3.58,https://fred.stlouisfed.org/series/DGS2
2025-11-05,미국국채2년,3.63,https://fred.stlouisfed.org/series/DGS2
2025-11-06,미국국채2년,3.57,https://fred.stlouisfed.org/series/DGS2
2025-11-07,미국국채2년,3.55,https://fred.stlouisfed.org/series/DGS2
2025-11-10,미국국채2년,3.58,https://fred.stlouisfed.org/series/DGS2
2025-11-12,미국국채2년,3.56,https://fred.stlouisfed.org/series/DGS2
2025-11-13,미국국채2년,3.58,https://fred.stlouisfed.org/series/DGS2
2025-11-14,미국국채2년,3.62,https://fred.stlouisfed.org/series/DGS2
2025-11-17,미국국채2년,3.6,https://fred.stlouisfed.org/series/DGS2
2025-11-18,미국국채2년,3.58,https://fred.stlouisfed.org/series/DGS2
2025-11-19,미국국채2년,3.58,https://fred.stlouisfed.org/series/DGS2
2025-11-20,미국국채2년,3.55,https://fred.stlouisfed.org/series/DGS2
2025-11-21,미국국채2년,3.51,https://fred.stlouisfed.org/series/DGS2
2025-11-24,미국국채2년,3.46,https://fred.stlouisfed.org/series/DGS2
2025-11-25,미국국채2년,3.43,https://fred.stlouisfed.org/series/DGS2
2025-11-26,미국국채2년,3.45,https://fred.stlouisfed.org/series/DGS2
2025-11-28,미국국채2년,3.47,https://fred.stlouisfed.org/series/DGS2
2025-12-01,미국국채2년,3.54,https://fred.stlouisfed.org/series/DGS2
2025-12-02,미국국채2년,3.51,https://fred.stlouisfed.org/series/DGS2
2025-12-03,미국국채2년,3.49,https://fred.stlouisfed.org/series/DGS2
2025-12-04,미국국채2년,3.52,https://fred.stlouisfed.org/series/DGS2
2025-12-05,미국국채2년,3.56,https://fred.stlouisfed.org/series/DGS2
2025-12-08,미국국채2년,3.57,https://fred.stlouisfed.org/series/DGS2
2025-12-09,미국국채2년,3.61,https://fred.stlouisfed.org/series/DGS2
2025-12-10,미국국채2년,3.54,https://fred.stlouisfed.org/series/DGS2
2025-12-11,미국국채2년,3.52,https://fred.stlouisfed.org/series/DGS2
2025-12-12,미국국채2년,3.52,https://fred.stlouisfed.org/series/DGS2
2025-12-15,미국국채2년,3.51,https://fred.stlouisfed.org/series/DGS2
2025-12-16,미국국채2년,3.48,https://fred.stlouisfed.org/series/DGS2
2025-12-17,미국국채2년,3.49,https://fred.stlouisfed.org/series/DGS2
2025-12-18,미국국채2년,3.46,https://fred.stlouisfed.org/series/DGS2
2025-12-19,미국국채2년,3.48,https://fred.stlouisfed.org/series/DGS2
2025-12-22,미국국채2년,3.44,https://fred.stlouisfed.org/series/DGS2
2025-12-23,미국국채2년,3.48,https://fred.stlouisfed.org/series/DGS2
2025-12-24,미국국채2년,3.47,https://fred.stlouisfed.org/series/DGS2
2025-12-26,미국국채2년,3.46,https://fred.stlouisfed.org/series/DGS2
2025-12-29,미국국채2년,3.45,https://fred.stlouisfed.org/series/DGS2
2025-12-30,미국국채2년,3.45,https://fred.stlouisfed.org/series/DGS2
2025-12-31,미국국채2년,3.47,https://fred.stlouisfed.org/series/DGS2
2026-01-02,미국국채2년,3.47,https://fred.stlouisfed.org/series/DGS2
2026-01-05,미국국채2년,3.46,https://fred.stlouisfed.org/series/DGS2
2026-01-06,미국국채2년,3.47,https://fred.stlouisfed.org/series/DGS2
2026-01-07,미국국채2년,3.47,https://fred.stlouisfed.org/series/DGS2
2026-01-08,미국국채2년,3.49,https://fred.stlouisfed.org/series/DGS2
2026-01-09,미국국채2년,3.54,https://fred.stlouisfed.org/series/DGS2
2026-01-12,미국국채2년,3.54,https://fred.stlouisfed.org/series/DGS2
2026-01-13,미국국채2년,3.53,https://fred.stlouisfed.org/series/DGS2
2026-01-14,미국국채2년,3.51,https://fred.stlouisfed.org/series/DGS2
2026-01-15,미국국채2년,3.56,https://fred.stlouisfed.org/series/DGS2
2026-01-16,미국국채2년,3.59,https://fred.stlouisfed.org/series/DGS2
2026-01-20,미국국채2년,3.6,https://fred.stlouisfed.org/series/DGS2
2026-01-21,미국국채2년,3.6,https://fred.stlouisfed.org/series/DGS2
2026-01-22,미국국채2년,3.61,https://fred.stlouisfed.org/series/DGS2
2026-01-23,미국국채2년,3.6,https://fred.stlouisfed.org/series/DGS2
2026-01-26,미국국채2년,3.56,https://fred.stlouisfed.org/series/DGS2
2026-01-27,미국국채2년,3.53,https://fred.stlouisfed.org/series/DGS2
2026-01-28,미국국채2년,3.56,https://fred.stlouisfed.org/series/DGS2
2026-01-29,미국국채2년,3.53,https://fred.stlouisfed.org/series/DGS2
2026-01-30,미국국채2년,3.52,https://fred.stlouisfed.org/series/DGS2
2026-02-02,미국국채2년,3.57,https://fred.stlouisfed.org/series/DGS2
2026-02-03,미국국채2년,3.57,https://fred.stlouisfed.org/series/DGS2
2026-02-04,미국국채2년,3.57,https://fred.stlouisfed.org/series/DGS2
2026-02-05,미국국채2년,3.47,https://fred.stlouisfed.org/series/DGS2
2026-02-06,미국국채2년,3.5,https://fred.stlouisfed.org/series/DGS2
2026-02-09,미국국채2년,3.48,https://fred.stlouisfed.org/series/DGS2
2026-02-10,미국국채2년,3.45,https://fred.stlouisfed.org/series/DGS2
2026-02-11,미국국채2년,3.52,https://fred.stlouisfed.org/series/DGS2
2026-02-12,미국국채2년,3.47,https://fred.stlouisfed.org/series/DGS2
2026-02-13,미국국채2년,3.4,https://fred.stlouisfed.org/series/DGS2
2026-02-17,미국국채2년,3.43,https://fred.stlouisfed.org/series/DGS2
2026-02-18,미국국채2년,3.47,https://fred.stlouisfed.org/series/DGS2
2026-02-19,미국국채2년,3.47,https://fred.stlouisfed.org/series/DGS2
2026-02-20,미국국채2년,3.48,https://fred.stlouisfed.org/series/DGS2
2026-02-23,미국국채2년,3.43,https://fred.stlouisfed.org/series/DGS2
2026-02-24,미국국채2년,3.43,https://fred.stlouisfed.org/series/DGS2
2026-02-25,미국국채2년,3.45,https://fred.stlouisfed.org/series/DGS2
2026-02-26,미국국채2년,3.42,https://fred.stlouisfed.org/series/DGS2
2026-02-27,미국국채2년,3.38,https://fred.stlouisfed.org/series/DGS2
2026-03-02,미국국채2년,3.47,https://fred.stlouisfed.org/series/DGS2
2026-03-03,미국국채2년,3.51,https://fred.stlouisfed.org/series/DGS2
2026-03-04,미국국채2년,3.54,https://fred.stlouisfed.org/series/DGS2
2026-03-05,미국국채2년,3.57,https://fred.stlouisfed.org/series/DGS2
2026-03-06,미국국채2년,3.56,https://fred.stlouisfed.org/series/DGS2
2026-03-09,미국국채2년,3.56,https://fred.stlouisfed.org/series/DGS2
2026-03-10,미국국채2년,3.57,https://fred.stlouisfed.org/series/DGS2
2026-03-11,미국국채2년,3.64,https://fred.stlouisfed.org/series/DGS2
2026-03-12,미국국채2년,3.76,https://fred.stlouisfed.org/series/DGS2
2026-03-13,미국국채2년,3.73,https://fred.stlouisfed.org/series/DGS2
2026-03-16,미국국채2년,3.68,https://fred.stlouisfed.org/series/DGS2
2026-03-17,미국국채2년,3.68,https://fred.stlouisfed.org/series/DGS2
2026-03-18,미국국채2년,3.76,https://fred.stlouisfed.org/series/DGS2
2026-03-19,미국국채2년,3.79,https://fred.stlouisfed.org/series/DGS2
2026-03-20,미국국채2년,3.88,https://fred.stlouisfed.org/series/DGS2
2026-03-23,미국국채2년,3.83,https://fred.stlouisfed.org/series/DGS2
2026-03-24,미국국채2년,3.9,https://fred.stlouisfed.org/series/DGS2
2026-03-25,미국국채2년,3.84,https://fred.stlouisfed.org/series/DGS2
2026-03-26,미국국채2년,3.96,https://fred.stlouisfed.org/series/DGS2
2026-03-27,미국국채2년,3.88,https://fred.stlouisfed.org/series/DGS2
2026-03-30,미국국채2년,3.82,https://fred.stlouisfed.org/series/DGS2
2026-03-31,미국국채2년,3.79,https://fred.stlouisfed.org/series/DGS2
2026-04-01,미국국채2년,3.81,https://fred.stlouisfed.org/series/DGS2
2026-04-02,미국국채2년,3.79,https://fred.stlouisfed.org/series/DGS2
2026-04-03,미국국채2년,3.84,https://fred.stlouisfed.org/series/DGS2
2026-04-06,미국국채2년,3.84,https://fred.stlouisfed.org/series/DGS2
2026-04-07,미국국채2년,3.81,https://fred.stlouisfed.org/series/DGS2
2026-04-08,미국국채2년,3.79,https://fred.stlouisfed.org/series/DGS2
2026-04-09,미국국채2년,3.78,https://fred.stlouisfed.org/series/DGS2
2026-04-10,미국국채2년,3.81,https://fred.stlouisfed.org/series/DGS2
2026-04-13,미국국채2년,3.78,https://fred.stlouisfed.org/series/DGS2
2026-04-14,미국국채2년,3.76,https://fred.stlouisfed.org/series/DGS2
2026-04-15,미국국채2년,3.76,https://fred.stlouisfed.org/series/DGS2
2026-04-16,미국국채2년,3.78,https://fred.stlouisfed.org/series/DGS2
2026-04-17,미국국채2년,3.71,https://fred.stlouisfed.org/series/DGS2
2026-04-20,미국국채2년,3.72,https://fred.stlouisfed.org/series/DGS2
2026-04-21,미국국채2년,3.78,https://fred.stlouisfed.org/series/DGS2
2026-04-22,미국국채2년,3.79,https://fred.stlouisfed.org/series/DGS2
2026-04-23,미국국채2년,3.83,https://fred.stlouisfed.org/series/DGS2
2026-04-24,미국국채2년,3.78,https://fred.stlouisfed.org/series/DGS2
2026-04-27,미국국채2년,3.78,https://fred.stlouisfed.org/series/DGS2
2026-04-28,미국국채2년,3.84,https://fred.stlouisfed.org/series/DGS2
2026-04-29,미국국채2년,3.92,https://fred.stlouisfed.org/series/DGS2
2026-04-30,미국국채2년,3.88,https://fred.stlouisfed.org/series/DGS2
2026-05-01,미국국채2년,3.88,https://fred.stlouisfed.org/series/DGS2
2026-05-04,미국국채2년,3.95,https://fred.stlouisfed.org/series/DGS2
2026-05-05,미국국채2년,3.93,https://fred.stlouisfed.org/series/DGS2
2026-05-06,미국국채2년,3.87,https://fred.stlouisfed.org/series/DGS2
2026-05-07,미국국채2년,3.92,https://fred.stlouisfed.org/series/DGS2
2026-05-08,미국국채2년,3.9,https://fred.stlouisfed.org/series/DGS2
2026-05-11,미국국채2년,3.95,https://fred.stlouisfed.org/series/DGS2
2026-05-12,미국국채2년,4.0,https://fred.stlouisfed.org/series/DGS2
2026-05-13,미국국채2년,3.98,https://fred.stlouisfed.org/series/DGS2
2026-05-14,미국국채2년,4.0,https://fred.stlouisfed.org/series/DGS2
2026-05-15,미국국채2년,4.09,https://fred.stlouisfed.org/series/DGS2
2026-05-18,미국국채2년,4.07,https://fred.stlouisfed.org/series/DGS2
2026-05-19,미국국채2년,4.13,https://fred.stlouisfed.org/series/DGS2
2026-05-20,미국국채2년,4.04,https://fred.stlouisfed.org/series/DGS2
2026-05-21,미국국채2년,4.08,https://fred.stlouisfed.org/series/DGS2
2026-05-22,미국국채2년,4.13,https://fred.stlouisfed.org/series/DGS2
2026-05-26,미국국채2년,4.01,https://fred.stlouisfed.org/series/DGS2
2026-05-27,미국국채2년,4.0,https://fred.stlouisfed.org/series/DGS2
2026-05-28,미국국채2년,3.99,https://fred.stlouisfed.org/series/DGS2
2026-05-29,미국국채2년,3.98,https://fred.stlouisfed.org/series/DGS2
2026-06-01,미국국채2년,4.05,https://fred.stlouisfed.org/series/DGS2
2026-06-02,미국국채2년,4.05,https://fred.stlouisfed.org/series/DGS2
2026-06-03,미국국채2년,4.08,https://fred.stlouisfed.org/series/DGS2
2026-06-04,미국국채2년,4.05,https://fred.stlouisfed.org/series/DGS2
2026-06-05,미국국채2년,4.17,https://fred.stlouisfed.org/series/DGS2
2026-06-08,미국국채2년,4.15,https://fred.stlouisfed.org/series/DGS2
2026-06-09,미국국채2년,4.13,https://fred.stlouisfed.org/series/DGS2
2026-06-10,미국국채2년,4.13,https://fred.stlouisfed.org/series/DGS2
2026-06-11,미국국채2년,4.05,https://fred.stlouisfed.org/series/DGS2
2026-06-12,미국국채2년,4.09,https://fred.stlouisfed.org/series/DGS2
2026-06-15,미국국채2년,4.07,https://fred.stlouisfed.org/series/DGS2
2026-06-16,미국국채2년,4.05,https://fred.stlouisfed.org/series/DGS2
2026-06-17,미국국채2년,4.2,https://fred.stlouisfed.org/series/DGS2
2026-06-18,미국국채2년,4.19,https://fred.stlouisfed.org/series/DGS2
2026-06-22,미국국채2년,4.24,https://fred.stlouisfed.org/series/DGS2
2026-06-23,미국국채2년,4.16,https://fred.stlouisfed.org/series/DGS2
2026-06-24,미국국채2년,4.11,https://fred.stlouisfed.org/series/DGS2
2026-06-25,미국국채2년,4.09,https://fred.stlouisfed.org/series/DGS2
2026-06-26,미국국채2년,4.07,https://fred.stlouisfed.org/series/DGS2
2026-06-29,미국국채2년,4.1,https://fred.stlouisfed.org/series/DGS2
2026-06-30,미국국채2년,4.14,https://fred.stlouisfed.org/series/DGS2
2026-07-01,미국국채2년,4.17,https://fred.stlouisfed.org/series/DGS2
2026-07-02,미국국채2년,4.14,https://fred.stlouisfed.org/series/DGS2
2026-07-06,미국국채2년,4.13,https://fred.stlouisfed.org/series/DGS2
2026-07-07,미국국채2년,4.19,https://fred.stlouisfed.org/series/DGS2
2026-07-08,미국국채2년,4.21,https://fred.stlouisfed.org/series/DGS2
2026-07-09,미국국채2년,4.16,https://fred.stlouisfed.org/series/DGS2
2026-07-10,미국국채2년,4.21,https://fred.stlouisfed.org/series/DGS2
2026-07-13,미국국채2년,4.26,https://fred.stlouisfed.org/series/DGS2
2026-07-14,미국국채2년,4.18,https://fred.stlouisfed.org/series/DGS2
2026-07-15,미국국채2년,4.13,https://fred.stlouisfed.org/series/DGS2
2026-07-16,미국국채2년,4.16,https://fred.stlouisfed.org/series/DGS2
2026-07-17,미국국채2년,4.18,https://fred.stlouisfed.org/series/DGS2
2026-07-20,미국국채2년,4.21,https://fred.stlouisfed.org/series/DGS2
2026-07-21,미국국채2년,4.26,https://fred.stlouisfed.org/series/DGS2
2026-07-22,미국국채2년,4.31,https://fred.stlouisfed.org/series/DGS2
2026-07-23,미국국채2년,4.37,https://fred.stlouisfed.org/series/DGS2
2026-07-24,미국국채2년,4.33,https://fred.stlouisfed.org/series/DGS2
2026-07-27,미국국채2년,4.31,https://fred.stlouisfed.org/series/DGS2
2026-07-28,미국국채2년,4.26,https://fred.stlouisfed.org/series/DGS2
2026-07-29,미국국채2년,4.22,https://fred.stlouisfed.org/series/DGS2
2026-07-30,미국국채2년,4.23,https://fred.stlouisfed.org/series/DGS2
2026-07-31,미국국채2년,4.28,https://fred.stlouisfed.org/series/DGS2
2026-08-03,미국국채2년,4.25,https://fred.stlouisfed.org/series/DGS2
2026-08-04,미국국채2년,4.2,https://fred.stlouisfed.org/series/DGS2
2026-08-05,미국국채2년,4.18,https://fred.stlouisfed.org/series/DGS2
2026-08-06,미국국채2년,4.25,https://fred.stlouisfed.org/series/DGS2
2026-08-07,미국국채2년,4.19,https://fred.stlouisfed.org/series/DGS2
2026-08-10,미국국채2년,4.25,https://fred.stlouisfed.org/series/DGS2
2026-08-11,미국국채2년,4.22,https://fred.stlouisfed.org/series/DGS2
2026-08-12,미국국채2년,4.2,https://fred.stlouisfed.org/series/DGS2
2026-08-13,미국국채2년,4.15,https://fred.stlouisfed.org/series/DGS2
2026-08-14,미국국채2년,4.17,https://fred.stlouisfed.org/series/DGS2
2026-08-17,미국국채2년,4.19,https://fred.stlouisfed.org/series/DGS2
2026-08-18,미국국채2년,4.19,https://fred.stlouisfed.org/series/DGS2
2026-08-19,미국국채2년,4.19,https://fred.stlouisfed.org/series/DGS2
2026-08-20,미국국채2년,4.19,https://fred.stlouisfed.org/series/DGS2
2026-08-21,미국국채2년,4.24,https://fred.stlouisfed.org/series/DGS2
2026-08-24,미국국채2년,4.24,https://fred.stlouisfed.org/series/DGS2
2026-08-25,미국국채2년,4.17,https://fred.stlouisfed.org/series/DGS2
2026-08-26,미국국채2년,4.19,https://fred.stlouisfed.org/series/DGS2
2026-08-27,미국국채2년,4.2,https://fred.stlouisfed.org/series/DGS2
2026-08-28,미국국채2년,4.34,https://fred.stlouisfed.org/series/DGS2
2026-08-31,미국국채2년,4.34,https://fred.stlouisfed.org/series/DGS2
2026-09-01,미국국채2년,4.39,https://fred.stlouisfed.org/series/DGS2
2026-09-02,미국국채2년,4.39,https://fred.stlouisfed.org/series/DGS2
2026-09-03,미국국채2년,4.34,https://fred.stlouisfed.org/series/DGS2
2026-09-04,미국국채2년,4.37,https://fred.stlouisfed.org/series/DGS2
2026-09-08,미국국채2년,4.39,https://fred.stlouisfed.org/series/DGS2
2026-09-09,미국국채2년,4.43,https://fred.stlouisfed.org/series/DGS2
2026-09-10,미국국채2년,4.56,https://fred.stlouisfed.org/series/DGS2
2026-09-11,미국국채2년,4.63,https://fred.stlouisfed.org/series/DGS2
2026-09-14,미국국채2년,4.65,https://fred.stlouisfed.org/series/DGS2
2026-09-15,미국국채2년,4.67,https://fred.stlouisfed.org/series/DGS2
2026-09-16,미국국채2년,4.74,https://fred.stlouisfed.org/series/DGS2
2026-09-17,미국국채2년,4.67,https://fred.stlouisfed.org/series/DGS2
2026-09-18,미국국채2년,4.76,https://fred.stlouisfed.org/series/DGS2
2026-09-21,미국국채2년,4.76,https://fred.stlouisfed.org/series/DGS2
2026-09-22,미국국채2년,4.71,https://fred.stlouisfed.org/series/DGS2
2021-09-01,브렌트유,71.99,https://fred.stlouisfed.org/series/DCOILBRENTEU
2021-09-02,브렌트유,73.56,https://fred.stlouisfed.org/series/DCOILBRENTEU
2021-09-03,브렌트유,73.07,https://fred.stlouisfed.org/series/DCOILBRENTEU
2021-09-06,브렌트유,72.43,https://fred.stlouisfed.org/series/DCOILBRENTEU
2021-09-07,브렌트유,71.52,https://fred.stlouisfed.org/series/DCOILBRENTEU
2021-09-08,브렌트유,72.36,https://fred.stlouisfed.org/series/DCOILBRENTEU
2021-09-09,브렌트유,71.32,https://fred.stlouisfed.org/series/DCOILBRENTEU
2021-09-10,브렌트유,72.44,https://fred.stlouisfed.org/series/DCOILBRENTEU
2021-09-13,브렌트유,72.97,https://fred.stlouisfed.org/series/DCOILBRENTEU
2021-09-14,브렌트유,73.05,https://fred.stlouisfed.org/series/DCOILBRENTEU
2021-09-15,브렌트유,74.84,https://fred.stlouisfed.org/series/DCOILBRENTEU
2021-09-16,브렌트유,75.14,https://fred.stlouisfed.org/series/DCOILBRENTEU
2021-09-17,브렌트유,74.64,https://fred.stlouisfed.org/series/DCOILBRENTEU
2021-09-20,브렌트유,73.59,https://fred.stlouisfed.org/series/DCOILBRENTEU
2021-09-21,브렌트유,73.65,https://fred.stlouisfed.org/series/DCOILBRENTEU
2021-09-22,브렌트유,75.5,https://fred.stlouisfed.org/series/DCOILBRENTEU
2021-09-23,브렌트유,76.44,https://fred.stlouisfed.org/series/DCOILBRENTEU
2021-09-24,브렌트유,77.42,https://fred.stlouisfed.org/series/DCOILBRENTEU
2021-09-27,브렌트유,78.85,https://fred.stlouisfed.org/series/DCOILBRENTEU
2021-09-28,브렌트유,78.3,https://fred.stlouisfed.org/series/DCOILBRENTEU
2021-09-29,브렌트유,77.86,https://fred.stlouisfed.org/series/DCOILBRENTEU
2021-09-30,브렌트유,77.81,https://fred.stlouisfed.org/series/DCOILBRENTEU
2021-10-01,브렌트유,79.4,https://fred.stlouisfed.org/series/DCOILBRENTEU
2021-10-04,브렌트유,81.44,https://fred.stlouisfed.org/series/DCOILBRENTEU
2021-10-05,브렌트유,82.72,https://fred.stlouisfed.org/series/DCOILBRENTEU
2021-10-06,브렌트유,81.39,https://fred.stlouisfed.org/series/DCOILBRENTEU
2021-10-07,브렌트유,82.34,https://fred.stlouisfed.org/series/DCOILBRENTEU
2021-10-08,브렌트유,82.17,https://fred.stlouisfed.org/series/DCOILBRENTEU
2021-10-11,브렌트유,83.75,https://fred.stlouisfed.org/series/DCOILBRENTEU
2021-10-12,브렌트유,83.53,https://fred.stlouisfed.org/series/DCOILBRENTEU
2021-10-13,브렌트유,83.53,https://fred.stlouisfed.org/series/DCOILBRENTEU
2021-10-14,브렌트유,83.86,https://fred.stlouisfed.org/series/DCOILBRENTEU
2021-10-15,브렌트유,84.67,https://fred.stlouisfed.org/series/DCOILBRENTEU
2021-10-18,브렌트유,84.13,https://fred.stlouisfed.org/series/DCOILBRENTEU
2021-10-19,브렌트유,85.02,https://fred.stlouisfed.org/series/DCOILBRENTEU
2021-10-20,브렌트유,85.76,https://fred.stlouisfed.org/series/DCOILBRENTEU
2021-10-21,브렌트유,84.58,https://fred.stlouisfed.org/series/DCOILBRENTEU
2021-10-22,브렌트유,85.43,https://fred.stlouisfed.org/series/DCOILBRENTEU
2021-10-25,브렌트유,84.85,https://fred.stlouisfed.org/series/DCOILBRENTEU
2021-10-26,브렌트유,85.11,https://fred.stlouisfed.org/series/DCOILBRENTEU
2021-10-27,브렌트유,84.12,https://fred.stlouisfed.org/series/DCOILBRENTEU
2021-10-28,브렌트유,83.4,https://fred.stlouisfed.org/series/DCOILBRENTEU
2021-10-29,브렌트유,83.1,https://fred.stlouisfed.org/series/DCOILBRENTEU
2021-11-01,브렌트유,84.51,https://fred.stlouisfed.org/series/DCOILBRENTEU
2021-11-02,브렌트유,84.42,https://fred.stlouisfed.org/series/DCOILBRENTEU
2021-11-03,브렌트유,81.1,https://fred.stlouisfed.org/series/DCOILBRENTEU
2021-11-04,브렌트유,80.15,https://fred.stlouisfed.org/series/DCOILBRENTEU
2021-11-05,브렌트유,82.43,https://fred.stlouisfed.org/series/DCOILBRENTEU
2021-11-08,브렌트유,83.22,https://fred.stlouisfed.org/series/DCOILBRENTEU
2021-11-09,브렌트유,84.52,https://fred.stlouisfed.org/series/DCOILBRENTEU
2021-11-10,브렌트유,82.91,https://fred.stlouisfed.org/series/DCOILBRENTEU
2021-11-11,브렌트유,83.4,https://fred.stlouisfed.org/series/DCOILBRENTEU
2021-11-12,브렌트유,82.9,https://fred.stlouisfed.org/series/DCOILBRENTEU
2021-11-15,브렌트유,81.94,https://fred.stlouisfed.org/series/DCOILBRENTEU
2021-11-16,브렌트유,82.85,https://fred.stlouisfed.org/series/DCOILBRENTEU
2021-11-17,브렌트유,80.67,https://fred.stlouisfed.org/series/DCOILBRENTEU
2021-11-18,브렌트유,82.45,https://fred.stlouisfed.org/series/DCOILBRENTEU
2021-11-19,브렌트유,80.24,https://fred.stlouisfed.org/series/DCOILBRENTEU
2021-11-22,브렌트유,80.97,https://fred.stlouisfed.org/series/DCOILBRENTEU
2021-11-23,브렌트유,83.43,https://fred.stlouisfed.org/series/DCOILBRENTEU
2021-11-24,브렌트유,82.37,https://fred.stlouisfed.org/series/DCOILBRENTEU
2021-11-25,브렌트유,82.05,https://fred.stlouisfed.org/series/DCOILBRENTEU
2021-11-26,브렌트유,72.37,https://fred.stlouisfed.org/series/DCOILBRENTEU
2021-11-29,브렌트유,73.34,https://fred.stlouisfed.org/series/DCOILBRENTEU
2021-11-30,브렌트유,70.86,https://fred.stlouisfed.org/series/DCOILBRENTEU
2021-12-01,브렌트유,69.53,https://fred.stlouisfed.org/series/DCOILBRENTEU
2021-12-02,브렌트유,70.56,https://fred.stlouisfed.org/series/DCOILBRENTEU
2021-12-03,브렌트유,70.71,https://fred.stlouisfed.org/series/DCOILBRENTEU
2021-12-06,브렌트유,73.38,https://fred.stlouisfed.org/series/DCOILBRENTEU
2021-12-07,브렌트유,75.54,https://fred.stlouisfed.org/series/DCOILBRENTEU
2021-12-08,브렌트유,75.94,https://fred.stlouisfed.org/series/DCOILBRENTEU
2021-12-09,브렌트유,74.1,https://fred.stlouisfed.org/series/DCOILBRENTEU
2021-12-10,브렌트유,74.98,https://fred.stlouisfed.org/series/DCOILBRENTEU
2021-12-13,브렌트유,74.12,https://fred.stlouisfed.org/series/DCOILBRENTEU
2021-12-14,브렌트유,73.37,https://fred.stlouisfed.org/series/DCOILBRENTEU
2021-12-15,브렌트유,73.71,https://fred.stlouisfed.org/series/DCOILBRENTEU
2021-12-16,브렌트유,74.64,https://fred.stlouisfed.org/series/DCOILBRENTEU
2021-12-17,브렌트유,72.97,https://fred.stlouisfed.org/series/DCOILBRENTEU
2021-12-20,브렌트유,70.51,https://fred.stlouisfed.org/series/DCOILBRENTEU
2021-12-21,브렌트유,72.85,https://fred.stlouisfed.org/series/DCOILBRENTEU
2021-12-22,브렌트유,74.69,https://fred.stlouisfed.org/series/DCOILBRENTEU
2021-12-23,브렌트유,76.26,https://fred.stlouisfed.org/series/DCOILBRENTEU
2021-12-24,브렌트유,75.24,https://fred.stlouisfed.org/series/DCOILBRENTEU
2021-12-29,브렌트유,78.63,https://fred.stlouisfed.org/series/DCOILBRENTEU
2021-12-30,브렌트유,78.61,https://fred.stlouisfed.org/series/DCOILBRENTEU
2021-12-31,브렌트유,77.24,https://fred.stlouisfed.org/series/DCOILBRENTEU
2022-01-03,브렌트유,78.25,https://fred.stlouisfed.org/series/DCOILBRENTEU
2022-01-04,브렌트유,79.39,https://fred.stlouisfed.org/series/DCOILBRENTEU
2022-01-05,브렌트유,80.6,https://fred.stlouisfed.org/series/DCOILBRENTEU
2022-01-06,브렌트유,81.99,https://fred.stlouisfed.org/series/DCOILBRENTEU
2022-01-07,브렌트유,82.28,https://fred.stlouisfed.org/series/DCOILBRENTEU
2022-01-10,브렌트유,81.56,https://fred.stlouisfed.org/series/DCOILBRENTEU
2022-01-11,브렌트유,84.98,https://fred.stlouisfed.org/series/DCOILBRENTEU
2022-01-12,브렌트유,85.83,https://fred.stlouisfed.org/series/DCOILBRENTEU
2022-01-13,브렌트유,85.8,https://fred.stlouisfed.org/series/DCOILBRENTEU
2022-01-14,브렌트유,87.17,https://fred.stlouisfed.org/series/DCOILBRENTEU
2022-01-17,브렌트유,87.82,https://fred.stlouisfed.org/series/DCOILBRENTEU
2022-01-18,브렌트유,88.83,https://fred.stlouisfed.org/series/DCOILBRENTEU
2022-01-19,브렌트유,89.64,https://fred.stlouisfed.org/series/DCOILBRENTEU
2022-01-20,브렌트유,89.75,https://fred.stlouisfed.org/series/DCOILBRENTEU
2022-01-21,브렌트유,89.75,https://fred.stlouisfed.org/series/DCOILBRENTEU
2022-01-24,브렌트유,87.74,https://fred.stlouisfed.org/series/DCOILBRENTEU
2022-01-25,브렌트유,89.49,https://fred.stlouisfed.org/series/DCOILBRENTEU
2022-01-26,브렌트유,91.22,https://fred.stlouisfed.org/series/DCOILBRENTEU
2022-01-27,브렌트유,90.7,https://fred.stlouisfed.org/series/DCOILBRENTEU
2022-01-28,브렌트유,91.47,https://fred.stlouisfed.org/series/DCOILBRENTEU
2022-01-31,브렌트유,92.35,https://fred.stlouisfed.org/series/DCOILBRENTEU
2022-02-01,브렌트유,90.24,https://fred.stlouisfed.org/series/DCOILBRENTEU
2022-02-02,브렌트유,91.43,https://fred.stlouisfed.org/series/DCOILBRENTEU
2022-02-03,브렌트유,92.99,https://fred.stlouisfed.org/series/DCOILBRENTEU
2022-02-04,브렌트유,96.86,https://fred.stlouisfed.org/series/DCOILBRENTEU
2022-02-07,브렌트유,97.28,https://fred.stlouisfed.org/series/DCOILBRENTEU
2022-02-08,브렌트유,96.07,https://fred.stlouisfed.org/series/DCOILBRENTEU
2022-02-09,브렌트유,94.95,https://fred.stlouisfed.org/series/DCOILBRENTEU
2022-02-10,브렌트유,96.37,https://fred.stlouisfed.org/series/DCOILBRENTEU
2022-02-11,브렌트유,97.5,https://fred.stlouisfed.org/series/DCOILBRENTEU
2022-02-14,브렌트유,101.66,https://fred.stlouisfed.org/series/DCOILBRENTEU
2022-02-15,브렌트유,98.43,https://fred.stlouisfed.org/series/DCOILBRENTEU
2022-02-16,브렌트유,97.44,https://fred.stlouisfed.org/series/DCOILBRENTEU
2022-02-17,브렌트유,95.28,https://fred.stlouisfed.org/series/DCOILBRENTEU
2022-02-18,브렌트유,96.18,https://fred.stlouisfed.org/series/DCOILBRENTEU
2022-02-21,브렌트유,98.95,https://fred.stlouisfed.org/series/DCOILBRENTEU
2022-02-22,브렌트유,98.73,https://fred.stlouisfed.org/series/DCOILBRENTEU
2022-02-23,브렌트유,99.29,https://fred.stlouisfed.org/series/DCOILBRENTEU
2022-02-24,브렌트유,101.29,https://fred.stlouisfed.org/series/DCOILBRENTEU
2022-02-25,브렌트유,98.56,https://fred.stlouisfed.org/series/DCOILBRENTEU
2022-02-28,브렌트유,103.08,https://fred.stlouisfed.org/series/DCOILBRENTEU
2022-03-01,브렌트유,110.93,https://fred.stlouisfed.org/series/DCOILBRENTEU
2022-03-02,브렌트유,118.94,https://fred.stlouisfed.org/series/DCOILBRENTEU
2022-03-03,브렌트유,115.36,https://fred.stlouisfed.org/series/DCOILBRENTEU
2022-03-04,브렌트유,123.86,https://fred.stlouisfed.org/series/DCOILBRENTEU
2022-03-07,브렌트유,129.02,https://fred.stlouisfed.org/series/DCOILBRENTEU
2022-03-08,브렌트유,133.18,https://fred.stlouisfed.org/series/DCOILBRENTEU
2022-03-09,브렌트유,116.58,https://fred.stlouisfed.org/series/DCOILBRENTEU
2022-03-10,브렌트유,114.54,https://fred.stlouisfed.org/series/DCOILBRENTEU
2022-03-11,브렌트유,118.11,https://fred.stlouisfed.org/series/DCOILBRENTEU
2022-03-14,브렌트유,110.39,https://fred.stlouisfed.org/series/DCOILBRENTEU
2022-03-15,브렌트유,105.14,https://fred.stlouisfed.org/series/DCOILBRENTEU
2022-03-16,브렌트유,104.61,https://fred.stlouisfed.org/series/DCOILBRENTEU
2022-03-17,브렌트유,113.5,https://fred.stlouisfed.org/series/DCOILBRENTEU
2022-03-18,브렌트유,114.32,https://fred.stlouisfed.org/series/DCOILBRENTEU
2022-03-21,브렌트유,122.29,https://fred.stlouisfed.org/series/DCOILBRENTEU
2022-03-22,브렌트유,121.53,https://fred.stlouisfed.org/series/DCOILBRENTEU
2022-03-23,브렌트유,127.52,https://fred.stlouisfed.org/series/DCOILBRENTEU
2022-03-24,브렌트유,123.98,https://fred.stlouisfed.org/series/DCOILBRENTEU
2022-03-25,브렌트유,122.67,https://fred.stlouisfed.org/series/DCOILBRENTEU
2022-03-28,브렌트유,114.5,https://fred.stlouisfed.org/series/DCOILBRENTEU
2022-03-29,브렌트유,112.79,https://fred.stlouisfed.org/series/DCOILBRENTEU
2022-03-30,브렌트유,115.59,https://fred.stlouisfed.org/series/DCOILBRENTEU
2022-03-31,브렌트유,107.29,https://fred.stlouisfed.org/series/DCOILBRENTEU
2022-04-01,브렌트유,106.13,https://fred.stlouisfed.org/series/DCOILBRENTEU
2022-04-04,브렌트유,108.15,https://fred.stlouisfed.org/series/DCOILBRENTEU
2022-04-05,브렌트유,106.6,https://fred.stlouisfed.org/series/DCOILBRENTEU
2022-04-06,브렌트유,100.81,https://fred.stlouisfed.org/series/DCOILBRENTEU
2022-04-07,브렌트유,99.83,https://fred.stlouisfed.org/series/DCOILBRENTEU
2022-04-08,브렌트유,101.26,https://fred.stlouisfed.org/series/DCOILBRENTEU
2022-04-11,브렌트유,97.92,https://fred.stlouisfed.org/series/DCOILBRENTEU
2022-04-12,브렌트유,104.42,https://fred.stlouisfed.org/series/DCOILBRENTEU
2022-04-13,브렌트유,108.49,https://fred.stlouisfed.org/series/DCOILBRENTEU
2022-04-14,브렌트유,110.83,https://fred.stlouisfed.org/series/DCOILBRENTEU
2022-04-19,브렌트유,105.49,https://fred.stlouisfed.org/series/DCOILBRENTEU
2022-04-20,브렌트유,105.05,https://fred.stlouisfed.org/series/DCOILBRENTEU
2022-04-21,브렌트유,107.2,https://fred.stlouisfed.org/series/DCOILBRENTEU
2022-04-22,브렌트유,105.15,https://fred.stlouisfed.org/series/DCOILBRENTEU
2022-04-25,브렌트유,99.27,https://fred.stlouisfed.org/series/DCOILBRENTEU
2022-04-26,브렌트유,102.89,https://fred.stlouisfed.org/series/DCOILBRENTEU
2022-04-27,브렌트유,103.3,https://fred.stlouisfed.org/series/DCOILBRENTEU
2022-04-28,브렌트유,105.78,https://fred.stlouisfed.org/series/DCOILBRENTEU
2022-04-29,브렌트유,108.36,https://fred.stlouisfed.org/series/DCOILBRENTEU
2022-05-03,브렌트유,104.94,https://fred.stlouisfed.org/series/DCOILBRENTEU
2022-05-04,브렌트유,110.53,https://fred.stlouisfed.org/series/DCOILBRENTEU
2022-05-05,브렌트유,112.11,https://fred.stlouisfed.org/series/DCOILBRENTEU
2022-05-06,브렌트유,113.86,https://fred.stlouisfed.org/series/DCOILBRENTEU
2022-05-09,브렌트유,106.67,https://fred.stlouisfed.org/series/DCOILBRENTEU
2022-05-10,브렌트유,102.61,https://fred.stlouisfed.org/series/DCOILBRENTEU
2022-05-11,브렌트유,107.7,https://fred.stlouisfed.org/series/DCOILBRENTEU
2022-05-12,브렌트유,108.06,https://fred.stlouisfed.org/series/DCOILBRENTEU
2022-05-13,브렌트유,112.12,https://fred.stlouisfed.org/series/DCOILBRENTEU
2022-05-16,브렌트유,114.86,https://fred.stlouisfed.org/series/DCOILBRENTEU
2022-05-17,브렌트유,112.89,https://fred.stlouisfed.org/series/DCOILBRENTEU
2022-05-18,브렌트유,110.04,https://fred.stlouisfed.org/series/DCOILBRENTEU
2022-05-19,브렌트유,113.22,https://fred.stlouisfed.org/series/DCOILBRENTEU
2022-05-20,브렌트유,113.63,https://fred.stlouisfed.org/series/DCOILBRENTEU
2022-05-23,브렌트유,115.13,https://fred.stlouisfed.org/series/DCOILBRENTEU
2022-05-24,브렌트유,115.77,https://fred.stlouisfed.org/series/DCOILBRENTEU
2022-05-25,브렌트유,116.41,https://fred.stlouisfed.org/series/DCOILBRENTEU
2022-05-26,브렌트유,119.81,https://fred.stlouisfed.org/series/DCOILBRENTEU
2022-05-27,브렌트유,121.19,https://fred.stlouisfed.org/series/DCOILBRENTEU
2022-05-30,브렌트유,123.01,https://fred.stlouisfed.org/series/DCOILBRENTEU
2022-05-31,브렌트유,125.53,https://fred.stlouisfed.org/series/DCOILBRENTEU
2022-06-01,브렌트유,122.2,https://fred.stlouisfed.org/series/DCOILBRENTEU
2022-06-03,브렌트유,125.68,https://fred.stlouisfed.org/series/DCOILBRENTEU
2022-06-06,브렌트유,124.99,https://fred.stlouisfed.org/series/DCOILBRENTEU
2022-06-07,브렌트유,126.89,https://fred.stlouisfed.org/series/DCOILBRENTEU
2022-06-08,브렌트유,129.2,https://fred.stlouisfed.org/series/DCOILBRENTEU
2022-06-09,브렌트유,128.47,https://fred.stlouisfed.org/series/DCOILBRENTEU
2022-06-10,브렌트유,127.44,https://fred.stlouisfed.org/series/DCOILBRENTEU
2022-06-13,브렌트유,128.44,https://fred.stlouisfed.org/series/DCOILBRENTEU
2022-06-14,브렌트유,127.02,https://fred.stlouisfed.org/series/DCOILBRENTEU
2022-06-15,브렌트유,124.96,https://fred.stlouisfed.org/series/DCOILBRENTEU
2022-06-16,브렌트유,125.78,https://fred.stlouisfed.org/series/DCOILBRENTEU
2022-06-17,브렌트유,119.22,https://fred.stlouisfed.org/series/DCOILBRENTEU
2022-06-20,브렌트유,118.25,https://fred.stlouisfed.org/series/DCOILBRENTEU
2022-06-21,브렌트유,118.51,https://fred.stlouisfed.org/series/DCOILBRENTEU
2022-06-22,브렌트유,115.54,https://fred.stlouisfed.org/series/DCOILBRENTEU
2022-06-23,브렌트유,114.5,https://fred.stlouisfed.org/series/DCOILBRENTEU
2022-06-24,브렌트유,117.36,https://fred.stlouisfed.org/series/DCOILBRENTEU
2022-06-27,브렌트유,119.69,https://fred.stlouisfed.org/series/DCOILBRENTEU
2022-06-28,브렌트유,122.21,https://fred.stlouisfed.org/series/DCOILBRENTEU
2022-06-29,브렌트유,120.8,https://fred.stlouisfed.org/series/DCOILBRENTEU
2022-06-30,브렌트유,119.78,https://fred.stlouisfed.org/series/DCOILBRENTEU
2022-07-01,브렌트유,119.21,https://fred.stlouisfed.org/series/DCOILBRENTEU
2022-07-04,브렌트유,121.8,https://fred.stlouisfed.org/series/DCOILBRENTEU
2022-07-05,브렌트유,110.49,https://fred.stlouisfed.org/series/DCOILBRENTEU
2022-07-06,브렌트유,108.54,https://fred.stlouisfed.org/series/DCOILBRENTEU
2022-07-07,브렌트유,113.4,https://fred.stlouisfed.org/series/DCOILBRENTEU
2022-07-08,브렌트유,113.95,https://fred.stlouisfed.org/series/DCOILBRENTEU
2022-07-11,브렌트유,114.85,https://fred.stlouisfed.org/series/DCOILBRENTEU
2022-07-12,브렌트유,106.98,https://fred.stlouisfed.org/series/DCOILBRENTEU
2022-07-13,브렌트유,107.17,https://fred.stlouisfed.org/series/DCOILBRENTEU
2022-07-14,브렌트유,107.74,https://fred.stlouisfed.org/series/DCOILBRENTEU
2022-07-15,브렌트유,112.26,https://fred.stlouisfed.org/series/DCOILBRENTEU
2022-07-18,브렌트유,117.27,https://fred.stlouisfed.org/series/DCOILBRENTEU
2022-07-19,브렌트유,114.96,https://fred.stlouisfed.org/series/DCOILBRENTEU
2022-07-20,브렌트유,115.86,https://fred.stlouisfed.org/series/DCOILBRENTEU
2022-07-21,브렌트유,112.81,https://fred.stlouisfed.org/series/DCOILBRENTEU
2022-07-22,브렌트유,106.77,https://fred.stlouisfed.org/series/DCOILBRENTEU
2022-07-25,브렌트유,108.23,https://fred.stlouisfed.org/series/DCOILBRENTEU
2022-07-26,브렌트유,107.32,https://fred.stlouisfed.org/series/DCOILBRENTEU
2022-07-27,브렌트유,109.64,https://fred.stlouisfed.org/series/DCOILBRENTEU
2022-07-28,브렌트유,109.68,https://fred.stlouisfed.org/series/DCOILBRENTEU
2022-07-29,브렌트유,111.51,https://fred.stlouisfed.org/series/DCOILBRENTEU
2022-08-01,브렌트유,106.09,https://fred.stlouisfed.org/series/DCOILBRENTEU
2022-08-02,브렌트유,106.51,https://fred.stlouisfed.org/series/DCOILBRENTEU
2022-08-03,브렌트유,101.82,https://fred.stlouisfed.org/series/DCOILBRENTEU
2022-08-04,브렌트유,97.99,https://fred.stlouisfed.org/series/DCOILBRENTEU
2022-08-05,브렌트유,100.31,https://fred.stlouisfed.org/series/DCOILBRENTEU
2022-08-08,브렌트유,103.46,https://fred.stlouisfed.org/series/DCOILBRENTEU
2022-08-09,브렌트유,103.81,https://fred.stlouisfed.org/series/DCOILBRENTEU
2022-08-10,브렌트유,105.06,https://fred.stlouisfed.org/series/DCOILBRENTEU
2022-08-11,브렌트유,107.19,https://fred.stlouisfed.org/series/DCOILBRENTEU
2022-08-12,브렌트유,103.7,https://fred.stlouisfed.org/series/DCOILBRENTEU
2022-08-15,브렌트유,98.25,https://fred.stlouisfed.org/series/DCOILBRENTEU
2022-08-16,브렌트유,95.36,https://fred.stlouisfed.org/series/DCOILBRENTEU
2022-08-17,브렌트유,97.22,https://fred.stlouisfed.org/series/DCOILBRENTEU
2022-08-18,브렌트유,96.35,https://fred.stlouisfed.org/series/DCOILBRENTEU
2022-08-19,브렌트유,96.45,https://fred.stlouisfed.org/series/DCOILBRENTEU
2022-08-22,브렌트유,95.06,https://fred.stlouisfed.org/series/DCOILBRENTEU
2022-08-23,브렌트유,99.49,https://fred.stlouisfed.org/series/DCOILBRENTEU
2022-08-24,브렌트유,99.87,https://fred.stlouisfed.org/series/DCOILBRENTEU
2022-08-25,브렌트유,98.81,https://fred.stlouisfed.org/series/DCOILBRENTEU
2022-08-26,브렌트유,101.13,https://fred.stlouisfed.org/series/DCOILBRENTEU
2022-08-30,브렌트유,99.34,https://fred.stlouisfed.org/series/DCOILBRENTEU
2022-08-31,브렌트유,96.55,https://fred.stlouisfed.org/series/DCOILBRENTEU
2022-09-01,브렌트유,92.24,https://fred.stlouisfed.org/series/DCOILBRENTEU
2022-09-02,브렌트유,93.09,https://fred.stlouisfed.org/series/DCOILBRENTEU
2022-09-05,브렌트유,94.22,https://fred.stlouisfed.org/series/DCOILBRENTEU
2022-09-06,브렌트유,91.43,https://fred.stlouisfed.org/series/DCOILBRENTEU
2022-09-07,브렌트유,86.83,https://fred.stlouisfed.org/series/DCOILBRENTEU
2022-09-08,브렌트유,87.99,https://fred.stlouisfed.org/series/DCOILBRENTEU
2022-09-09,브렌트유,91.68,https://fred.stlouisfed.org/series/DCOILBRENTEU
2022-09-12,브렌트유,93.45,https://fred.stlouisfed.org/series/DCOILBRENTEU
2022-09-13,브렌트유,92.04,https://fred.stlouisfed.org/series/DCOILBRENTEU
2022-09-14,브렌트유,92.83,https://fred.stlouisfed.org/series/DCOILBRENTEU
2022-09-15,브렌트유,89.28,https://fred.stlouisfed.org/series/DCOILBRENTEU
2022-09-16,브렌트유,89.43,https://fred.stlouisfed.org/series/DCOILBRENTEU
2022-09-20,브렌트유,89.62,https://fred.stlouisfed.org/series/DCOILBRENTEU
2022-09-21,브렌트유,89.86,https://fred.stlouisfed.org/series/DCOILBRENTEU
2022-09-22,브렌트유,90.4,https://fred.stlouisfed.org/series/DCOILBRENTEU
2022-09-23,브렌트유,84.29,https://fred.stlouisfed.org/series/DCOILBRENTEU
2022-09-26,브렌트유,82.55,https://fred.stlouisfed.org/series/DCOILBRENTEU
2022-09-27,브렌트유,85.97,https://fred.stlouisfed.org/series/DCOILBRENTEU
2022-09-28,브렌트유,89.55,https://fred.stlouisfed.org/series/DCOILBRENTEU
2022-09-29,브렌트유,89.41,https://fred.stlouisfed.org/series/DCOILBRENTEU
2022-09-30,브렌트유,88.9,https://fred.stlouisfed.org/series/DCOILBRENTEU
2022-10-03,브렌트유,90.68,https://fred.stlouisfed.org/series/DCOILBRENTEU
2022-10-04,브렌트유,93.74,https://fred.stlouisfed.org/series/DCOILBRENTEU
2022-10-05,브렌트유,94.35,https://fred.stlouisfed.org/series/DCOILBRENTEU
2022-10-06,브렌트유,95.65,https://fred.stlouisfed.org/series/DCOILBRENTEU
2022-10-07,브렌트유,98.88,https://fred.stlouisfed.org/series/DCOILBRENTEU
2022-10-10,브렌트유,97.13,https://fred.stlouisfed.org/series/DCOILBRENTEU
2022-10-11,브렌트유,95.17,https://fred.stlouisfed.org/series/DCOILBRENTEU
2022-10-12,브렌트유,93.44,https://fred.stlouisfed.org/series/DCOILBRENTEU
2022-10-13,브렌트유,95.16,https://fred.stlouisfed.org/series/DCOILBRENTEU
2022-10-14,브렌트유,92.22,https://fred.stlouisfed.org/series/DCOILBRENTEU
2022-10-17,브렌트유,91.04,https://fred.stlouisfed.org/series/DCOILBRENTEU
2022-10-18,브렌트유,89.46,https://fred.stlouisfed.org/series/DCOILBRENTEU
2022-10-19,브렌트유,91.34,https://fred.stlouisfed.org/series/DCOILBRENTEU
2022-10-20,브렌트유,91.52,https://fred.stlouisfed.org/series/DCOILBRENTEU
2022-10-21,브렌트유,91.82,https://fred.stlouisfed.org/series/DCOILBRENTEU
2022-10-24,브렌트유,91.57,https://fred.stlouisfed.org/series/DCOILBRENTEU
2022-10-25,브렌트유,91.76,https://fred.stlouisfed.org/series/DCOILBRENTEU
2022-10-26,브렌트유,92.93,https://fred.stlouisfed.org/series/DCOILBRENTEU
2022-10-27,브렌트유,94.17,https://fred.stlouisfed.org/series/DCOILBRENTEU
2022-10-28,브렌트유,94.64,https://fred.stlouisfed.org/series/DCOILBRENTEU
2022-10-31,브렌트유,93.3,https://fred.stlouisfed.org/series/DCOILBRENTEU
2022-11-01,브렌트유,95.12,https://fred.stlouisfed.org/series/DCOILBRENTEU
2022-11-02,브렌트유,96.07,https://fred.stlouisfed.org/series/DCOILBRENTEU
2022-11-03,브렌트유,95.29,https://fred.stlouisfed.org/series/DCOILBRENTEU
2022-11-04,브렌트유,99.53,https://fred.stlouisfed.org/series/DCOILBRENTEU
2022-11-07,브렌트유,99.87,https://fred.stlouisfed.org/series/DCOILBRENTEU
2022-11-08,브렌트유,96.85,https://fred.stlouisfed.org/series/DCOILBRENTEU
2022-11-09,브렌트유,93.05,https://fred.stlouisfed.org/series/DCOILBRENTEU
2022-11-10,브렌트유,94.25,https://fred.stlouisfed.org/series/DCOILBRENTEU
2022-11-11,브렌트유,96.37,https://fred.stlouisfed.org/series/DCOILBRENTEU
2022-11-14,브렌트유,93.59,https://fred.stlouisfed.org/series/DCOILBRENTEU
2022-11-15,브렌트유,94.3,https://fred.stlouisfed.org/series/DCOILBRENTEU
2022-11-16,브렌트유,92.61,https://fred.stlouisfed.org/series/DCOILBRENTEU
2022-11-17,브렌트유,91.0,https://fred.stlouisfed.org/series/DCOILBRENTEU
2022-11-18,브렌트유,88.93,https://fred.stlouisfed.org/series/DCOILBRENTEU
2022-11-21,브렌트유,88.44,https://fred.stlouisfed.org/series/DCOILBRENTEU
2022-11-22,브렌트유,88.65,https://fred.stlouisfed.org/series/DCOILBRENTEU
2022-11-23,브렌트유,85.9,https://fred.stlouisfed.org/series/DCOILBRENTEU
2022-11-24,브렌트유,85.59,https://fred.stlouisfed.org/series/DCOILBRENTEU
2022-11-25,브렌트유,83.4,https://fred.stlouisfed.org/series/DCOILBRENTEU
2022-11-28,브렌트유,83.5,https://fred.stlouisfed.org/series/DCOILBRENTEU
2022-11-29,브렌트유,83.22,https://fred.stlouisfed.org/series/DCOILBRENTEU
2022-11-30,브렌트유,85.61,https://fred.stlouisfed.org/series/DCOILBRENTEU
2022-12-01,브렌트유,86.28,https://fred.stlouisfed.org/series/DCOILBRENTEU
2022-12-02,브렌트유,86.54,https://fred.stlouisfed.org/series/DCOILBRENTEU
2022-12-05,브렌트유,83.36,https://fred.stlouisfed.org/series/DCOILBRENTEU
2022-12-06,브렌트유,79.92,https://fred.stlouisfed.org/series/DCOILBRENTEU
2022-12-07,브렌트유,77.11,https://fred.stlouisfed.org/series/DCOILBRENTEU
2022-12-08,브렌트유,76.02,https://fred.stlouisfed.org/series/DCOILBRENTEU
2022-12-09,브렌트유,76.37,https://fred.stlouisfed.org/series/DCOILBRENTEU
2022-12-12,브렌트유,78.0,https://fred.stlouisfed.org/series/DCOILBRENTEU
2022-12-13,브렌트유,80.14,https://fred.stlouisfed.org/series/DCOILBRENTEU
2022-12-14,브렌트유,83.33,https://fred.stlouisfed.org/series/DCOILBRENTEU
2022-12-15,브렌트유,82.34,https://fred.stlouisfed.org/series/DCOILBRENTEU
2022-12-16,브렌트유,80.2,https://fred.stlouisfed.org/series/DCOILBRENTEU
2022-12-19,브렌트유,81.66,https://fred.stlouisfed.org/series/DCOILBRENTEU
2022-12-20,브렌트유,79.45,https://fred.stlouisfed.org/series/DCOILBRENTEU
2022-12-21,브렌트유,80.25,https://fred.stlouisfed.org/series/DCOILBRENTEU
2022-12-22,브렌트유,79.58,https://fred.stlouisfed.org/series/DCOILBRENTEU
2022-12-23,브렌트유,82.45,https://fred.stlouisfed.org/series/DCOILBRENTEU
2022-12-28,브렌트유,81.7,https://fred.stlouisfed.org/series/DCOILBRENTEU
2022-12-29,브렌트유,80.96,https://fred.stlouisfed.org/series/DCOILBRENTEU
2022-12-30,브렌트유,82.82,https://fred.stlouisfed.org/series/DCOILBRENTEU
2023-01-03,브렌트유,80.36,https://fred.stlouisfed.org/series/DCOILBRENTEU
2023-01-04,브렌트유,75.31,https://fred.stlouisfed.org/series/DCOILBRENTEU
2023-01-05,브렌트유,76.73,https://fred.stlouisfed.org/series/DCOILBRENTEU
2023-01-06,브렌트유,76.41,https://fred.stlouisfed.org/series/DCOILBRENTEU
2023-01-09,브렌트유,77.5,https://fred.stlouisfed.org/series/DCOILBRENTEU
2023-01-10,브렌트유,78.4,https://fred.stlouisfed.org/series/DCOILBRENTEU
2023-01-11,브렌트유,81.11,https://fred.stlouisfed.org/series/DCOILBRENTEU
2023-01-12,브렌트유,82.59,https://fred.stlouisfed.org/series/DCOILBRENTEU
2023-01-13,브렌트유,83.43,https://fred.stlouisfed.org/series/DCOILBRENTEU
2023-01-16,브렌트유,82.65,https://fred.stlouisfed.org/series/DCOILBRENTEU
2023-01-17,브렌트유,84.38,https://fred.stlouisfed.org/series/DCOILBRENTEU
2023-01-18,브렌트유,83.78,https://fred.stlouisfed.org/series/DCOILBRENTEU
2023-01-19,브렌트유,85.08,https://fred.stlouisfed.org/series/DCOILBRENTEU
2023-01-20,브렌트유,86.96,https://fred.stlouisfed.org/series/DCOILBRENTEU
2023-01-23,브렌트유,87.54,https://fred.stlouisfed.org/series/DCOILBRENTEU
2023-01-24,브렌트유,85.25,https://fred.stlouisfed.org/series/DCOILBRENTEU
2023-01-25,브렌트유,85.08,https://fred.stlouisfed.org/series/DCOILBRENTEU
2023-01-26,브렌트유,86.29,https://fred.stlouisfed.org/series/DCOILBRENTEU
2023-01-27,브렌트유,85.36,https://fred.stlouisfed.org/series/DCOILBRENTEU
2023-01-30,브렌트유,84.9,https://fred.stlouisfed.org/series/DCOILBRENTEU
2023-01-31,브렌트유,83.42,https://fred.stlouisfed.org/series/DCOILBRENTEU
2023-02-01,브렌트유,81.61,https://fred.stlouisfed.org/series/DCOILBRENTEU
2023-02-02,브렌트유,80.57,https://fred.stlouisfed.org/series/DCOILBRENTEU
2023-02-03,브렌트유,78.85,https://fred.stlouisfed.org/series/DCOILBRENTEU
2023-02-06,브렌트유,80.48,https://fred.stlouisfed.org/series/DCOILBRENTEU
2023-02-07,브렌트유,82.92,https://fred.stlouisfed.org/series/DCOILBRENTEU
2023-02-08,브렌트유,84.17,https://fred.stlouisfed.org/series/DCOILBRENTEU
2023-02-09,브렌트유,83.46,https://fred.stlouisfed.org/series/DCOILBRENTEU
2023-02-10,브렌트유,85.46,https://fred.stlouisfed.org/series/DCOILBRENTEU
2023-02-13,브렌트유,85.98,https://fred.stlouisfed.org/series/DCOILBRENTEU
2023-02-14,브렌트유,84.96,https://fred.stlouisfed.org/series/DCOILBRENTEU
2023-02-15,브렌트유,84.11,https://fred.stlouisfed.org/series/DCOILBRENTEU
2023-02-16,브렌트유,83.84,https://fred.stlouisfed.org/series/DCOILBRENTEU
2023-02-17,브렌트유,81.97,https://fred.stlouisfed.org/series/DCOILBRENTEU
2023-02-20,브렌트유,82.79,https://fred.stlouisfed.org/series/DCOILBRENTEU
2023-02-21,브렌트유,82.14,https://fred.stlouisfed.org/series/DCOILBRENTEU
2023-02-22,브렌트유,79.55,https://fred.stlouisfed.org/series/DCOILBRENTEU
2023-02-23,브렌트유,82.08,https://fred.stlouisfed.org/series/DCOILBRENTEU
2023-02-24,브렌트유,82.31,https://fred.stlouisfed.org/series/DCOILBRENTEU
2023-02-27,브렌트유,81.24,https://fred.stlouisfed.org/series/DCOILBRENTEU
2023-02-28,브렌트유,83.21,https://fred.stlouisfed.org/series/DCOILBRENTEU
2023-03-01,브렌트유,83.68,https://fred.stlouisfed.org/series/DCOILBRENTEU
2023-03-02,브렌트유,84.15,https://fred.stlouisfed.org/series/DCOILBRENTEU
2023-03-03,브렌트유,85.74,https://fred.stlouisfed.org/series/DCOILBRENTEU
2023-03-06,브렌트유,85.86,https://fred.stlouisfed.org/series/DCOILBRENTEU
2023-03-07,브렌트유,83.03,https://fred.stlouisfed.org/series/DCOILBRENTEU
2023-03-08,브렌트유,82.1,https://fred.stlouisfed.org/series/DCOILBRENTEU
2023-03-09,브렌트유,81.0,https://fred.stlouisfed.org/series/DCOILBRENTEU
2023-03-10,브렌트유,82.3,https://fred.stlouisfed.org/series/DCOILBRENTEU
2023-03-13,브렌트유,79.67,https://fred.stlouisfed.org/series/DCOILBRENTEU
2023-03-14,브렌트유,76.77,https://fred.stlouisfed.org/series/DCOILBRENTEU
2023-03-15,브렌트유,74.3,https://fred.stlouisfed.org/series/DCOILBRENTEU
2023-03-16,브렌트유,73.12,https://fred.stlouisfed.org/series/DCOILBRENTEU
2023-03-17,브렌트유,71.03,https://fred.stlouisfed.org/series/DCOILBRENTEU
2023-03-20,브렌트유,72.42,https://fred.stlouisfed.org/series/DCOILBRENTEU
2023-03-21,브렌트유,74.78,https://fred.stlouisfed.org/series/DCOILBRENTEU
2023-03-22,브렌트유,76.08,https://fred.stlouisfed.org/series/DCOILBRENTEU
2023-03-23,브렌트유,74.31,https://fred.stlouisfed.org/series/DCOILBRENTEU
2023-03-24,브렌트유,73.63,https://fred.stlouisfed.org/series/DCOILBRENTEU
2023-03-27,브렌트유,76.8,https://fred.stlouisfed.org/series/DCOILBRENTEU
2023-03-28,브렌트유,78.07,https://fred.stlouisfed.org/series/DCOILBRENTEU
2023-03-29,브렌트유,77.51,https://fred.stlouisfed.org/series/DCOILBRENTEU
2023-03-30,브렌트유,78.45,https://fred.stlouisfed.org/series/DCOILBRENTEU
2023-03-31,브렌트유,79.19,https://fred.stlouisfed.org/series/DCOILBRENTEU
2023-04-03,브렌트유,85.81,https://fred.stlouisfed.org/series/DCOILBRENTEU
2023-04-04,브렌트유,85.7,https://fred.stlouisfed.org/series/DCOILBRENTEU
2023-04-05,브렌트유,85.89,https://fred.stlouisfed.org/series/DCOILBRENTEU
2023-04-06,브렌트유,86.56,https://fred.stlouisfed.org/series/DCOILBRENTEU
2023-04-11,브렌트유,87.32,https://fred.stlouisfed.org/series/DCOILBRENTEU
2023-04-12,브렌트유,88.31,https://fred.stlouisfed.org/series/DCOILBRENTEU
2023-04-13,브렌트유,86.51,https://fred.stlouisfed.org/series/DCOILBRENTEU
2023-04-14,브렌트유,87.31,https://fred.stlouisfed.org/series/DCOILBRENTEU
2023-04-17,브렌트유,85.63,https://fred.stlouisfed.org/series/DCOILBRENTEU
2023-04-18,브렌트유,85.48,https://fred.stlouisfed.org/series/DCOILBRENTEU
2023-04-19,브렌트유,85.34,https://fred.stlouisfed.org/series/DCOILBRENTEU
2023-04-20,브렌트유,83.29,https://fred.stlouisfed.org/series/DCOILBRENTEU
2023-04-21,브렌트유,83.36,https://fred.stlouisfed.org/series/DCOILBRENTEU
2023-04-24,브렌트유,84.23,https://fred.stlouisfed.org/series/DCOILBRENTEU
2023-04-25,브렌트유,82.13,https://fred.stlouisfed.org/series/DCOILBRENTEU
2023-04-26,브렌트유,79.19,https://fred.stlouisfed.org/series/DCOILBRENTEU
2023-04-27,브렌트유,80.11,https://fred.stlouisfed.org/series/DCOILBRENTEU
2023-04-28,브렌트유,81.32,https://fred.stlouisfed.org/series/DCOILBRENTEU
2023-05-02,브렌트유,76.71,https://fred.stlouisfed.org/series/DCOILBRENTEU
2023-05-03,브렌트유,72.91,https://fred.stlouisfed.org/series/DCOILBRENTEU
2023-05-04,브렌트유,73.0,https://fred.stlouisfed.org/series/DCOILBRENTEU
2023-05-05,브렌트유,75.85,https://fred.stlouisfed.org/series/DCOILBRENTEU
2023-05-09,브렌트유,77.76,https://fred.stlouisfed.org/series/DCOILBRENTEU
2023-05-10,브렌트유,76.7,https://fred.stlouisfed.org/series/DCOILBRENTEU
2023-05-11,브렌트유,75.32,https://fred.stlouisfed.org/series/DCOILBRENTEU
2023-05-12,브렌트유,74.54,https://fred.stlouisfed.org/series/DCOILBRENTEU
2023-05-15,브렌트유,75.46,https://fred.stlouisfed.org/series/DCOILBRENTEU
2023-05-16,브렌트유,75.15,https://fred.stlouisfed.org/series/DCOILBRENTEU
2023-05-17,브렌트유,76.98,https://fred.stlouisfed.org/series/DCOILBRENTEU
2023-05-18,브렌트유,75.75,https://fred.stlouisfed.org/series/DCOILBRENTEU
2023-05-19,브렌트유,75.42,https://fred.stlouisfed.org/series/DCOILBRENTEU
2023-05-22,브렌트유,75.77,https://fred.stlouisfed.org/series/DCOILBRENTEU
2023-05-23,브렌트유,76.66,https://fred.stlouisfed.org/series/DCOILBRENTEU
2023-05-24,브렌트유,77.99,https://fred.stlouisfed.org/series/DCOILBRENTEU
2023-05-25,브렌트유,75.66,https://fred.stlouisfed.org/series/DCOILBRENTEU
2023-05-26,브렌트유,76.33,https://fred.stlouisfed.org/series/DCOILBRENTEU
2023-05-30,브렌트유,73.38,https://fred.stlouisfed.org/series/DCOILBRENTEU
2023-05-31,브렌트유,71.98,https://fred.stlouisfed.org/series/DCOILBRENTEU
2023-06-01,브렌트유,74.18,https://fred.stlouisfed.org/series/DCOILBRENTEU
2023-06-02,브렌트유,76.0,https://fred.stlouisfed.org/series/DCOILBRENTEU
2023-06-05,브렌트유,76.61,https://fred.stlouisfed.org/series/DCOILBRENTEU
2023-06-06,브렌트유,76.22,https://fred.stlouisfed.org/series/DCOILBRENTEU
2023-06-07,브렌트유,76.85,https://fred.stlouisfed.org/series/DCOILBRENTEU
2023-06-08,브렌트유,75.88,https://fred.stlouisfed.org/series/DCOILBRENTEU
2023-06-09,브렌트유,74.74,https://fred.stlouisfed.org/series/DCOILBRENTEU
2023-06-12,브렌트유,71.8,https://fred.stlouisfed.org/series/DCOILBRENTEU
2023-06-13,브렌트유,74.24,https://fred.stlouisfed.org/series/DCOILBRENTEU
2023-06-14,브렌트유,73.39,https://fred.stlouisfed.org/series/DCOILBRENTEU
2023-06-15,브렌트유,75.75,https://fred.stlouisfed.org/series/DCOILBRENTEU
2023-06-16,브렌트유,76.76,https://fred.stlouisfed.org/series/DCOILBRENTEU
2023-06-19,브렌트유,76.09,https://fred.stlouisfed.org/series/DCOILBRENTEU
2023-06-20,브렌트유,75.79,https://fred.stlouisfed.org/series/DCOILBRENTEU
2023-06-21,브렌트유,76.92,https://fred.stlouisfed.org/series/DCOILBRENTEU
2023-06-22,브렌트유,73.93,https://fred.stlouisfed.org/series/DCOILBRENTEU
2023-06-23,브렌트유,73.56,https://fred.stlouisfed.org/series/DCOILBRENTEU
2023-06-26,브렌트유,73.86,https://fred.stlouisfed.org/series/DCOILBRENTEU
2023-06-27,브렌트유,71.88,https://fred.stlouisfed.org/series/DCOILBRENTEU
2023-06-28,브렌트유,73.64,https://fred.stlouisfed.org/series/DCOILBRENTEU
2023-06-29,브렌트유,73.86,https://fred.stlouisfed.org/series/DCOILBRENTEU
2023-06-30,브렌트유,74.51,https://fred.stlouisfed.org/series/DCOILBRENTEU
2023-07-03,브렌트유,74.52,https://fred.stlouisfed.org/series/DCOILBRENTEU
2023-07-04,브렌트유,76.23,https://fred.stlouisfed.org/series/DCOILBRENTEU
2023-07-05,브렌트유,76.74,https://fred.stlouisfed.org/series/DCOILBRENTEU
2023-07-06,브렌트유,76.72,https://fred.stlouisfed.org/series/DCOILBRENTEU
2023-07-07,브렌트유,78.77,https://fred.stlouisfed.org/series/DCOILBRENTEU
2023-07-10,브렌트유,77.83,https://fred.stlouisfed.org/series/DCOILBRENTEU
2023-07-11,브렌트유,79.54,https://fred.stlouisfed.org/series/DCOILBRENTEU
2023-07-12,브렌트유,80.35,https://fred.stlouisfed.org/series/DCOILBRENTEU
2023-07-13,브렌트유,81.31,https://fred.stlouisfed.org/series/DCOILBRENTEU
2023-07-14,브렌트유,79.9,https://fred.stlouisfed.org/series/DCOILBRENTEU
2023-07-17,브렌트유,77.8,https://fred.stlouisfed.org/series/DCOILBRENTEU
2023-07-18,브렌트유,79.54,https://fred.stlouisfed.org/series/DCOILBRENTEU
2023-07-19,브렌트유,79.38,https://fred.stlouisfed.org/series/DCOILBRENTEU
2023-07-20,브렌트유,79.62,https://fred.stlouisfed.org/series/DCOILBRENTEU
2023-07-21,브렌트유,81.06,https://fred.stlouisfed.org/series/DCOILBRENTEU
2023-07-24,브렌트유,82.53,https://fred.stlouisfed.org/series/DCOILBRENTEU
2023-07-25,브렌트유,83.46,https://fred.stlouisfed.org/series/DCOILBRENTEU
2023-07-26,브렌트유,82.98,https://fred.stlouisfed.org/series/DCOILBRENTEU
2023-07-27,브렌트유,84.28,https://fred.stlouisfed.org/series/DCOILBRENTEU
2023-07-28,브렌트유,84.49,https://fred.stlouisfed.org/series/DCOILBRENTEU
2023-07-31,브렌트유,85.22,https://fred.stlouisfed.org/series/DCOILBRENTEU
2023-08-01,브렌트유,85.34,https://fred.stlouisfed.org/series/DCOILBRENTEU
2023-08-02,브렌트유,84.01,https://fred.stlouisfed.org/series/DCOILBRENTEU
2023-08-03,브렌트유,86.19,https://fred.stlouisfed.org/series/DCOILBRENTEU
2023-08-04,브렌트유,87.38,https://fred.stlouisfed.org/series/DCOILBRENTEU
2023-08-07,브렌트유,86.47,https://fred.stlouisfed.org/series/DCOILBRENTEU
2023-08-08,브렌트유,88.0,https://fred.stlouisfed.org/series/DCOILBRENTEU
2023-08-09,브렌트유,89.31,https://fred.stlouisfed.org/series/DCOILBRENTEU
2023-08-10,브렌트유,87.44,https://fred.stlouisfed.org/series/DCOILBRENTEU
2023-08-11,브렌트유,87.93,https://fred.stlouisfed.org/series/DCOILBRENTEU
2023-08-14,브렌트유,87.4,https://fred.stlouisfed.org/series/DCOILBRENTEU
2023-08-15,브렌트유,86.28,https://fred.stlouisfed.org/series/DCOILBRENTEU
2023-08-16,브렌트유,84.49,https://fred.stlouisfed.org/series/DCOILBRENTEU
2023-08-17,브렌트유,85.24,https://fred.stlouisfed.org/series/DCOILBRENTEU
2023-08-18,브렌트유,85.92,https://fred.stlouisfed.org/series/DCOILBRENTEU
2023-08-21,브렌트유,85.44,https://fred.stlouisfed.org/series/DCOILBRENTEU
2023-08-22,브렌트유,84.7,https://fred.stlouisfed.org/series/DCOILBRENTEU
2023-08-23,브렌트유,83.94,https://fred.stlouisfed.org/series/DCOILBRENTEU
2023-08-24,브렌트유,84.07,https://fred.stlouisfed.org/series/DCOILBRENTEU
2023-08-25,브렌트유,85.42,https://fred.stlouisfed.org/series/DCOILBRENTEU
2023-08-29,브렌트유,86.37,https://fred.stlouisfed.org/series/DCOILBRENTEU
2023-08-30,브렌트유,86.62,https://fred.stlouisfed.org/series/DCOILBRENTEU
2023-08-31,브렌트유,87.29,https://fred.stlouisfed.org/series/DCOILBRENTEU
2023-09-01,브렌트유,89.98,https://fred.stlouisfed.org/series/DCOILBRENTEU
2023-09-04,브렌트유,90.42,https://fred.stlouisfed.org/series/DCOILBRENTEU
2023-09-05,브렌트유,91.25,https://fred.stlouisfed.org/series/DCOILBRENTEU
2023-09-06,브렌트유,91.79,https://fred.stlouisfed.org/series/DCOILBRENTEU
2023-09-07,브렌트유,91.16,https://fred.stlouisfed.org/series/DCOILBRENTEU
2023-09-08,브렌트유,91.85,https://fred.stlouisfed.org/series/DCOILBRENTEU
2023-09-11,브렌트유,91.97,https://fred.stlouisfed.org/series/DCOILBRENTEU
2023-09-12,브렌트유,93.58,https://fred.stlouisfed.org/series/DCOILBRENTEU
2023-09-13,브렌트유,93.04,https://fred.stlouisfed.org/series/DCOILBRENTEU
2023-09-14,브렌트유,95.2,https://fred.stlouisfed.org/series/DCOILBRENTEU
2023-09-15,브렌트유,95.55,https://fred.stlouisfed.org/series/DCOILBRENTEU
2023-09-18,브렌트유,95.95,https://fred.stlouisfed.org/series/DCOILBRENTEU
2023-09-19,브렌트유,96.11,https://fred.stlouisfed.org/series/DCOILBRENTEU
2023-09-20,브렌트유,94.56,https://fred.stlouisfed.org/series/DCOILBRENTEU
2023-09-21,브렌트유,93.7,https://fred.stlouisfed.org/series/DCOILBRENTEU
2023-09-22,브렌트유,93.99,https://fred.stlouisfed.org/series/DCOILBRENTEU
2023-09-25,브렌트유,94.01,https://fred.stlouisfed.org/series/DCOILBRENTEU
2023-09-26,브렌트유,94.46,https://fred.stlouisfed.org/series/DCOILBRENTEU
2023-09-27,브렌트유,97.1,https://fred.stlouisfed.org/series/DCOILBRENTEU
2023-09-28,브렌트유,96.64,https://fred.stlouisfed.org/series/DCOILBRENTEU
2023-09-29,브렌트유,95.86,https://fred.stlouisfed.org/series/DCOILBRENTEU
2023-10-02,브렌트유,91.21,https://fred.stlouisfed.org/series/DCOILBRENTEU
2023-10-03,브렌트유,94.46,https://fred.stlouisfed.org/series/DCOILBRENTEU
2023-10-04,브렌트유,89.83,https://fred.stlouisfed.org/series/DCOILBRENTEU
2023-10-05,브렌트유,88.28,https://fred.stlouisfed.org/series/DCOILBRENTEU
2023-10-06,브렌트유,87.86,https://fred.stlouisfed.org/series/DCOILBRENTEU
2023-10-09,브렌트유,91.37,https://fred.stlouisfed.org/series/DCOILBRENTEU
2023-10-10,브렌트유,90.7,https://fred.stlouisfed.org/series/DCOILBRENTEU
2023-10-11,브렌트유,87.58,https://fred.stlouisfed.org/series/DCOILBRENTEU
2023-10-12,브렌트유,88.4,https://fred.stlouisfed.org/series/DCOILBRENTEU
2023-10-13,브렌트유,94.33,https://fred.stlouisfed.org/series/DCOILBRENTEU
2023-10-16,브렌트유,90.99,https://fred.stlouisfed.org/series/DCOILBRENTEU
2023-10-17,브렌트유,92.52,https://fred.stlouisfed.org/series/DCOILBRENTEU
2023-10-18,브렌트유,91.99,https://fred.stlouisfed.org/series/DCOILBRENTEU
2023-10-19,브렌트유,93.12,https://fred.stlouisfed.org/series/DCOILBRENTEU
2023-10-20,브렌트유,93.72,https://fred.stlouisfed.org/series/DCOILBRENTEU
2023-10-23,브렌트유,91.88,https://fred.stlouisfed.org/series/DCOILBRENTEU
2023-10-24,브렌트유,88.0,https://fred.stlouisfed.org/series/DCOILBRENTEU
2023-10-25,브렌트유,90.14,https://fred.stlouisfed.org/series/DCOILBRENTEU
2023-10-26,브렌트유,88.45,https://fred.stlouisfed.org/series/DCOILBRENTEU
2023-10-27,브렌트유,90.73,https://fred.stlouisfed.org/series/DCOILBRENTEU
2023-10-30,브렌트유,90.73,https://fred.stlouisfed.org/series/DCOILBRENTEU
2023-10-31,브렌트유,86.82,https://fred.stlouisfed.org/series/DCOILBRENTEU
2023-11-01,브렌트유,86.92,https://fred.stlouisfed.org/series/DCOILBRENTEU
2023-11-02,브렌트유,89.02,https://fred.stlouisfed.org/series/DCOILBRENTEU
2023-11-03,브렌트유,87.55,https://fred.stlouisfed.org/series/DCOILBRENTEU
2023-11-06,브렌트유,87.31,https://fred.stlouisfed.org/series/DCOILBRENTEU
2023-11-07,브렌트유,83.43,https://fred.stlouisfed.org/series/DCOILBRENTEU
2023-11-08,브렌트유,81.46,https://fred.stlouisfed.org/series/DCOILBRENTEU
2023-11-09,브렌트유,81.74,https://fred.stlouisfed.org/series/DCOILBRENTEU
2023-11-10,브렌트유,83.66,https://fred.stlouisfed.org/series/DCOILBRENTEU
2023-11-13,브렌트유,84.09,https://fred.stlouisfed.org/series/DCOILBRENTEU
2023-11-14,브렌트유,84.2,https://fred.stlouisfed.org/series/DCOILBRENTEU
2023-11-15,브렌트유,82.4,https://fred.stlouisfed.org/series/DCOILBRENTEU
2023-11-16,브렌트유,77.73,https://fred.stlouisfed.org/series/DCOILBRENTEU
2023-11-17,브렌트유,81.22,https://fred.stlouisfed.org/series/DCOILBRENTEU
2023-11-20,브렌트유,83.25,https://fred.stlouisfed.org/series/DCOILBRENTEU
2023-11-21,브렌트유,82.42,https://fred.stlouisfed.org/series/DCOILBRENTEU
2023-11-22,브렌트유,81.76,https://fred.stlouisfed.org/series/DCOILBRENTEU
2023-11-23,브렌트유,80.85,https://fred.stlouisfed.org/series/DCOILBRENTEU
2023-11-24,브렌트유,79.82,https://fred.stlouisfed.org/series/DCOILBRENTEU
2023-11-27,브렌트유,79.49,https://fred.stlouisfed.org/series/DCOILBRENTEU
2023-11-28,브렌트유,81.66,https://fred.stlouisfed.org/series/DCOILBRENTEU
2023-11-29,브렌트유,82.98,https://fred.stlouisfed.org/series/DCOILBRENTEU
2023-11-30,브렌트유,81.72,https://fred.stlouisfed.org/series/DCOILBRENTEU
2023-12-01,브렌트유,78.72,https://fred.stlouisfed.org/series/DCOILBRENTEU
2023-12-04,브렌트유,78.16,https://fred.stlouisfed.org/series/DCOILBRENTEU
2023-12-05,브렌트유,77.27,https://fred.stlouisfed.org/series/DCOILBRENTEU
2023-12-06,브렌트유,74.33,https://fred.stlouisfed.org/series/DCOILBRENTEU
2023-12-07,브렌트유,74.21,https://fred.stlouisfed.org/series/DCOILBRENTEU
2023-12-08,브렌트유,75.94,https://fred.stlouisfed.org/series/DCOILBRENTEU
2023-12-11,브렌트유,75.75,https://fred.stlouisfed.org/series/DCOILBRENTEU
2023-12-12,브렌트유,74.11,https://fred.stlouisfed.org/series/DCOILBRENTEU
2023-12-13,브렌트유,74.14,https://fred.stlouisfed.org/series/DCOILBRENTEU
2023-12-14,브렌트유,77.05,https://fred.stlouisfed.org/series/DCOILBRENTEU
2023-12-15,브렌트유,76.84,https://fred.stlouisfed.org/series/DCOILBRENTEU
2023-12-18,브렌트유,78.89,https://fred.stlouisfed.org/series/DCOILBRENTEU
2023-12-19,브렌트유,79.82,https://fred.stlouisfed.org/series/DCOILBRENTEU
2023-12-20,브렌트유,81.1,https://fred.stlouisfed.org/series/DCOILBRENTEU
2023-12-21,브렌트유,80.73,https://fred.stlouisfed.org/series/DCOILBRENTEU
2023-12-22,브렌트유,80.23,https://fred.stlouisfed.org/series/DCOILBRENTEU
2023-12-27,브렌트유,80.97,https://fred.stlouisfed.org/series/DCOILBRENTEU
2023-12-28,브렌트유,79.04,https://fred.stlouisfed.org/series/DCOILBRENTEU
2023-12-29,브렌트유,77.69,https://fred.stlouisfed.org/series/DCOILBRENTEU
2024-01-02,브렌트유,76.24,https://fred.stlouisfed.org/series/DCOILBRENTEU
2024-01-03,브렌트유,77.18,https://fred.stlouisfed.org/series/DCOILBRENTEU
2024-01-04,브렌트유,75.79,https://fred.stlouisfed.org/series/DCOILBRENTEU
2024-01-05,브렌트유,78.31,https://fred.stlouisfed.org/series/DCOILBRENTEU
2024-01-08,브렌트유,75.47,https://fred.stlouisfed.org/series/DCOILBRENTEU
2024-01-09,브렌트유,77.97,https://fred.stlouisfed.org/series/DCOILBRENTEU
2024-01-10,브렌트유,78.46,https://fred.stlouisfed.org/series/DCOILBRENTEU
2024-01-11,브렌트유,80.21,https://fred.stlouisfed.org/series/DCOILBRENTEU
2024-01-12,브렌트유,79.89,https://fred.stlouisfed.org/series/DCOILBRENTEU
2024-01-15,브렌트유,79.76,https://fred.stlouisfed.org/series/DCOILBRENTEU
2024-01-16,브렌트유,80.15,https://fred.stlouisfed.org/series/DCOILBRENTEU
2024-01-17,브렌트유,78.88,https://fred.stlouisfed.org/series/DCOILBRENTEU
2024-01-18,브렌트유,81.04,https://fred.stlouisfed.org/series/DCOILBRENTEU
2024-01-19,브렌트유,80.71,https://fred.stlouisfed.org/series/DCOILBRENTEU
2024-01-22,브렌트유,81.7,https://fred.stlouisfed.org/series/DCOILBRENTEU
2024-01-23,브렌트유,82.04,https://fred.stlouisfed.org/series/DCOILBRENTEU
2024-01-24,브렌트유,82.15,https://fred.stlouisfed.org/series/DCOILBRENTEU
2024-01-25,브렌트유,82.33,https://fred.stlouisfed.org/series/DCOILBRENTEU
2024-01-26,브렌트유,83.34,https://fred.stlouisfed.org/series/DCOILBRENTEU
2024-01-29,브렌트유,83.99,https://fred.stlouisfed.org/series/DCOILBRENTEU
2024-01-30,브렌트유,84.14,https://fred.stlouisfed.org/series/DCOILBRENTEU
2024-01-31,브렌트유,82.98,https://fred.stlouisfed.org/series/DCOILBRENTEU
2024-02-01,브렌트유,82.2,https://fred.stlouisfed.org/series/DCOILBRENTEU
2024-02-02,브렌트유,79.54,https://fred.stlouisfed.org/series/DCOILBRENTEU
2024-02-05,브렌트유,79.3,https://fred.stlouisfed.org/series/DCOILBRENTEU
2024-02-06,브렌트유,80.46,https://fred.stlouisfed.org/series/DCOILBRENTEU
2024-02-07,브렌트유,81.18,https://fred.stlouisfed.org/series/DCOILBRENTEU
2024-02-08,브렌트유,83.01,https://fred.stlouisfed.org/series/DCOILBRENTEU
2024-02-09,브렌트유,83.58,https://fred.stlouisfed.org/series/DCOILBRENTEU
2024-02-12,브렌트유,83.88,https://fred.stlouisfed.org/series/DCOILBRENTEU
2024-02-13,브렌트유,84.72,https://fred.stlouisfed.org/series/DCOILBRENTEU
2024-02-14,브렌트유,84.41,https://fred.stlouisfed.org/series/DCOILBRENTEU
2024-02-15,브렌트유,84.33,https://fred.stlouisfed.org/series/DCOILBRENTEU
2024-02-16,브렌트유,84.88,https://fred.stlouisfed.org/series/DCOILBRENTEU
2024-02-19,브렌트유,85.52,https://fred.stlouisfed.org/series/DCOILBRENTEU
2024-02-20,브렌트유,84.78,https://fred.stlouisfed.org/series/DCOILBRENTEU
2024-02-21,브렌트유,84.77,https://fred.stlouisfed.org/series/DCOILBRENTEU
2024-02-22,브렌트유,85.84,https://fred.stlouisfed.org/series/DCOILBRENTEU
2024-02-23,브렌트유,84.18,https://fred.stlouisfed.org/series/DCOILBRENTEU
2024-02-26,브렌트유,84.01,https://fred.stlouisfed.org/series/DCOILBRENTEU
2024-02-27,브렌트유,83.8,https://fred.stlouisfed.org/series/DCOILBRENTEU
2024-02-28,브렌트유,84.08,https://fred.stlouisfed.org/series/DCOILBRENTEU
2024-02-29,브렌트유,84.57,https://fred.stlouisfed.org/series/DCOILBRENTEU
2024-03-01,브렌트유,84.82,https://fred.stlouisfed.org/series/DCOILBRENTEU
2024-03-04,브렌트유,86.58,https://fred.stlouisfed.org/series/DCOILBRENTEU
2024-03-05,브렌트유,85.82,https://fred.stlouisfed.org/series/DCOILBRENTEU
2024-03-06,브렌트유,86.59,https://fred.stlouisfed.org/series/DCOILBRENTEU
2024-03-07,브렌트유,84.88,https://fred.stlouisfed.org/series/DCOILBRENTEU
2024-03-08,브렌트유,84.29,https://fred.stlouisfed.org/series/DCOILBRENTEU
2024-03-11,브렌트유,83.44,https://fred.stlouisfed.org/series/DCOILBRENTEU
2024-03-12,브렌트유,83.66,https://fred.stlouisfed.org/series/DCOILBRENTEU
2024-03-13,브렌트유,83.95,https://fred.stlouisfed.org/series/DCOILBRENTEU
2024-03-14,브렌트유,86.16,https://fred.stlouisfed.org/series/DCOILBRENTEU
2024-03-15,브렌트유,85.39,https://fred.stlouisfed.org/series/DCOILBRENTEU
2024-03-18,브렌트유,86.47,https://fred.stlouisfed.org/series/DCOILBRENTEU
2024-03-19,브렌트유,87.36,https://fred.stlouisfed.org/series/DCOILBRENTEU
2024-03-20,브렌트유,85.77,https://fred.stlouisfed.org/series/DCOILBRENTEU
2024-03-21,브렌트유,84.92,https://fred.stlouisfed.org/series/DCOILBRENTEU
2024-03-22,브렌트유,84.87,https://fred.stlouisfed.org/series/DCOILBRENTEU
2024-03-25,브렌트유,86.18,https://fred.stlouisfed.org/series/DCOILBRENTEU
2024-03-26,브렌트유,85.91,https://fred.stlouisfed.org/series/DCOILBRENTEU
2024-03-27,브렌트유,84.94,https://fred.stlouisfed.org/series/DCOILBRENTEU
2024-03-28,브렌트유,86.17,https://fred.stlouisfed.org/series/DCOILBRENTEU
2024-04-02,브렌트유,87.63,https://fred.stlouisfed.org/series/DCOILBRENTEU
2024-04-03,브렌트유,90.6,https://fred.stlouisfed.org/series/DCOILBRENTEU
2024-04-04,브렌트유,90.32,https://fred.stlouisfed.org/series/DCOILBRENTEU
2024-04-05,브렌트유,92.81,https://fred.stlouisfed.org/series/DCOILBRENTEU
2024-04-08,브렌트유,91.73,https://fred.stlouisfed.org/series/DCOILBRENTEU
2024-04-09,브렌트유,92.13,https://fred.stlouisfed.org/series/DCOILBRENTEU
2024-04-10,브렌트유,91.57,https://fred.stlouisfed.org/series/DCOILBRENTEU
2024-04-11,브렌트유,91.49,https://fred.stlouisfed.org/series/DCOILBRENTEU
2024-04-12,브렌트유,93.12,https://fred.stlouisfed.org/series/DCOILBRENTEU
2024-04-15,브렌트유,90.84,https://fred.stlouisfed.org/series/DCOILBRENTEU
2024-04-16,브렌트유,91.29,https://fred.stlouisfed.org/series/DCOILBRENTEU
2024-04-17,브렌트유,89.54,https://fred.stlouisfed.org/series/DCOILBRENTEU
2024-04-18,브렌트유,88.34,https://fred.stlouisfed.org/series/DCOILBRENTEU
2024-04-19,브렌트유,87.96,https://fred.stlouisfed.org/series/DCOILBRENTEU
2024-04-22,브렌트유,87.3,https://fred.stlouisfed.org/series/DCOILBRENTEU
2024-04-23,브렌트유,88.29,https://fred.stlouisfed.org/series/DCOILBRENTEU
2024-04-24,브렌트유,89.02,https://fred.stlouisfed.org/series/DCOILBRENTEU
2024-04-25,브렌트유,88.1,https://fred.stlouisfed.org/series/DCOILBRENTEU
2024-04-26,브렌트유,89.95,https://fred.stlouisfed.org/series/DCOILBRENTEU
2024-04-29,브렌트유,88.44,https://fred.stlouisfed.org/series/DCOILBRENTEU
2024-04-30,브렌트유,88.23,https://fred.stlouisfed.org/series/DCOILBRENTEU
2024-05-01,브렌트유,83.55,https://fred.stlouisfed.org/series/DCOILBRENTEU
2024-05-02,브렌트유,84.81,https://fred.stlouisfed.org/series/DCOILBRENTEU
2024-05-03,브렌트유,83.6,https://fred.stlouisfed.org/series/DCOILBRENTEU
2024-05-07,브렌트유,82.69,https://fred.stlouisfed.org/series/DCOILBRENTEU
2024-05-08,브렌트유,82.44,https://fred.stlouisfed.org/series/DCOILBRENTEU
2024-05-09,브렌트유,83.27,https://fred.stlouisfed.org/series/DCOILBRENTEU
2024-05-10,브렌트유,83.39,https://fred.stlouisfed.org/series/DCOILBRENTEU
2024-05-13,브렌트유,83.18,https://fred.stlouisfed.org/series/DCOILBRENTEU
2024-05-14,브렌트유,81.0,https://fred.stlouisfed.org/series/DCOILBRENTEU
2024-05-15,브렌트유,79.98,https://fred.stlouisfed.org/series/DCOILBRENTEU
2024-05-16,브렌트유,81.65,https://fred.stlouisfed.org/series/DCOILBRENTEU
2024-05-17,브렌트유,82.24,https://fred.stlouisfed.org/series/DCOILBRENTEU
2024-05-20,브렌트유,81.91,https://fred.stlouisfed.org/series/DCOILBRENTEU
2024-05-21,브렌트유,81.22,https://fred.stlouisfed.org/series/DCOILBRENTEU
2024-05-22,브렌트유,79.9,https://fred.stlouisfed.org/series/DCOILBRENTEU
2024-05-23,브렌트유,79.25,https://fred.stlouisfed.org/series/DCOILBRENTEU
2024-05-24,브렌트유,78.92,https://fred.stlouisfed.org/series/DCOILBRENTEU
2024-05-28,브렌트유,81.34,https://fred.stlouisfed.org/series/DCOILBRENTEU
2024-05-29,브렌트유,81.5,https://fred.stlouisfed.org/series/DCOILBRENTEU
2024-05-30,브렌트유,81.42,https://fred.stlouisfed.org/series/DCOILBRENTEU
2024-05-31,브렌트유,79.41,https://fred.stlouisfed.org/series/DCOILBRENTEU
2024-06-03,브렌트유,76.45,https://fred.stlouisfed.org/series/DCOILBRENTEU
2024-06-04,브렌트유,75.33,https://fred.stlouisfed.org/series/DCOILBRENTEU
2024-06-05,브렌트유,75.41,https://fred.stlouisfed.org/series/DCOILBRENTEU
2024-06-06,브렌트유,77.62,https://fred.stlouisfed.org/series/DCOILBRENTEU
2024-06-07,브렌트유,78.12,https://fred.stlouisfed.org/series/DCOILBRENTEU
2024-06-10,브렌트유,79.59,https://fred.stlouisfed.org/series/DCOILBRENTEU
2024-06-11,브렌트유,80.15,https://fred.stlouisfed.org/series/DCOILBRENTEU
2024-06-12,브렌트유,80.52,https://fred.stlouisfed.org/series/DCOILBRENTEU
2024-06-13,브렌트유,81.44,https://fred.stlouisfed.org/series/DCOILBRENTEU
2024-06-14,브렌트유,81.49,https://fred.stlouisfed.org/series/DCOILBRENTEU
2024-06-17,브렌트유,82.45,https://fred.stlouisfed.org/series/DCOILBRENTEU
2024-06-18,브렌트유,84.79,https://fred.stlouisfed.org/series/DCOILBRENTEU
2024-06-19,브렌트유,85.64,https://fred.stlouisfed.org/series/DCOILBRENTEU
2024-06-20,브렌트유,85.92,https://fred.stlouisfed.org/series/DCOILBRENTEU
2024-06-21,브렌트유,86.42,https://fred.stlouisfed.org/series/DCOILBRENTEU
2024-06-24,브렌트유,86.75,https://fred.stlouisfed.org/series/DCOILBRENTEU
2024-06-25,브렌트유,86.81,https://fred.stlouisfed.org/series/DCOILBRENTEU
2024-06-26,브렌트유,85.76,https://fred.stlouisfed.org/series/DCOILBRENTEU
2024-06-27,브렌트유,87.0,https://fred.stlouisfed.org/series/DCOILBRENTEU
2024-06-28,브렌트유,87.26,https://fred.stlouisfed.org/series/DCOILBRENTEU
2024-07-01,브렌트유,86.57,https://fred.stlouisfed.org/series/DCOILBRENTEU
2024-07-02,브렌트유,88.28,https://fred.stlouisfed.org/series/DCOILBRENTEU
2024-07-03,브렌트유,88.25,https://fred.stlouisfed.org/series/DCOILBRENTEU
2024-07-04,브렌트유,88.34,https://fred.stlouisfed.org/series/DCOILBRENTEU
2024-07-05,브렌트유,88.66,https://fred.stlouisfed.org/series/DCOILBRENTEU
2024-07-08,브렌트유,87.15,https://fred.stlouisfed.org/series/DCOILBRENTEU
2024-07-09,브렌트유,86.48,https://fred.stlouisfed.org/series/DCOILBRENTEU
2024-07-10,브렌트유,86.55,https://fred.stlouisfed.org/series/DCOILBRENTEU
2024-07-11,브렌트유,86.49,https://fred.stlouisfed.org/series/DCOILBRENTEU
2024-07-12,브렌트유,87.35,https://fred.stlouisfed.org/series/DCOILBRENTEU
2024-07-15,브렌트유,86.42,https://fred.stlouisfed.org/series/DCOILBRENTEU
2024-07-16,브렌트유,86.6,https://fred.stlouisfed.org/series/DCOILBRENTEU
2024-07-17,브렌트유,85.76,https://fred.stlouisfed.org/series/DCOILBRENTEU
2024-07-18,브렌트유,86.26,https://fred.stlouisfed.org/series/DCOILBRENTEU
2024-07-19,브렌트유,85.19,https://fred.stlouisfed.org/series/DCOILBRENTEU
2024-07-22,브렌트유,83.44,https://fred.stlouisfed.org/series/DCOILBRENTEU
2024-07-23,브렌트유,82.2,https://fred.stlouisfed.org/series/DCOILBRENTEU
2024-07-24,브렌트유,83.01,https://fred.stlouisfed.org/series/DCOILBRENTEU
2024-07-25,브렌트유,82.58,https://fred.stlouisfed.org/series/DCOILBRENTEU
2024-07-26,브렌트유,81.35,https://fred.stlouisfed.org/series/DCOILBRENTEU
2024-07-29,브렌트유,80.94,https://fred.stlouisfed.org/series/DCOILBRENTEU
2024-07-30,브렌트유,79.26,https://fred.stlouisfed.org/series/DCOILBRENTEU
2024-07-31,브렌트유,81.39,https://fred.stlouisfed.org/series/DCOILBRENTEU
2024-08-01,브렌트유,81.37,https://fred.stlouisfed.org/series/DCOILBRENTEU
2024-08-02,브렌트유,78.35,https://fred.stlouisfed.org/series/DCOILBRENTEU
2024-08-05,브렌트유,77.51,https://fred.stlouisfed.org/series/DCOILBRENTEU
2024-08-06,브렌트유,76.62,https://fred.stlouisfed.org/series/DCOILBRENTEU
2024-08-07,브렌트유,78.26,https://fred.stlouisfed.org/series/DCOILBRENTEU
2024-08-08,브렌트유,80.76,https://fred.stlouisfed.org/series/DCOILBRENTEU
2024-08-09,브렌트유,81.07,https://fred.stlouisfed.org/series/DCOILBRENTEU
2024-08-12,브렌트유,83.06,https://fred.stlouisfed.org/series/DCOILBRENTEU
2024-08-13,브렌트유,82.51,https://fred.stlouisfed.org/series/DCOILBRENTEU
2024-08-14,브렌트유,82.15,https://fred.stlouisfed.org/series/DCOILBRENTEU
2024-08-15,브렌트유,83.09,https://fred.stlouisfed.org/series/DCOILBRENTEU
2024-08-16,브렌트유,81.56,https://fred.stlouisfed.org/series/DCOILBRENTEU
2024-08-19,브렌트유,81.09,https://fred.stlouisfed.org/series/DCOILBRENTEU
2024-08-20,브렌트유,78.85,https://fred.stlouisfed.org/series/DCOILBRENTEU
2024-08-21,브렌트유,78.77,https://fred.stlouisfed.org/series/DCOILBRENTEU
2024-08-22,브렌트유,78.8,https://fred.stlouisfed.org/series/DCOILBRENTEU
2024-08-23,브렌트유,80.34,https://fred.stlouisfed.org/series/DCOILBRENTEU
2024-08-27,브렌트유,81.51,https://fred.stlouisfed.org/series/DCOILBRENTEU
2024-08-28,브렌트유,80.04,https://fred.stlouisfed.org/series/DCOILBRENTEU
2024-08-29,브렌트유,81.55,https://fred.stlouisfed.org/series/DCOILBRENTEU
2024-08-30,브렌트유,80.2,https://fred.stlouisfed.org/series/DCOILBRENTEU
2024-09-02,브렌트유,77.82,https://fred.stlouisfed.org/series/DCOILBRENTEU
2024-09-03,브렌트유,76.46,https://fred.stlouisfed.org/series/DCOILBRENTEU
2024-09-04,브렌트유,74.67,https://fred.stlouisfed.org/series/DCOILBRENTEU
2024-09-05,브렌트유,74.47,https://fred.stlouisfed.org/series/DCOILBRENTEU
2024-09-06,브렌트유,72.82,https://fred.stlouisfed.org/series/DCOILBRENTEU
2024-09-09,브렌트유,72.37,https://fred.stlouisfed.org/series/DCOILBRENTEU
2024-09-10,브렌트유,70.34,https://fred.stlouisfed.org/series/DCOILBRENTEU
2024-09-11,브렌트유,70.31,https://fred.stlouisfed.org/series/DCOILBRENTEU
2024-09-12,브렌트유,73.81,https://fred.stlouisfed.org/series/DCOILBRENTEU
2024-09-13,브렌트유,73.68,https://fred.stlouisfed.org/series/DCOILBRENTEU
2024-09-16,브렌트유,73.96,https://fred.stlouisfed.org/series/DCOILBRENTEU
2024-09-17,브렌트유,74.55,https://fred.stlouisfed.org/series/DCOILBRENTEU
2024-09-18,브렌트유,74.52,https://fred.stlouisfed.org/series/DCOILBRENTEU
2024-09-19,브렌트유,75.93,https://fred.stlouisfed.org/series/DCOILBRENTEU
2024-09-20,브렌트유,75.96,https://fred.stlouisfed.org/series/DCOILBRENTEU
2024-09-23,브렌트유,74.95,https://fred.stlouisfed.org/series/DCOILBRENTEU
2024-09-24,브렌트유,75.29,https://fred.stlouisfed.org/series/DCOILBRENTEU
2024-09-25,브렌트유,75.4,https://fred.stlouisfed.org/series/DCOILBRENTEU
2024-09-26,브렌트유,73.06,https://fred.stlouisfed.org/series/DCOILBRENTEU
2024-09-27,브렌트유,71.63,https://fred.stlouisfed.org/series/DCOILBRENTEU
2024-09-30,브렌트유,72.35,https://fred.stlouisfed.org/series/DCOILBRENTEU
2024-10-01,브렌트유,75.3,https://fred.stlouisfed.org/series/DCOILBRENTEU
2024-10-02,브렌트유,74.86,https://fred.stlouisfed.org/series/DCOILBRENTEU
2024-10-03,브렌트유,77.57,https://fred.stlouisfed.org/series/DCOILBRENTEU
2024-10-04,브렌트유,79.32,https://fred.stlouisfed.org/series/DCOILBRENTEU
2024-10-07,브렌트유,81.74,https://fred.stlouisfed.org/series/DCOILBRENTEU
2024-10-08,브렌트유,78.19,https://fred.stlouisfed.org/series/DCOILBRENTEU
2024-10-09,브렌트유,77.06,https://fred.stlouisfed.org/series/DCOILBRENTEU
2024-10-10,브렌트유,79.45,https://fred.stlouisfed.org/series/DCOILBRENTEU
2024-10-11,브렌트유,80.27,https://fred.stlouisfed.org/series/DCOILBRENTEU
2024-10-14,브렌트유,78.47,https://fred.stlouisfed.org/series/DCOILBRENTEU
2024-10-15,브렌트유,73.68,https://fred.stlouisfed.org/series/DCOILBRENTEU
2024-10-16,브렌트유,73.65,https://fred.stlouisfed.org/series/DCOILBRENTEU
2024-10-17,브렌트유,74.37,https://fred.stlouisfed.org/series/DCOILBRENTEU
2024-10-18,브렌트유,72.75,https://fred.stlouisfed.org/series/DCOILBRENTEU
2024-10-21,브렌트유,73.29,https://fred.stlouisfed.org/series/DCOILBRENTEU
2024-10-22,브렌트유,75.59,https://fred.stlouisfed.org/series/DCOILBRENTEU
2024-10-23,브렌트유,74.68,https://fred.stlouisfed.org/series/DCOILBRENTEU
2024-10-24,브렌트유,74.27,https://fred.stlouisfed.org/series/DCOILBRENTEU
2024-10-25,브렌트유,75.62,https://fred.stlouisfed.org/series/DCOILBRENTEU
2024-10-28,브렌트유,71.87,https://fred.stlouisfed.org/series/DCOILBRENTEU
2024-10-29,브렌트유,71.09,https://fred.stlouisfed.org/series/DCOILBRENTEU
2024-10-30,브렌트유,73.21,https://fred.stlouisfed.org/series/DCOILBRENTEU
2024-10-31,브렌트유,73.25,https://fred.stlouisfed.org/series/DCOILBRENTEU
2024-11-01,브렌트유,73.63,https://fred.stlouisfed.org/series/DCOILBRENTEU
2024-11-04,브렌트유,74.89,https://fred.stlouisfed.org/series/DCOILBRENTEU
2024-11-05,브렌트유,76.98,https://fred.stlouisfed.org/series/DCOILBRENTEU
2024-11-06,브렌트유,76.52,https://fred.stlouisfed.org/series/DCOILBRENTEU
2024-11-07,브렌트유,75.73,https://fred.stlouisfed.org/series/DCOILBRENTEU
2024-11-08,브렌트유,74.04,https://fred.stlouisfed.org/series/DCOILBRENTEU
2024-11-11,브렌트유,72.19,https://fred.stlouisfed.org/series/DCOILBRENTEU
2024-11-12,브렌트유,72.56,https://fred.stlouisfed.org/series/DCOILBRENTEU
2024-11-13,브렌트유,72.86,https://fred.stlouisfed.org/series/DCOILBRENTEU
2024-11-14,브렌트유,73.39,https://fred.stlouisfed.org/series/DCOILBRENTEU
2024-11-15,브렌트유,73.45,https://fred.stlouisfed.org/series/DCOILBRENTEU
2024-11-18,브렌트유,74.35,https://fred.stlouisfed.org/series/DCOILBRENTEU
2024-11-19,브렌트유,74.32,https://fred.stlouisfed.org/series/DCOILBRENTEU
2024-11-20,브렌트유,74.33,https://fred.stlouisfed.org/series/DCOILBRENTEU
2024-11-21,브렌트유,75.09,https://fred.stlouisfed.org/series/DCOILBRENTEU
2024-11-22,브렌트유,76.1,https://fred.stlouisfed.org/series/DCOILBRENTEU
2024-11-25,브렌트유,74.27,https://fred.stlouisfed.org/series/DCOILBRENTEU
2024-11-26,브렌트유,74.56,https://fred.stlouisfed.org/series/DCOILBRENTEU
2024-11-27,브렌트유,73.91,https://fred.stlouisfed.org/series/DCOILBRENTEU
2024-11-28,브렌트유,73.92,https://fred.stlouisfed.org/series/DCOILBRENTEU
2024-11-29,브렌트유,74.16,https://fred.stlouisfed.org/series/DCOILBRENTEU
2024-12-02,브렌트유,72.81,https://fred.stlouisfed.org/series/DCOILBRENTEU
2024-12-03,브렌트유,74.8,https://fred.stlouisfed.org/series/DCOILBRENTEU
2024-12-04,브렌트유,74.68,https://fred.stlouisfed.org/series/DCOILBRENTEU
2024-12-05,브렌트유,73.78,https://fred.stlouisfed.org/series/DCOILBRENTEU
2024-12-06,브렌트유,73.78,https://fred.stlouisfed.org/series/DCOILBRENTEU
2024-12-09,브렌트유,73.73,https://fred.stlouisfed.org/series/DCOILBRENTEU
2024-12-10,브렌트유,73.64,https://fred.stlouisfed.org/series/DCOILBRENTEU
2024-12-11,브렌트유,74.38,https://fred.stlouisfed.org/series/DCOILBRENTEU
2024-12-12,브렌트유,73.52,https://fred.stlouisfed.org/series/DCOILBRENTEU
2024-12-13,브렌트유,74.89,https://fred.stlouisfed.org/series/DCOILBRENTEU
2024-12-16,브렌트유,74.3,https://fred.stlouisfed.org/series/DCOILBRENTEU
2024-12-17,브렌트유,73.16,https://fred.stlouisfed.org/series/DCOILBRENTEU
2024-12-18,브렌트유,74.57,https://fred.stlouisfed.org/series/DCOILBRENTEU
2024-12-19,브렌트유,73.75,https://fred.stlouisfed.org/series/DCOILBRENTEU
2024-12-20,브렌트유,73.19,https://fred.stlouisfed.org/series/DCOILBRENTEU
2024-12-23,브렌트유,72.12,https://fred.stlouisfed.org/series/DCOILBRENTEU
2024-12-24,브렌트유,73.5,https://fred.stlouisfed.org/series/DCOILBRENTEU
2024-12-27,브렌트유,73.77,https://fred.stlouisfed.org/series/DCOILBRENTEU
2024-12-30,브렌트유,74.24,https://fred.stlouisfed.org/series/DCOILBRENTEU
2024-12-31,브렌트유,74.58,https://fred.stlouisfed.org/series/DCOILBRENTEU
2025-01-02,브렌트유,76.14,https://fred.stlouisfed.org/series/DCOILBRENTEU
2025-01-03,브렌트유,76.72,https://fred.stlouisfed.org/series/DCOILBRENTEU
2025-01-06,브렌트유,77.27,https://fred.stlouisfed.org/series/DCOILBRENTEU
2025-01-07,브렌트유,77.84,https://fred.stlouisfed.org/series/DCOILBRENTEU
2025-01-08,브렌트유,77.37,https://fred.stlouisfed.org/series/DCOILBRENTEU
2025-01-09,브렌트유,78.44,https://fred.stlouisfed.org/series/DCOILBRENTEU
2025-01-10,브렌트유,79.76,https://fred.stlouisfed.org/series/DCOILBRENTEU
2025-01-13,브렌트유,82.69,https://fred.stlouisfed.org/series/DCOILBRENTEU
2025-01-14,브렌트유,82.39,https://fred.stlouisfed.org/series/DCOILBRENTEU
2025-01-15,브렌트유,83.48,https://fred.stlouisfed.org/series/DCOILBRENTEU
2025-01-16,브렌트유,82.39,https://fred.stlouisfed.org/series/DCOILBRENTEU
2025-01-17,브렌트유,83.02,https://fred.stlouisfed.org/series/DCOILBRENTEU
2025-01-20,브렌트유,81.68,https://fred.stlouisfed.org/series/DCOILBRENTEU
2025-01-21,브렌트유,80.57,https://fred.stlouisfed.org/series/DCOILBRENTEU
2025-01-22,브렌트유,80.0,https://fred.stlouisfed.org/series/DCOILBRENTEU
2025-01-23,브렌트유,78.62,https://fred.stlouisfed.org/series/DCOILBRENTEU
2025-01-24,브렌트유,78.71,https://fred.stlouisfed.org/series/DCOILBRENTEU
2025-01-27,브렌트유,77.3,https://fred.stlouisfed.org/series/DCOILBRENTEU
2025-01-28,브렌트유,78.01,https://fred.stlouisfed.org/series/DCOILBRENTEU
2025-01-29,브렌트유,77.02,https://fred.stlouisfed.org/series/DCOILBRENTEU
2025-01-30,브렌트유,77.42,https://fred.stlouisfed.org/series/DCOILBRENTEU
2025-01-31,브렌트유,77.11,https://fred.stlouisfed.org/series/DCOILBRENTEU
2025-02-03,브렌트유,76.49,https://fred.stlouisfed.org/series/DCOILBRENTEU
2025-02-04,브렌트유,76.58,https://fred.stlouisfed.org/series/DCOILBRENTEU
2025-02-05,브렌트유,74.71,https://fred.stlouisfed.org/series/DCOILBRENTEU
2025-02-06,브렌트유,74.54,https://fred.stlouisfed.org/series/DCOILBRENTEU
2025-02-07,브렌트유,74.68,https://fred.stlouisfed.org/series/DCOILBRENTEU
2025-02-10,브렌트유,76.23,https://fred.stlouisfed.org/series/DCOILBRENTEU
2025-02-11,브렌트유,77.65,https://fred.stlouisfed.org/series/DCOILBRENTEU
2025-02-12,브렌트유,75.38,https://fred.stlouisfed.org/series/DCOILBRENTEU
2025-02-13,브렌트유,75.61,https://fred.stlouisfed.org/series/DCOILBRENTEU
2025-02-14,브렌트유,75.19,https://fred.stlouisfed.org/series/DCOILBRENTEU
2025-02-17,브렌트유,75.81,https://fred.stlouisfed.org/series/DCOILBRENTEU
2025-02-18,브렌트유,76.46,https://fred.stlouisfed.org/series/DCOILBRENTEU
2025-02-19,브렌트유,76.34,https://fred.stlouisfed.org/series/DCOILBRENTEU
2025-02-20,브렌트유,76.95,https://fred.stlouisfed.org/series/DCOILBRENTEU
2025-02-21,브렌트유,74.88,https://fred.stlouisfed.org/series/DCOILBRENTEU
2025-02-24,브렌트유,74.89,https://fred.stlouisfed.org/series/DCOILBRENTEU
2025-02-25,브렌트유,73.11,https://fred.stlouisfed.org/series/DCOILBRENTEU
2025-02-26,브렌트유,73.49,https://fred.stlouisfed.org/series/DCOILBRENTEU
2025-02-27,브렌트유,75.01,https://fred.stlouisfed.org/series/DCOILBRENTEU
2025-02-28,브렌트유,74.76,https://fred.stlouisfed.org/series/DCOILBRENTEU
2025-03-03,브렌트유,72.85,https://fred.stlouisfed.org/series/DCOILBRENTEU
2025-03-04,브렌트유,72.31,https://fred.stlouisfed.org/series/DCOILBRENTEU
2025-03-05,브렌트유,70.92,https://fred.stlouisfed.org/series/DCOILBRENTEU
2025-03-06,브렌트유,71.08,https://fred.stlouisfed.org/series/DCOILBRENTEU
2025-03-07,브렌트유,72.49,https://fred.stlouisfed.org/series/DCOILBRENTEU
2025-03-10,브렌트유,71.08,https://fred.stlouisfed.org/series/DCOILBRENTEU
2025-03-11,브렌트유,71.51,https://fred.stlouisfed.org/series/DCOILBRENTEU
2025-03-12,브렌트유,72.36,https://fred.stlouisfed.org/series/DCOILBRENTEU
2025-03-13,브렌트유,70.82,https://fred.stlouisfed.org/series/DCOILBRENTEU
2025-03-14,브렌트유,71.94,https://fred.stlouisfed.org/series/DCOILBRENTEU
2025-03-17,브렌트유,71.93,https://fred.stlouisfed.org/series/DCOILBRENTEU
2025-03-18,브렌트유,71.93,https://fred.stlouisfed.org/series/DCOILBRENTEU
2025-03-19,브렌트유,71.94,https://fred.stlouisfed.org/series/DCOILBRENTEU
2025-03-20,브렌트유,72.61,https://fred.stlouisfed.org/series/DCOILBRENTEU
2025-03-21,브렌트유,72.64,https://fred.stlouisfed.org/series/DCOILBRENTEU
2025-03-24,브렌트유,73.96,https://fred.stlouisfed.org/series/DCOILBRENTEU
2025-03-25,브렌트유,73.78,https://fred.stlouisfed.org/series/DCOILBRENTEU
2025-03-26,브렌트유,74.6,https://fred.stlouisfed.org/series/DCOILBRENTEU
2025-03-27,브렌트유,74.72,https://fred.stlouisfed.org/series/DCOILBRENTEU
2025-03-28,브렌트유,74.69,https://fred.stlouisfed.org/series/DCOILBRENTEU
2025-03-31,브렌트유,77.23,https://fred.stlouisfed.org/series/DCOILBRENTEU
2025-04-01,브렌트유,77.78,https://fred.stlouisfed.org/series/DCOILBRENTEU
2025-04-02,브렌트유,77.27,https://fred.stlouisfed.org/series/DCOILBRENTEU
2025-04-03,브렌트유,72.54,https://fred.stlouisfed.org/series/DCOILBRENTEU
2025-04-04,브렌트유,68.36,https://fred.stlouisfed.org/series/DCOILBRENTEU
2025-04-07,브렌트유,66.13,https://fred.stlouisfed.org/series/DCOILBRENTEU
2025-04-08,브렌트유,64.86,https://fred.stlouisfed.org/series/DCOILBRENTEU
2025-04-09,브렌트유,67.3,https://fred.stlouisfed.org/series/DCOILBRENTEU
2025-04-10,브렌트유,65.37,https://fred.stlouisfed.org/series/DCOILBRENTEU
2025-04-11,브렌트유,66.83,https://fred.stlouisfed.org/series/DCOILBRENTEU
2025-04-14,브렌트유,67.18,https://fred.stlouisfed.org/series/DCOILBRENTEU
2025-04-15,브렌트유,66.58,https://fred.stlouisfed.org/series/DCOILBRENTEU
2025-04-16,브렌트유,67.94,https://fred.stlouisfed.org/series/DCOILBRENTEU
2025-04-17,브렌트유,69.33,https://fred.stlouisfed.org/series/DCOILBRENTEU
2025-04-22,브렌트유,68.93,https://fred.stlouisfed.org/series/DCOILBRENTEU
2025-04-23,브렌트유,68.26,https://fred.stlouisfed.org/series/DCOILBRENTEU
2025-04-24,브렌트유,67.5,https://fred.stlouisfed.org/series/DCOILBRENTEU
2025-04-25,브렌트유,66.99,https://fred.stlouisfed.org/series/DCOILBRENTEU
2025-04-28,브렌트유,66.13,https://fred.stlouisfed.org/series/DCOILBRENTEU
2025-04-29,브렌트유,64.04,https://fred.stlouisfed.org/series/DCOILBRENTEU
2025-04-30,브렌트유,63.37,https://fred.stlouisfed.org/series/DCOILBRENTEU
2025-05-01,브렌트유,62.37,https://fred.stlouisfed.org/series/DCOILBRENTEU
2025-05-02,브렌트유,61.57,https://fred.stlouisfed.org/series/DCOILBRENTEU
2025-05-06,브렌트유,62.37,https://fred.stlouisfed.org/series/DCOILBRENTEU
2025-05-07,브렌트유,60.31,https://fred.stlouisfed.org/series/DCOILBRENTEU
2025-05-08,브렌트유,62.22,https://fred.stlouisfed.org/series/DCOILBRENTEU
2025-05-09,브렌트유,64.26,https://fred.stlouisfed.org/series/DCOILBRENTEU
2025-05-12,브렌트유,65.28,https://fred.stlouisfed.org/series/DCOILBRENTEU
2025-05-13,브렌트유,66.93,https://fred.stlouisfed.org/series/DCOILBRENTEU
2025-05-14,브렌트유,65.91,https://fred.stlouisfed.org/series/DCOILBRENTEU
2025-05-15,브렌트유,64.36,https://fred.stlouisfed.org/series/DCOILBRENTEU
2025-05-16,브렌트유,65.2,https://fred.stlouisfed.org/series/DCOILBRENTEU
2025-05-19,브렌트유,66.25,https://fred.stlouisfed.org/series/DCOILBRENTEU
2025-05-20,브렌트유,66.93,https://fred.stlouisfed.org/series/DCOILBRENTEU
2025-05-21,브렌트유,65.86,https://fred.stlouisfed.org/series/DCOILBRENTEU
2025-05-22,브렌트유,64.87,https://fred.stlouisfed.org/series/DCOILBRENTEU
2025-05-23,브렌트유,65.41,https://fred.stlouisfed.org/series/DCOILBRENTEU
2025-05-27,브렌트유,64.32,https://fred.stlouisfed.org/series/DCOILBRENTEU
2025-05-28,브렌트유,65.72,https://fred.stlouisfed.org/series/DCOILBRENTEU
2025-05-29,브렌트유,64.6,https://fred.stlouisfed.org/series/DCOILBRENTEU
2025-05-30,브렌트유,64.32,https://fred.stlouisfed.org/series/DCOILBRENTEU
2025-06-02,브렌트유,66.55,https://fred.stlouisfed.org/series/DCOILBRENTEU
2025-06-03,브렌트유,67.48,https://fred.stlouisfed.org/series/DCOILBRENTEU
2025-06-04,브렌트유,66.69,https://fred.stlouisfed.org/series/DCOILBRENTEU
2025-06-05,브렌트유,67.14,https://fred.stlouisfed.org/series/DCOILBRENTEU
2025-06-06,브렌트유,68.02,https://fred.stlouisfed.org/series/DCOILBRENTEU
2025-06-09,브렌트유,68.73,https://fred.stlouisfed.org/series/DCOILBRENTEU
2025-06-10,브렌트유,68.41,https://fred.stlouisfed.org/series/DCOILBRENTEU
2025-06-11,브렌트유,71.29,https://fred.stlouisfed.org/series/DCOILBRENTEU
2025-06-12,브렌트유,70.84,https://fred.stlouisfed.org/series/DCOILBRENTEU
2025-06-13,브렌트유,76.0,https://fred.stlouisfed.org/series/DCOILBRENTEU
2025-06-16,브렌트유,75.05,https://fred.stlouisfed.org/series/DCOILBRENTEU
2025-06-17,브렌트유,78.7,https://fred.stlouisfed.org/series/DCOILBRENTEU
2025-06-18,브렌트유,78.38,https://fred.stlouisfed.org/series/DCOILBRENTEU
2025-06-19,브렌트유,80.37,https://fred.stlouisfed.org/series/DCOILBRENTEU
2025-06-20,브렌트유,78.73,https://fred.stlouisfed.org/series/DCOILBRENTEU
2025-06-23,브렌트유,74.34,https://fred.stlouisfed.org/series/DCOILBRENTEU
2025-06-24,브렌트유,69.13,https://fred.stlouisfed.org/series/DCOILBRENTEU
2025-06-25,브렌트유,68.4,https://fred.stlouisfed.org/series/DCOILBRENTEU
2025-06-26,브렌트유,68.57,https://fred.stlouisfed.org/series/DCOILBRENTEU
2025-06-27,브렌트유,69.37,https://fred.stlouisfed.org/series/DCOILBRENTEU
2025-06-30,브렌트유,68.15,https://fred.stlouisfed.org/series/DCOILBRENTEU
2025-07-01,브렌트유,67.63,https://fred.stlouisfed.org/series/DCOILBRENTEU
2025-07-02,브렌트유,70.8,https://fred.stlouisfed.org/series/DCOILBRENTEU
2025-07-03,브렌트유,70.42,https://fred.stlouisfed.org/series/DCOILBRENTEU
2025-07-04,브렌트유,71.03,https://fred.stlouisfed.org/series/DCOILBRENTEU
2025-07-07,브렌트유,71.95,https://fred.stlouisfed.org/series/DCOILBRENTEU
2025-07-08,브렌트유,72.5,https://fred.stlouisfed.org/series/DCOILBRENTEU
2025-07-09,브렌트유,71.98,https://fred.stlouisfed.org/series/DCOILBRENTEU
2025-07-10,브렌트유,70.38,https://fred.stlouisfed.org/series/DCOILBRENTEU
2025-07-11,브렌트유,72.06,https://fred.stlouisfed.org/series/DCOILBRENTEU
2025-07-14,브렌트유,70.96,https://fred.stlouisfed.org/series/DCOILBRENTEU
2025-07-15,브렌트유,70.27,https://fred.stlouisfed.org/series/DCOILBRENTEU
2025-07-16,브렌트유,69.67,https://fred.stlouisfed.org/series/DCOILBRENTEU
2025-07-17,브렌트유,71.32,https://fred.stlouisfed.org/series/DCOILBRENTEU
2025-07-18,브렌트유,71.06,https://fred.stlouisfed.org/series/DCOILBRENTEU
2025-07-21,브렌트유,71.92,https://fred.stlouisfed.org/series/DCOILBRENTEU
2025-07-22,브렌트유,69.69,https://fred.stlouisfed.org/series/DCOILBRENTEU
2025-07-23,브렌트유,69.17,https://fred.stlouisfed.org/series/DCOILBRENTEU
2025-07-24,브렌트유,70.42,https://fred.stlouisfed.org/series/DCOILBRENTEU
2025-07-25,브렌트유,69.23,https://fred.stlouisfed.org/series/DCOILBRENTEU
2025-07-28,브렌트유,70.87,https://fred.stlouisfed.org/series/DCOILBRENTEU
2025-07-29,브렌트유,73.21,https://fred.stlouisfed.org/series/DCOILBRENTEU
2025-07-30,브렌트유,73.98,https://fred.stlouisfed.org/series/DCOILBRENTEU
2025-07-31,브렌트유,73.43,https://fred.stlouisfed.org/series/DCOILBRENTEU
2025-08-01,브렌트유,70.55,https://fred.stlouisfed.org/series/DCOILBRENTEU
2025-08-04,브렌트유,69.56,https://fred.stlouisfed.org/series/DCOILBRENTEU
2025-08-05,브렌트유,69.14,https://fred.stlouisfed.org/series/DCOILBRENTEU
2025-08-06,브렌트유,67.97,https://fred.stlouisfed.org/series/DCOILBRENTEU
2025-08-07,브렌트유,66.99,https://fred.stlouisfed.org/series/DCOILBRENTEU
2025-08-08,브렌트유,67.17,https://fred.stlouisfed.org/series/DCOILBRENTEU
2025-08-11,브렌트유,67.36,https://fred.stlouisfed.org/series/DCOILBRENTEU
2025-08-12,브렌트유,66.8,https://fred.stlouisfed.org/series/DCOILBRENTEU
2025-08-13,브렌트유,66.25,https://fred.stlouisfed.org/series/DCOILBRENTEU
2025-08-14,브렌트유,68.12,https://fred.stlouisfed.org/series/DCOILBRENTEU
2025-08-15,브렌트유,67.3,https://fred.stlouisfed.org/series/DCOILBRENTEU
2025-08-18,브렌트유,68.18,https://fred.stlouisfed.org/series/DCOILBRENTEU
2025-08-19,브렌트유,66.62,https://fred.stlouisfed.org/series/DCOILBRENTEU
2025-08-20,브렌트유,67.61,https://fred.stlouisfed.org/series/DCOILBRENTEU
2025-08-21,브렌트유,68.41,https://fred.stlouisfed.org/series/DCOILBRENTEU
2025-08-22,브렌트유,68.29,https://fred.stlouisfed.org/series/DCOILBRENTEU
2025-08-26,브렌트유,66.89,https://fred.stlouisfed.org/series/DCOILBRENTEU
2025-08-27,브렌트유,67.75,https://fred.stlouisfed.org/series/DCOILBRENTEU
2025-08-28,브렌트유,68.61,https://fred.stlouisfed.org/series/DCOILBRENTEU
2025-08-29,브렌트유,67.83,https://fred.stlouisfed.org/series/DCOILBRENTEU
2025-09-01,브렌트유,67.09,https://fred.stlouisfed.org/series/DCOILBRENTEU
2025-09-02,브렌트유,68.09,https://fred.stlouisfed.org/series/DCOILBRENTEU
2025-09-03,브렌트유,67.76,https://fred.stlouisfed.org/series/DCOILBRENTEU
2025-09-04,브렌트유,66.41,https://fred.stlouisfed.org/series/DCOILBRENTEU
2025-09-05,브렌트유,64.92,https://fred.stlouisfed.org/series/DCOILBRENTEU
2025-09-08,브렌트유,65.44,https://fred.stlouisfed.org/series/DCOILBRENTEU
2025-09-09,브렌트유,67.97,https://fred.stlouisfed.org/series/DCOILBRENTEU
2025-09-10,브렌트유,67.62,https://fred.stlouisfed.org/series/DCOILBRENTEU
2025-09-11,브렌트유,67.25,https://fred.stlouisfed.org/series/DCOILBRENTEU
2025-09-12,브렌트유,67.87,https://fred.stlouisfed.org/series/DCOILBRENTEU
2025-09-15,브렌트유,67.88,https://fred.stlouisfed.org/series/DCOILBRENTEU
2025-09-16,브렌트유,69.69,https://fred.stlouisfed.org/series/DCOILBRENTEU
2025-09-17,브렌트유,69.19,https://fred.stlouisfed.org/series/DCOILBRENTEU
2025-09-18,브렌트유,67.83,https://fred.stlouisfed.org/series/DCOILBRENTEU
2025-09-19,브렌트유,67.05,https://fred.stlouisfed.org/series/DCOILBRENTEU
2025-09-22,브렌트유,66.87,https://fred.stlouisfed.org/series/DCOILBRENTEU
2025-09-23,브렌트유,67.96,https://fred.stlouisfed.org/series/DCOILBRENTEU
2025-09-24,브렌트유,69.64,https://fred.stlouisfed.org/series/DCOILBRENTEU
2025-09-25,브렌트유,70.48,https://fred.stlouisfed.org/series/DCOILBRENTEU
2025-09-26,브렌트유,71.15,https://fred.stlouisfed.org/series/DCOILBRENTEU
2025-09-29,브렌트유,69.0,https://fred.stlouisfed.org/series/DCOILBRENTEU
2025-09-30,브렌트유,68.52,https://fred.stlouisfed.org/series/DCOILBRENTEU
2025-10-01,브렌트유,66.67,https://fred.stlouisfed.org/series/DCOILBRENTEU
2025-10-02,브렌트유,65.44,https://fred.stlouisfed.org/series/DCOILBRENTEU
2025-10-03,브렌트유,66.13,https://fred.stlouisfed.org/series/DCOILBRENTEU
2025-10-06,브렌트유,67.09,https://fred.stlouisfed.org/series/DCOILBRENTEU
2025-10-07,브렌트유,67.1,https://fred.stlouisfed.org/series/DCOILBRENTEU
2025-10-08,브렌트유,67.42,https://fred.stlouisfed.org/series/DCOILBRENTEU
2025-10-09,브렌트유,67.23,https://fred.stlouisfed.org/series/DCOILBRENTEU
2025-10-10,브렌트유,64.41,https://fred.stlouisfed.org/series/DCOILBRENTEU
2025-10-13,브렌트유,64.15,https://fred.stlouisfed.org/series/DCOILBRENTEU
2025-10-14,브렌트유,63.0,https://fred.stlouisfed.org/series/DCOILBRENTEU
2025-10-15,브렌트유,62.33,https://fred.stlouisfed.org/series/DCOILBRENTEU
2025-10-16,브렌트유,61.08,https://fred.stlouisfed.org/series/DCOILBRENTEU
2025-10-17,브렌트유,61.23,https://fred.stlouisfed.org/series/DCOILBRENTEU
2025-10-20,브렌트유,60.71,https://fred.stlouisfed.org/series/DCOILBRENTEU
2025-10-21,브렌트유,61.0,https://fred.stlouisfed.org/series/DCOILBRENTEU
2025-10-22,브렌트유,62.28,https://fred.stlouisfed.org/series/DCOILBRENTEU
2025-10-23,브렌트유,66.32,https://fred.stlouisfed.org/series/DCOILBRENTEU
2025-10-24,브렌트유,65.8,https://fred.stlouisfed.org/series/DCOILBRENTEU
2025-10-27,브렌트유,65.52,https://fred.stlouisfed.org/series/DCOILBRENTEU
2025-10-28,브렌트유,64.03,https://fred.stlouisfed.org/series/DCOILBRENTEU
2025-10-29,브렌트유,65.01,https://fred.stlouisfed.org/series/DCOILBRENTEU
2025-10-30,브렌트유,65.11,https://fred.stlouisfed.org/series/DCOILBRENTEU
2025-10-31,브렌트유,65.44,https://fred.stlouisfed.org/series/DCOILBRENTEU
2025-11-03,브렌트유,65.79,https://fred.stlouisfed.org/series/DCOILBRENTEU
2025-11-04,브렌트유,65.04,https://fred.stlouisfed.org/series/DCOILBRENTEU
2025-11-05,브렌트유,63.54,https://fred.stlouisfed.org/series/DCOILBRENTEU
2025-11-06,브렌트유,63.41,https://fred.stlouisfed.org/series/DCOILBRENTEU
2025-11-07,브렌트유,63.72,https://fred.stlouisfed.org/series/DCOILBRENTEU
2025-11-10,브렌트유,63.01,https://fred.stlouisfed.org/series/DCOILBRENTEU
2025-11-11,브렌트유,63.86,https://fred.stlouisfed.org/series/DCOILBRENTEU
2025-11-12,브렌트유,61.88,https://fred.stlouisfed.org/series/DCOILBRENTEU
2025-11-13,브렌트유,62.14,https://fred.stlouisfed.org/series/DCOILBRENTEU
2025-11-14,브렌트유,63.45,https://fred.stlouisfed.org/series/DCOILBRENTEU
2025-11-17,브렌트유,63.16,https://fred.stlouisfed.org/series/DCOILBRENTEU
2025-11-18,브렌트유,64.86,https://fred.stlouisfed.org/series/DCOILBRENTEU
2025-11-19,브렌트유,63.78,https://fred.stlouisfed.org/series/DCOILBRENTEU
2025-11-20,브렌트유,63.64,https://fred.stlouisfed.org/series/DCOILBRENTEU
2025-11-21,브렌트유,62.78,https://fred.stlouisfed.org/series/DCOILBRENTEU
2025-11-24,브렌트유,64.83,https://fred.stlouisfed.org/series/DCOILBRENTEU
2025-11-25,브렌트유,63.99,https://fred.stlouisfed.org/series/DCOILBRENTEU
2025-11-26,브렌트유,64.81,https://fred.stlouisfed.org/series/DCOILBRENTEU
2025-11-27,브렌트유,64.18,https://fred.stlouisfed.org/series/DCOILBRENTEU
2025-11-28,브렌트유,64.07,https://fred.stlouisfed.org/series/DCOILBRENTEU
2025-12-01,브렌트유,64.22,https://fred.stlouisfed.org/series/DCOILBRENTEU
2025-12-02,브렌트유,63.37,https://fred.stlouisfed.org/series/DCOILBRENTEU
2025-12-03,브렌트유,63.75,https://fred.stlouisfed.org/series/DCOILBRENTEU
2025-12-04,브렌트유,64.15,https://fred.stlouisfed.org/series/DCOILBRENTEU
2025-12-05,브렌트유,64.42,https://fred.stlouisfed.org/series/DCOILBRENTEU
2025-12-08,브렌트유,63.3,https://fred.stlouisfed.org/series/DCOILBRENTEU
2025-12-09,브렌트유,62.62,https://fred.stlouisfed.org/series/DCOILBRENTEU
2025-12-10,브렌트유,63.12,https://fred.stlouisfed.org/series/DCOILBRENTEU
2025-12-11,브렌트유,61.87,https://fred.stlouisfed.org/series/DCOILBRENTEU
2025-12-12,브렌트유,62.11,https://fred.stlouisfed.org/series/DCOILBRENTEU
2025-12-15,브렌트유,61.55,https://fred.stlouisfed.org/series/DCOILBRENTEU
2025-12-16,브렌트유,59.93,https://fred.stlouisfed.org/series/DCOILBRENTEU
2025-12-17,브렌트유,60.61,https://fred.stlouisfed.org/series/DCOILBRENTEU
2025-12-18,브렌트유,60.69,https://fred.stlouisfed.org/series/DCOILBRENTEU
2025-12-19,브렌트유,61.35,https://fred.stlouisfed.org/series/DCOILBRENTEU
2025-12-22,브렌트유,62.22,https://fred.stlouisfed.org/series/DCOILBRENTEU
2025-12-23,브렌트유,63.7,https://fred.stlouisfed.org/series/DCOILBRENTEU
2025-12-24,브렌트유,63.7,https://fred.stlouisfed.org/series/DCOILBRENTEU
2025-12-29,브렌트유,63.1,https://fred.stlouisfed.org/series/DCOILBRENTEU
2025-12-30,브렌트유,62.3,https://fred.stlouisfed.org/series/DCOILBRENTEU
2025-12-31,브렌트유,61.35,https://fred.stlouisfed.org/series/DCOILBRENTEU
2026-01-02,브렌트유,61.98,https://fred.stlouisfed.org/series/DCOILBRENTEU
2026-01-05,브렌트유,63.0,https://fred.stlouisfed.org/series/DCOILBRENTEU
2026-01-06,브렌트유,62.1,https://fred.stlouisfed.org/series/DCOILBRENTEU
2026-01-07,브렌트유,61.08,https://fred.stlouisfed.org/series/DCOILBRENTEU
2026-01-08,브렌트유,63.34,https://fred.stlouisfed.org/series/DCOILBRENTEU
2026-01-09,브렌트유,65.11,https://fred.stlouisfed.org/series/DCOILBRENTEU
2026-01-12,브렌트유,65.4,https://fred.stlouisfed.org/series/DCOILBRENTEU
2026-01-13,브렌트유,67.58,https://fred.stlouisfed.org/series/DCOILBRENTEU
2026-01-14,브렌트유,68.87,https://fred.stlouisfed.org/series/DCOILBRENTEU
2026-01-15,브렌트유,66.16,https://fred.stlouisfed.org/series/DCOILBRENTEU
2026-01-16,브렌트유,66.97,https://fred.stlouisfed.org/series/DCOILBRENTEU
2026-01-19,브렌트유,66.91,https://fred.stlouisfed.org/series/DCOILBRENTEU
2026-01-20,브렌트유,67.68,https://fred.stlouisfed.org/series/DCOILBRENTEU
2026-01-21,브렌트유,66.72,https://fred.stlouisfed.org/series/DCOILBRENTEU
2026-01-22,브렌트유,65.46,https://fred.stlouisfed.org/series/DCOILBRENTEU
2026-01-23,브렌트유,68.16,https://fred.stlouisfed.org/series/DCOILBRENTEU
2026-01-26,브렌트유,67.7,https://fred.stlouisfed.org/series/DCOILBRENTEU
2026-01-27,브렌트유,70.28,https://fred.stlouisfed.org/series/DCOILBRENTEU
2026-01-28,브렌트유,70.9,https://fred.stlouisfed.org/series/DCOILBRENTEU
2026-01-29,브렌트유,71.0,https://fred.stlouisfed.org/series/DCOILBRENTEU
2026-01-30,브렌트유,72.25,https://fred.stlouisfed.org/series/DCOILBRENTEU
2026-02-02,브렌트유,67.72,https://fred.stlouisfed.org/series/DCOILBRENTEU
2026-02-03,브렌트유,70.01,https://fred.stlouisfed.org/series/DCOILBRENTEU
2026-02-04,브렌트유,71.15,https://fred.stlouisfed.org/series/DCOILBRENTEU
2026-02-05,브렌트유,69.87,https://fred.stlouisfed.org/series/DCOILBRENTEU
2026-02-06,브렌트유,70.45,https://fred.stlouisfed.org/series/DCOILBRENTEU
2026-02-09,브렌트유,71.19,https://fred.stlouisfed.org/series/DCOILBRENTEU
2026-02-10,브렌트유,71.01,https://fred.stlouisfed.org/series/DCOILBRENTEU
2026-02-11,브렌트유,71.52,https://fred.stlouisfed.org/series/DCOILBRENTEU
2026-02-12,브렌트유,69.8,https://fred.stlouisfed.org/series/DCOILBRENTEU
2026-02-13,브렌트유,69.96,https://fred.stlouisfed.org/series/DCOILBRENTEU
2026-02-16,브렌트유,70.81,https://fred.stlouisfed.org/series/DCOILBRENTEU
2026-02-17,브렌트유,69.77,https://fred.stlouisfed.org/series/DCOILBRENTEU
2026-02-18,브렌트유,71.78,https://fred.stlouisfed.org/series/DCOILBRENTEU
2026-02-19,브렌트유,73.17,https://fred.stlouisfed.org/series/DCOILBRENTEU
2026-02-20,브렌트유,72.75,https://fred.stlouisfed.org/series/DCOILBRENTEU
2026-02-23,브렌트유,71.9,https://fred.stlouisfed.org/series/DCOILBRENTEU
2026-02-24,브렌트유,71.21,https://fred.stlouisfed.org/series/DCOILBRENTEU
2026-02-25,브렌트유,70.69,https://fred.stlouisfed.org/series/DCOILBRENTEU
2026-02-26,브렌트유,71.66,https://fred.stlouisfed.org/series/DCOILBRENTEU
2026-02-27,브렌트유,71.32,https://fred.stlouisfed.org/series/DCOILBRENTEU
2026-03-02,브렌트유,77.24,https://fred.stlouisfed.org/series/DCOILBRENTEU
2026-03-03,브렌트유,83.28,https://fred.stlouisfed.org/series/DCOILBRENTEU
2026-03-04,브렌트유,81.56,https://fred.stlouisfed.org/series/DCOILBRENTEU
2026-03-05,브렌트유,88.59,https://fred.stlouisfed.org/series/DCOILBRENTEU
2026-03-06,브렌트유,95.74,https://fred.stlouisfed.org/series/DCOILBRENTEU
2026-03-09,브렌트유,94.35,https://fred.stlouisfed.org/series/DCOILBRENTEU
2026-03-10,브렌트유,89.84,https://fred.stlouisfed.org/series/DCOILBRENTEU
2026-03-11,브렌트유,90.98,https://fred.stlouisfed.org/series/DCOILBRENTEU
2026-03-12,브렌트유,102.38,https://fred.stlouisfed.org/series/DCOILBRENTEU
2026-03-13,브렌트유,103.23,https://fred.stlouisfed.org/series/DCOILBRENTEU
2026-03-16,브렌트유,101.04,https://fred.stlouisfed.org/series/DCOILBRENTEU
2026-03-17,브렌트유,108.39,https://fred.stlouisfed.org/series/DCOILBRENTEU
2026-03-18,브렌트유,118.09,https://fred.stlouisfed.org/series/DCOILBRENTEU
2026-03-19,브렌트유,111.05,https://fred.stlouisfed.org/series/DCOILBRENTEU
2026-03-20,브렌트유,118.42,https://fred.stlouisfed.org/series/DCOILBRENTEU
2026-03-23,브렌트유,103.79,https://fred.stlouisfed.org/series/DCOILBRENTEU
2026-03-24,브렌트유,108.42,https://fred.stlouisfed.org/series/DCOILBRENTEU
2026-03-25,브렌트유,109.14,https://fred.stlouisfed.org/series/DCOILBRENTEU
2026-03-26,브렌트유,113.39,https://fred.stlouisfed.org/series/DCOILBRENTEU
2026-03-27,브렌트유,121.47,https://fred.stlouisfed.org/series/DCOILBRENTEU
2026-03-30,브렌트유,121.88,https://fred.stlouisfed.org/series/DCOILBRENTEU
2026-03-31,브렌트유,126.69,https://fred.stlouisfed.org/series/DCOILBRENTEU
2026-04-01,브렌트유,119.56,https://fred.stlouisfed.org/series/DCOILBRENTEU
2026-04-02,브렌트유,127.61,https://fred.stlouisfed.org/series/DCOILBRENTEU
2026-04-07,브렌트유,138.21,https://fred.stlouisfed.org/series/DCOILBRENTEU
2026-04-08,브렌트유,122.11,https://fred.stlouisfed.org/series/DCOILBRENTEU
2026-04-09,브렌트유,119.03,https://fred.stlouisfed.org/series/DCOILBRENTEU
2026-04-10,브렌트유,119.07,https://fred.stlouisfed.org/series/DCOILBRENTEU
2026-04-13,브렌트유,123.28,https://fred.stlouisfed.org/series/DCOILBRENTEU
2026-04-14,브렌트유,118.69,https://fred.stlouisfed.org/series/DCOILBRENTEU
2026-04-15,브렌트유,114.93,https://fred.stlouisfed.org/series/DCOILBRENTEU
2026-04-16,브렌트유,116.63,https://fred.stlouisfed.org/series/DCOILBRENTEU
2026-04-17,브렌트유,98.63,https://fred.stlouisfed.org/series/DCOILBRENTEU
2026-04-20,브렌트유,103.4,https://fred.stlouisfed.org/series/DCOILBRENTEU
2026-04-21,브렌트유,106.14,https://fred.stlouisfed.org/series/DCOILBRENTEU
2026-04-22,브렌트유,113.44,https://fred.stlouisfed.org/series/DCOILBRENTEU
2026-04-23,브렌트유,113.25,https://fred.stlouisfed.org/series/DCOILBRENTEU
2026-04-24,브렌트유,111.86,https://fred.stlouisfed.org/series/DCOILBRENTEU
2026-04-27,브렌트유,113.89,https://fred.stlouisfed.org/series/DCOILBRENTEU
2026-04-28,브렌트유,117.62,https://fred.stlouisfed.org/series/DCOILBRENTEU
2026-04-29,브렌트유,124.16,https://fred.stlouisfed.org/series/DCOILBRENTEU
2026-04-30,브렌트유,124.24,https://fred.stlouisfed.org/series/DCOILBRENTEU
2026-05-01,브렌트유,118.26,https://fred.stlouisfed.org/series/DCOILBRENTEU
2026-05-05,브렌트유,114.51,https://fred.stlouisfed.org/series/DCOILBRENTEU
2026-05-06,브렌트유,103.7,https://fred.stlouisfed.org/series/DCOILBRENTEU
2026-05-07,브렌트유,101.82,https://fred.stlouisfed.org/series/DCOILBRENTEU
2026-05-08,브렌트유,103.48,https://fred.stlouisfed.org/series/DCOILBRENTEU
2026-05-11,브렌트유,106.11,https://fred.stlouisfed.org/series/DCOILBRENTEU
2026-05-12,브렌트유,111.37,https://fred.stlouisfed.org/series/DCOILBRENTEU
2026-05-13,브렌트유,110.28,https://fred.stlouisfed.org/series/DCOILBRENTEU
2026-05-14,브렌트유,110.91,https://fred.stlouisfed.org/series/DCOILBRENTEU
2026-05-15,브렌트유,113.96,https://fred.stlouisfed.org/series/DCOILBRENTEU
2026-05-18,브렌트유,116.73,https://fred.stlouisfed.org/series/DCOILBRENTEU
2026-05-19,브렌트유,114.64,https://fred.stlouisfed.org/series/DCOILBRENTEU
2026-05-20,브렌트유,108.93,https://fred.stlouisfed.org/series/DCOILBRENTEU
2026-05-21,브렌트유,105.84,https://fred.stlouisfed.org/series/DCOILBRENTEU
2026-05-22,브렌트유,106.9,https://fred.stlouisfed.org/series/DCOILBRENTEU
2026-05-26,브렌트유,102.75,https://fred.stlouisfed.org/series/DCOILBRENTEU
2026-05-27,브렌트유,97.11,https://fred.stlouisfed.org/series/DCOILBRENTEU
2026-05-28,브렌트유,95.47,https://fred.stlouisfed.org/series/DCOILBRENTEU
2026-05-29,브렌트유,92.88,https://fred.stlouisfed.org/series/DCOILBRENTEU
2026-06-01,브렌트유,98.29,https://fred.stlouisfed.org/series/DCOILBRENTEU
2026-06-02,브렌트유,98.49,https://fred.stlouisfed.org/series/DCOILBRENTEU
2026-06-03,브렌트유,101.69,https://fred.stlouisfed.org/series/DCOILBRENTEU
2026-06-04,브렌트유,98.98,https://fred.stlouisfed.org/series/DCOILBRENTEU
2026-06-05,브렌트유,97.29,https://fred.stlouisfed.org/series/DCOILBRENTEU
2026-06-08,브렌트유,97.46,https://fred.stlouisfed.org/series/DCOILBRENTEU
2026-06-09,브렌트유,94.15,https://fred.stlouisfed.org/series/DCOILBRENTEU
2026-06-10,브렌트유,95.73,https://fred.stlouisfed.org/series/DCOILBRENTEU
2026-06-11,브렌트유,92.84,https://fred.stlouisfed.org/series/DCOILBRENTEU
2026-06-12,브렌트유,88.64,https://fred.stlouisfed.org/series/DCOILBRENTEU
2026-06-15,브렌트유,84.36,https://fred.stlouisfed.org/series/DCOILBRENTEU
2026-06-16,브렌트유,80.5,https://fred.stlouisfed.org/series/DCOILBRENTEU
2026-06-17,브렌트유,80.33,https://fred.stlouisfed.org/series/DCOILBRENTEU
2026-06-18,브렌트유,79.35,https://fred.stlouisfed.org/series/DCOILBRENTEU
2026-06-19,브렌트유,80.46,https://fred.stlouisfed.org/series/DCOILBRENTEU
2026-06-22,브렌트유,76.49,https://fred.stlouisfed.org/series/DCOILBRENTEU
2026-06-23,브렌트유,75.69,https://fred.stlouisfed.org/series/DCOILBRENTEU
2026-06-24,브렌트유,72.09,https://fred.stlouisfed.org/series/DCOILBRENTEU
2026-06-25,브렌트유,73.74,https://fred.stlouisfed.org/series/DCOILBRENTEU
2026-06-26,브렌트유,70.16,https://fred.stlouisfed.org/series/DCOILBRENTEU
2026-06-29,브렌트유,71.59,https://fred.stlouisfed.org/series/DCOILBRENTEU
2026-06-30,브렌트유,70.46,https://fred.stlouisfed.org/series/DCOILBRENTEU
2026-07-01,브렌트유,69.24,https://fred.stlouisfed.org/series/DCOILBRENTEU
2026-07-02,브렌트유,68.53,https://fred.stlouisfed.org/series/DCOILBRENTEU
2026-07-03,브렌트유,68.68,https://fred.stlouisfed.org/series/DCOILBRENTEU
2026-07-06,브렌트유,69.56,https://fred.stlouisfed.org/series/DCOILBRENTEU
2026-07-07,브렌트유,71.78,https://fred.stlouisfed.org/series/DCOILBRENTEU
2026-07-08,브렌트유,76.5,https://fred.stlouisfed.org/series/DCOILBRENTEU
2026-07-09,브렌트유,74.46,https://fred.stlouisfed.org/series/DCOILBRENTEU
2026-07-10,브렌트유,74.34,https://fred.stlouisfed.org/series/DCOILBRENTEU
2026-07-13,브렌트유,81.62,https://fred.stlouisfed.org/series/DCOILBRENTEU
2026-07-14,브렌트유,83.69,https://fred.stlouisfed.org/series/DCOILBRENTEU
2026-07-15,브렌트유,83.08,https://fred.stlouisfed.org/series/DCOILBRENTEU
2026-07-16,브렌트유,81.23,https://fred.stlouisfed.org/series/DCOILBRENTEU
2026-07-17,브렌트유,85.01,https://fred.stlouisfed.org/series/DCOILBRENTEU
2026-07-20,브렌트유,86.99,https://fred.stlouisfed.org/series/DCOILBRENTEU
2026-07-21,브렌트유,93.85,https://fred.stlouisfed.org/series/DCOILBRENTEU
2026-07-22,브렌트유,94.12,https://fred.stlouisfed.org/series/DCOILBRENTEU
2026-07-23,브렌트유,105.32,https://fred.stlouisfed.org/series/DCOILBRENTEU
2026-07-24,브렌트유,100.31,https://fred.stlouisfed.org/series/DCOILBRENTEU
2026-07-27,브렌트유,91.82,https://fred.stlouisfed.org/series/DCOILBRENTEU
2026-07-28,브렌트유,85.51,https://fred.stlouisfed.org/series/DCOILBRENTEU
2026-07-29,브렌트유,91.95,https://fred.stlouisfed.org/series/DCOILBRENTEU
2026-07-30,브렌트유,91.91,https://fred.stlouisfed.org/series/DCOILBRENTEU
2026-07-31,브렌트유,96.95,https://fred.stlouisfed.org/series/DCOILBRENTEU
2026-08-03,브렌트유,88.9,https://fred.stlouisfed.org/series/DCOILBRENTEU
2026-08-04,브렌트유,86.47,https://fred.stlouisfed.org/series/DCOILBRENTEU
2026-08-05,브렌트유,86.65,https://fred.stlouisfed.org/series/DCOILBRENTEU
2026-08-06,브렌트유,89.65,https://fred.stlouisfed.org/series/DCOILBRENTEU
2026-08-07,브렌트유,87.62,https://fred.stlouisfed.org/series/DCOILBRENTEU
2026-08-10,브렌트유,92.74,https://fred.stlouisfed.org/series/DCOILBRENTEU
2026-08-11,브렌트유,93.26,https://fred.stlouisfed.org/series/DCOILBRENTEU
2026-08-12,브렌트유,92.52,https://fred.stlouisfed.org/series/DCOILBRENTEU
2026-08-13,브렌트유,92.03,https://fred.stlouisfed.org/series/DCOILBRENTEU
2026-08-14,브렌트유,92.02,https://fred.stlouisfed.org/series/DCOILBRENTEU
2026-08-17,브렌트유,92.43,https://fred.stlouisfed.org/series/DCOILBRENTEU
2026-08-18,브렌트유,95.29,https://fred.stlouisfed.org/series/DCOILBRENTEU
2026-08-19,브렌트유,92.37,https://fred.stlouisfed.org/series/DCOILBRENTEU
2026-08-20,브렌트유,94.0,https://fred.stlouisfed.org/series/DCOILBRENTEU
2026-08-21,브렌트유,96.92,https://fred.stlouisfed.org/series/DCOILBRENTEU
2026-08-24,브렌트유,92.71,https://fred.stlouisfed.org/series/DCOILBRENTEU
2026-08-25,브렌트유,88.24,https://fred.stlouisfed.org/series/DCOILBRENTEU
2026-08-26,브렌트유,87.77,https://fred.stlouisfed.org/series/DCOILBRENTEU
2026-08-27,브렌트유,90.18,https://fred.stlouisfed.org/series/DCOILBRENTEU
2026-08-28,브렌트유,89.75,https://fred.stlouisfed.org/series/DCOILBRENTEU
2026-09-01,브렌트유,96.02,https://fred.stlouisfed.org/series/DCOILBRENTEU
2026-09-02,브렌트유,97.59,https://fred.stlouisfed.org/series/DCOILBRENTEU
2026-09-03,브렌트유,100.52,https://fred.stlouisfed.org/series/DCOILBRENTEU
2026-09-04,브렌트유,102.24,https://fred.stlouisfed.org/series/DCOILBRENTEU
2026-09-07,브렌트유,104.47,https://fred.stlouisfed.org/series/DCOILBRENTEU
2026-09-08,브렌트유,106.12,https://fred.stlouisfed.org/series/DCOILBRENTEU
2026-09-09,브렌트유,109.51,https://fred.stlouisfed.org/series/DCOILBRENTEU
2026-09-10,브렌트유,120.98,https://fred.stlouisfed.org/series/DCOILBRENTEU
2026-09-11,브렌트유,118.06,https://fred.stlouisfed.org/series/DCOILBRENTEU
2026-09-14,브렌트유,121.25,https://fred.stlouisfed.org/series/DCOILBRENTEU
2026-09-15,브렌트유,130.8,https://fred.stlouisfed.org/series/DCOILBRENTEU
2026-09-16,브렌트유,127.84,https://fred.stlouisfed.org/series/DCOILBRENTEU
2026-09-17,브렌트유,121.18,https://fred.stlouisfed.org/series/DCOILBRENTEU
2026-09-18,브렌트유,119.66,https://fred.stlouisfed.org/series/DCOILBRENTEU
2026-09-21,브렌트유,116.15,https://fred.stlouisfed.org/series/DCOILBRENTEU
2026-09-22,브렌트유,114.89,https://fred.stlouisfed.org/series/DCOILBRENTEU
2021-09-01,위안화,6.4586,https://fred.stlouisfed.org/series/DEXCHUS
2021-09-02,위안화,6.456,https://fred.stlouisfed.org/series/DEXCHUS
2021-09-03,위안화,6.4528,https://fred.stlouisfed.org/series/DEXCHUS
2021-09-07,위안화,6.4662,https://fred.stlouisfed.org/series/DEXCHUS
2021-09-08,위안화,6.4612,https://fred.stlouisfed.org/series/DEXCHUS
2021-09-09,위안화,6.4547,https://fred.stlouisfed.org/series/DEXCHUS
2021-09-10,위안화,6.444,https://fred.stlouisfed.org/series/DEXCHUS
2021-09-13,위안화,6.4511,https://fred.stlouisfed.org/series/DEXCHUS
2021-09-14,위안화,6.4382,https://fred.stlouisfed.org/series/DEXCHUS
2021-09-15,위안화,6.432,https://fred.stlouisfed.org/series/DEXCHUS
2021-09-16,위안화,6.4566,https://fred.stlouisfed.org/series/DEXCHUS
2021-09-17,위안화,6.4655,https://fred.stlouisfed.org/series/DEXCHUS
2021-09-20,위안화,6.4651,https://fred.stlouisfed.org/series/DEXCHUS
2021-09-21,위안화,6.4651,https://fred.stlouisfed.org/series/DEXCHUS
2021-09-22,위안화,6.4611,https://fred.stlouisfed.org/series/DEXCHUS
2021-09-23,위안화,6.459,https://fred.stlouisfed.org/series/DEXCHUS
2021-09-24,위안화,6.466,https://fred.stlouisfed.org/series/DEXCHUS
2021-09-27,위안화,6.456,https://fred.stlouisfed.org/series/DEXCHUS
2021-09-28,위안화,6.4595,https://fred.stlouisfed.org/series/DEXCHUS
2021-09-29,위안화,6.4702,https://fred.stlouisfed.org/series/DEXCHUS
2021-09-30,위안화,6.4434,https://fred.stlouisfed.org/series/DEXCHUS
2021-10-01,위안화,6.4434,https://fred.stlouisfed.org/series/DEXCHUS
2021-10-04,위안화,6.4434,https://fred.stlouisfed.org/series/DEXCHUS
2021-10-05,위안화,6.4434,https://fred.stlouisfed.org/series/DEXCHUS
2021-10-06,위안화,6.4434,https://fred.stlouisfed.org/series/DEXCHUS
2021-10-07,위안화,6.4434,https://fred.stlouisfed.org/series/DEXCHUS
2021-10-08,위안화,6.4435,https://fred.stlouisfed.org/series/DEXCHUS
2021-10-12,위안화,6.4485,https://fred.stlouisfed.org/series/DEXCHUS
2021-10-13,위안화,6.4262,https://fred.stlouisfed.org/series/DEXCHUS
2021-10-14,위안화,6.438,https://fred.stlouisfed.org/series/DEXCHUS
2021-10-15,위안화,6.434,https://fred.stlouisfed.org/series/DEXCHUS
2021-10-18,위안화,6.429,https://fred.stlouisfed.org/series/DEXCHUS
2021-10-19,위안화,6.3822,https://fred.stlouisfed.org/series/DEXCHUS
2021-10-20,위안화,6.3936,https://fred.stlouisfed.org/series/DEXCHUS
2021-10-21,위안화,6.3925,https://fred.stlouisfed.org/series/DEXCHUS
2021-10-22,위안화,6.3839,https://fred.stlouisfed.org/series/DEXCHUS
2021-10-25,위안화,6.3856,https://fred.stlouisfed.org/series/DEXCHUS
2021-10-26,위안화,6.382,https://fred.stlouisfed.org/series/DEXCHUS
2021-10-27,위안화,6.3915,https://fred.stlouisfed.org/series/DEXCHUS
2021-10-28,위안화,6.3917,https://fred.stlouisfed.org/series/DEXCHUS
2021-10-29,위안화,6.405,https://fred.stlouisfed.org/series/DEXCHUS
2021-11-01,위안화,6.3972,https://fred.stlouisfed.org/series/DEXCHUS
2021-11-02,위안화,6.3995,https://fred.stlouisfed.org/series/DEXCHUS
2021-11-03,위안화,6.4061,https://fred.stlouisfed.org/series/DEXCHUS
2021-11-04,위안화,6.397,https://fred.stlouisfed.org/series/DEXCHUS
2021-11-05,위안화,6.3961,https://fred.stlouisfed.org/series/DEXCHUS
2021-11-08,위안화,6.3902,https://fred.stlouisfed.org/series/DEXCHUS
2021-11-09,위안화,6.3916,https://fred.stlouisfed.org/series/DEXCHUS
2021-11-10,위안화,6.3882,https://fred.stlouisfed.org/series/DEXCHUS
2021-11-12,위안화,6.3787,https://fred.stlouisfed.org/series/DEXCHUS
2021-11-15,위안화,6.3824,https://fred.stlouisfed.org/series/DEXCHUS
2021-11-16,위안화,6.3919,https://fred.stlouisfed.org/series/DEXCHUS
2021-11-17,위안화,6.3775,https://fred.stlouisfed.org/series/DEXCHUS
2021-11-18,위안화,6.3851,https://fred.stlouisfed.org/series/DEXCHUS
2021-11-19,위안화,6.3863,https://fred.stlouisfed.org/series/DEXCHUS
2021-11-22,위안화,6.3842,https://fred.stlouisfed.org/series/DEXCHUS
2021-11-23,위안화,6.391,https://fred.stlouisfed.org/series/DEXCHUS
2021-11-24,위안화,6.3917,https://fred.stlouisfed.org/series/DEXCHUS
2021-11-26,위안화,6.3924,https://fred.stlouisfed.org/series/DEXCHUS
2021-11-29,위안화,6.3875,https://fred.stlouisfed.org/series/DEXCHUS
2021-11-30,위안화,6.364,https://fred.stlouisfed.org/series/DEXCHUS
2021-12-01,위안화,6.3641,https://fred.stlouisfed.org/series/DEXCHUS
2021-12-02,위안화,6.3763,https://fred.stlouisfed.org/series/DEXCHUS
2021-12-03,위안화,6.3758,https://fred.stlouisfed.org/series/DEXCHUS
2021-12-06,위안화,6.3756,https://fred.stlouisfed.org/series/DEXCHUS
2021-12-07,위안화,6.3657,https://fred.stlouisfed.org/series/DEXCHUS
2021-12-08,위안화,6.3435,https://fred.stlouisfed.org/series/DEXCHUS
2021-12-09,위안화,6.3772,https://fred.stlouisfed.org/series/DEXCHUS
2021-12-10,위안화,6.3685,https://fred.stlouisfed.org/series/DEXCHUS
2021-12-13,위안화,6.3659,https://fred.stlouisfed.org/series/DEXCHUS
2021-12-14,위안화,6.3671,https://fred.stlouisfed.org/series/DEXCHUS
2021-12-15,위안화,6.3673,https://fred.stlouisfed.org/series/DEXCHUS
2021-12-16,위안화,6.3674,https://fred.stlouisfed.org/series/DEXCHUS
2021-12-17,위안화,6.3748,https://fred.stlouisfed.org/series/DEXCHUS
2021-12-20,위안화,6.3756,https://fred.stlouisfed.org/series/DEXCHUS
2021-12-21,위안화,6.3716,https://fred.stlouisfed.org/series/DEXCHUS
2021-12-22,위안화,6.3695,https://fred.stlouisfed.org/series/DEXCHUS
2021-12-23,위안화,6.3696,https://fred.stlouisfed.org/series/DEXCHUS
2021-12-27,위안화,6.3705,https://fred.stlouisfed.org/series/DEXCHUS
2021-12-28,위안화,6.3684,https://fred.stlouisfed.org/series/DEXCHUS
2021-12-29,위안화,6.368,https://fred.stlouisfed.org/series/DEXCHUS
2021-12-30,위안화,6.3726,https://fred.stlouisfed.org/series/DEXCHUS
2022-01-03,위안화,6.355,https://fred.stlouisfed.org/series/DEXCHUS
2022-01-04,위안화,6.3721,https://fred.stlouisfed.org/series/DEXCHUS
2022-01-05,위안화,6.364,https://fred.stlouisfed.org/series/DEXCHUS
2022-01-06,위안화,6.3822,https://fred.stlouisfed.org/series/DEXCHUS
2022-01-07,위안화,6.3769,https://fred.stlouisfed.org/series/DEXCHUS
2022-01-10,위안화,6.3756,https://fred.stlouisfed.org/series/DEXCHUS
2022-01-11,위안화,6.3735,https://fred.stlouisfed.org/series/DEXCHUS
2022-01-12,위안화,6.358,https://fred.stlouisfed.org/series/DEXCHUS
2022-01-13,위안화,6.3595,https://fred.stlouisfed.org/series/DEXCHUS
2022-01-14,위안화,6.3524,https://fred.stlouisfed.org/series/DEXCHUS
2022-01-18,위안화,6.3525,https://fred.stlouisfed.org/series/DEXCHUS
2022-01-19,위안화,6.3447,https://fred.stlouisfed.org/series/DEXCHUS
2022-01-20,위안화,6.3406,https://fred.stlouisfed.org/series/DEXCHUS
2022-01-21,위안화,6.3385,https://fred.stlouisfed.org/series/DEXCHUS
2022-01-24,위안화,6.3304,https://fred.stlouisfed.org/series/DEXCHUS
2022-01-25,위안화,6.3257,https://fred.stlouisfed.org/series/DEXCHUS
2022-01-26,위안화,6.3206,https://fred.stlouisfed.org/series/DEXCHUS
2022-01-27,위안화,6.3677,https://fred.stlouisfed.org/series/DEXCHUS
2022-01-28,위안화,6.3605,https://fred.stlouisfed.org/series/DEXCHUS
2022-01-31,위안화,6.361,https://fred.stlouisfed.org/series/DEXCHUS
2022-02-01,위안화,6.361,https://fred.stlouisfed.org/series/DEXCHUS
2022-02-02,위안화,6.361,https://fred.stlouisfed.org/series/DEXCHUS
2022-02-03,위안화,6.361,https://fred.stlouisfed.org/series/DEXCHUS
2022-02-04,위안화,6.361,https://fred.stlouisfed.org/series/DEXCHUS
2022-02-07,위안화,6.361,https://fred.stlouisfed.org/series/DEXCHUS
2022-02-08,위안화,6.366,https://fred.stlouisfed.org/series/DEXCHUS
2022-02-09,위안화,6.3619,https://fred.stlouisfed.org/series/DEXCHUS
2022-02-10,위안화,6.3526,https://fred.stlouisfed.org/series/DEXCHUS
2022-02-11,위안화,6.354,https://fred.stlouisfed.org/series/DEXCHUS
2022-02-14,위안화,6.3567,https://fred.stlouisfed.org/series/DEXCHUS
2022-02-15,위안화,6.3385,https://fred.stlouisfed.org/series/DEXCHUS
2022-02-16,위안화,6.3366,https://fred.stlouisfed.org/series/DEXCHUS
2022-02-17,위안화,6.3381,https://fred.stlouisfed.org/series/DEXCHUS
2022-02-18,위안화,6.3251,https://fred.stlouisfed.org/series/DEXCHUS
2022-02-22,위안화,6.326,https://fred.stlouisfed.org/series/DEXCHUS
2022-02-23,위안화,6.3134,https://fred.stlouisfed.org/series/DEXCHUS
2022-02-24,위안화,6.3283,https://fred.stlouisfed.org/series/DEXCHUS
2022-02-25,위안화,6.3169,https://fred.stlouisfed.org/series/DEXCHUS
2022-02-28,위안화,6.3084,https://fred.stlouisfed.org/series/DEXCHUS
2022-03-01,위안화,6.3116,https://fred.stlouisfed.org/series/DEXCHUS
2022-03-02,위안화,6.321,https://fred.stlouisfed.org/series/DEXCHUS
2022-03-03,위안화,6.3195,https://fred.stlouisfed.org/series/DEXCHUS
2022-03-04,위안화,6.3188,https://fred.stlouisfed.org/series/DEXCHUS
2022-03-07,위안화,6.3194,https://fred.stlouisfed.org/series/DEXCHUS
2022-03-08,위안화,6.3178,https://fred.stlouisfed.org/series/DEXCHUS
2022-03-09,위안화,6.3174,https://fred.stlouisfed.org/series/DEXCHUS
2022-03-10,위안화,6.3212,https://fred.stlouisfed.org/series/DEXCHUS
2022-03-11,위안화,6.3389,https://fred.stlouisfed.org/series/DEXCHUS
2022-03-14,위안화,6.3645,https://fred.stlouisfed.org/series/DEXCHUS
2022-03-15,위안화,6.3696,https://fred.stlouisfed.org/series/DEXCHUS
2022-03-16,위안화,6.351,https://fred.stlouisfed.org/series/DEXCHUS
2022-03-17,위안화,6.3459,https://fred.stlouisfed.org/series/DEXCHUS
2022-03-18,위안화,6.3609,https://fred.stlouisfed.org/series/DEXCHUS
2022-03-21,위안화,6.3552,https://fred.stlouisfed.org/series/DEXCHUS
2022-03-22,위안화,6.366,https://fred.stlouisfed.org/series/DEXCHUS
2022-03-23,위안화,6.372,https://fred.stlouisfed.org/series/DEXCHUS
2022-03-24,위안화,6.367,https://fred.stlouisfed.org/series/DEXCHUS
2022-03-25,위안화,6.3658,https://fred.stlouisfed.org/series/DEXCHUS
2022-03-28,위안화,6.3714,https://fred.stlouisfed.org/series/DEXCHUS
2022-03-29,위안화,6.3635,https://fred.stlouisfed.org/series/DEXCHUS
2022-03-30,위안화,6.347,https://fred.stlouisfed.org/series/DEXCHUS
2022-03-31,위안화,6.3393,https://fred.stlouisfed.org/series/DEXCHUS
2022-04-01,위안화,6.3625,https://fred.stlouisfed.org/series/DEXCHUS
2022-04-04,위안화,6.3619,https://fred.stlouisfed.org/series/DEXCHUS
2022-04-05,위안화,6.3619,https://fred.stlouisfed.org/series/DEXCHUS
2022-04-06,위안화,6.359,https://fred.stlouisfed.org/series/DEXCHUS
2022-04-07,위안화,6.36,https://fred.stlouisfed.org/series/DEXCHUS
2022-04-08,위안화,6.3643,https://fred.stlouisfed.org/series/DEXCHUS
2022-04-11,위안화,6.3692,https://fred.stlouisfed.org/series/DEXCHUS
2022-04-12,위안화,6.3651,https://fred.stlouisfed.org/series/DEXCHUS
2022-04-13,위안화,6.3678,https://fred.stlouisfed.org/series/DEXCHUS
2022-04-14,위안화,6.3775,https://fred.stlouisfed.org/series/DEXCHUS
2022-04-15,위안화,6.3705,https://fred.stlouisfed.org/series/DEXCHUS
2022-04-18,위안화,6.363,https://fred.stlouisfed.org/series/DEXCHUS
2022-04-19,위안화,6.393,https://fred.stlouisfed.org/series/DEXCHUS
2022-04-20,위안화,6.4188,https://fred.stlouisfed.org/series/DEXCHUS
2022-04-21,위안화,6.45,https://fred.stlouisfed.org/series/DEXCHUS
2022-04-22,위안화,6.501,https://fred.stlouisfed.org/series/DEXCHUS
2022-04-25,위안화,6.5585,https://fred.stlouisfed.org/series/DEXCHUS
2022-04-26,위안화,6.5552,https://fred.stlouisfed.org/series/DEXCHUS
2022-04-27,위안화,6.5595,https://fred.stlouisfed.org/series/DEXCHUS
2022-04-28,위안화,6.6243,https://fred.stlouisfed.org/series/DEXCHUS
2022-04-29,위안화,6.608,https://fred.stlouisfed.org/series/DEXCHUS
2022-05-02,위안화,6.6079,https://fred.stlouisfed.org/series/DEXCHUS
2022-05-03,위안화,6.6079,https://fred.stlouisfed.org/series/DEXCHUS
2022-05-04,위안화,6.6079,https://fred.stlouisfed.org/series/DEXCHUS
2022-05-05,위안화,6.6535,https://fred.stlouisfed.org/series/DEXCHUS
2022-05-06,위안화,6.6651,https://fred.stlouisfed.org/series/DEXCHUS
2022-05-09,위안화,6.7295,https://fred.stlouisfed.org/series/DEXCHUS
2022-05-10,위안화,6.7343,https://fred.stlouisfed.org/series/DEXCHUS
2022-05-11,위안화,6.7186,https://fred.stlouisfed.org/series/DEXCHUS
2022-05-12,위안화,6.786,https://fred.stlouisfed.org/series/DEXCHUS
2022-05-13,위안화,6.788,https://fred.stlouisfed.org/series/DEXCHUS
2022-05-16,위안화,6.7852,https://fred.stlouisfed.org/series/DEXCHUS
2022-05-17,위안화,6.7361,https://fred.stlouisfed.org/series/DEXCHUS
2022-05-18,위안화,6.754,https://fred.stlouisfed.org/series/DEXCHUS
2022-05-19,위안화,6.7109,https://fred.stlouisfed.org/series/DEXCHUS
2022-05-20,위안화,6.6921,https://fred.stlouisfed.org/series/DEXCHUS
2022-05-23,위안화,6.649,https://fred.stlouisfed.org/series/DEXCHUS
2022-05-24,위안화,6.653,https://fred.stlouisfed.org/series/DEXCHUS
2022-05-25,위안화,6.6916,https://fred.stlouisfed.org/series/DEXCHUS
2022-05-26,위안화,6.738,https://fred.stlouisfed.org/series/DEXCHUS
2022-05-27,위안화,6.698,https://fred.stlouisfed.org/series/DEXCHUS
2022-05-31,위안화,6.6715,https://fred.stlouisfed.org/series/DEXCHUS
2022-06-01,위안화,6.6858,https://fred.stlouisfed.org/series/DEXCHUS
2022-06-02,위안화,6.6596,https://fred.stlouisfed.org/series/DEXCHUS
2022-06-03,위안화,6.6595,https://fred.stlouisfed.org/series/DEXCHUS
2022-06-06,위안화,6.6534,https://fred.stlouisfed.org/series/DEXCHUS
2022-06-07,위안화,6.6675,https://fred.stlouisfed.org/series/DEXCHUS
2022-06-08,위안화,6.6825,https://fred.stlouisfed.org/series/DEXCHUS
2022-06-09,위안화,6.6915,https://fred.stlouisfed.org/series/DEXCHUS
2022-06-10,위안화,6.7081,https://fred.stlouisfed.org/series/DEXCHUS
2022-06-13,위안화,6.753,https://fred.stlouisfed.org/series/DEXCHUS
2022-06-14,위안화,6.7395,https://fred.stlouisfed.org/series/DEXCHUS
2022-06-15,위안화,6.7128,https://fred.stlouisfed.org/series/DEXCHUS
2022-06-16,위안화,6.703,https://fred.stlouisfed.org/series/DEXCHUS
2022-06-17,위안화,6.716,https://fred.stlouisfed.org/series/DEXCHUS
2022-06-21,위안화,6.688,https://fred.stlouisfed.org/series/DEXCHUS
2022-06-22,위안화,6.6983,https://fred.stlouisfed.org/series/DEXCHUS
2022-06-23,위안화,6.698,https://fred.stlouisfed.org/series/DEXCHUS
2022-06-24,위안화,6.6878,https://fred.stlouisfed.org/series/DEXCHUS
2022-06-27,위안화,6.6899,https://fred.stlouisfed.org/series/DEXCHUS
2022-06-28,위안화,6.707,https://fred.stlouisfed.org/series/DEXCHUS
2022-06-29,위안화,6.6997,https://fred.stlouisfed.org/series/DEXCHUS
2022-06-30,위안화,6.6981,https://fred.stlouisfed.org/series/DEXCHUS
2022-07-01,위안화,6.7,https://fred.stlouisfed.org/series/DEXCHUS
2022-07-05,위안화,6.7192,https://fred.stlouisfed.org/series/DEXCHUS
2022-07-06,위안화,6.707,https://fred.stlouisfed.org/series/DEXCHUS
2022-07-07,위안화,6.7005,https://fred.stlouisfed.org/series/DEXCHUS
2022-07-08,위안화,6.6945,https://fred.stlouisfed.org/series/DEXCHUS
2022-07-11,위안화,6.7175,https://fred.stlouisfed.org/series/DEXCHUS
2022-07-12,위안화,6.7234,https://fred.stlouisfed.org/series/DEXCHUS
2022-07-13,위안화,6.7175,https://fred.stlouisfed.org/series/DEXCHUS
2022-07-14,위안화,6.7542,https://fred.stlouisfed.org/series/DEXCHUS
2022-07-15,위안화,6.7565,https://fred.stlouisfed.org/series/DEXCHUS
2022-07-18,위안화,6.742,https://fred.stlouisfed.org/series/DEXCHUS
2022-07-19,위안화,6.743,https://fred.stlouisfed.org/series/DEXCHUS
2022-07-20,위안화,6.754,https://fred.stlouisfed.org/series/DEXCHUS
2022-07-21,위안화,6.7655,https://fred.stlouisfed.org/series/DEXCHUS
2022-07-22,위안화,6.75,https://fred.stlouisfed.org/series/DEXCHUS
2022-07-25,위안화,6.7499,https://fred.stlouisfed.org/series/DEXCHUS
2022-07-26,위안화,6.7616,https://fred.stlouisfed.org/series/DEXCHUS
2022-07-27,위안화,6.757,https://fred.stlouisfed.org/series/DEXCHUS
2022-07-28,위안화,6.7465,https://fred.stlouisfed.org/series/DEXCHUS
2022-07-29,위안화,6.7433,https://fred.stlouisfed.org/series/DEXCHUS
2022-08-01,위안화,6.7674,https://fred.stlouisfed.org/series/DEXCHUS
2022-08-02,위안화,6.7499,https://fred.stlouisfed.org/series/DEXCHUS
2022-08-03,위안화,6.7565,https://fred.stlouisfed.org/series/DEXCHUS
2022-08-04,위안화,6.7485,https://fred.stlouisfed.org/series/DEXCHUS
2022-08-05,위안화,6.7607,https://fred.stlouisfed.org/series/DEXCHUS
2022-08-08,위안화,6.7505,https://fred.stlouisfed.org/series/DEXCHUS
2022-08-09,위안화,6.7525,https://fred.stlouisfed.org/series/DEXCHUS
2022-08-10,위안화,6.723,https://fred.stlouisfed.org/series/DEXCHUS
2022-08-11,위안화,6.7445,https://fred.stlouisfed.org/series/DEXCHUS
2022-08-12,위안화,6.7425,https://fred.stlouisfed.org/series/DEXCHUS
2022-08-15,위안화,6.7715,https://fred.stlouisfed.org/series/DEXCHUS
2022-08-16,위안화,6.7875,https://fred.stlouisfed.org/series/DEXCHUS
2022-08-17,위안화,6.7805,https://fred.stlouisfed.org/series/DEXCHUS
2022-08-18,위안화,6.7855,https://fred.stlouisfed.org/series/DEXCHUS
2022-08-19,위안화,6.8164,https://fred.stlouisfed.org/series/DEXCHUS
2022-08-22,위안화,6.8476,https://fred.stlouisfed.org/series/DEXCHUS
2022-08-23,위안화,6.8476,https://fred.stlouisfed.org/series/DEXCHUS
2022-08-24,위안화,6.8581,https://fred.stlouisfed.org/series/DEXCHUS
2022-08-25,위안화,6.8477,https://fred.stlouisfed.org/series/DEXCHUS
2022-08-26,위안화,6.8715,https://fred.stlouisfed.org/series/DEXCHUS
2022-08-29,위안화,6.9067,https://fred.stlouisfed.org/series/DEXCHUS
2022-08-30,위안화,6.91,https://fred.stlouisfed.org/series/DEXCHUS
2022-08-31,위안화,6.889,https://fred.stlouisfed.org/series/DEXCHUS
2022-09-01,위안화,6.9066,https://fred.stlouisfed.org/series/DEXCHUS
2022-09-02,위안화,6.8985,https://fred.stlouisfed.org/series/DEXCHUS
2022-09-06,위안화,6.9532,https://fred.stlouisfed.org/series/DEXCHUS
2022-09-07,위안화,6.965,https://fred.stlouisfed.org/series/DEXCHUS
2022-09-08,위안화,6.9562,https://fred.stlouisfed.org/series/DEXCHUS
2022-09-09,위안화,6.924,https://fred.stlouisfed.org/series/DEXCHUS
2022-09-12,위안화,6.9265,https://fred.stlouisfed.org/series/DEXCHUS
2022-09-13,위안화,6.9245,https://fred.stlouisfed.org/series/DEXCHUS
2022-09-14,위안화,6.9612,https://fred.stlouisfed.org/series/DEXCHUS
2022-09-15,위안화,6.9934,https://fred.stlouisfed.org/series/DEXCHUS
2022-09-16,위안화,6.9799,https://fred.stlouisfed.org/series/DEXCHUS
2022-09-19,위안화,7.005,https://fred.stlouisfed.org/series/DEXCHUS
2022-09-20,위안화,7.0176,https://fred.stlouisfed.org/series/DEXCHUS
2022-09-21,위안화,7.0479,https://fred.stlouisfed.org/series/DEXCHUS
2022-09-22,위안화,7.0772,https://fred.stlouisfed.org/series/DEXCHUS
2022-09-23,위안화,7.1266,https://fred.stlouisfed.org/series/DEXCHUS
2022-09-26,위안화,7.1384,https://fred.stlouisfed.org/series/DEXCHUS
2022-09-27,위안화,7.176,https://fred.stlouisfed.org/series/DEXCHUS
2022-09-28,위안화,7.199,https://fred.stlouisfed.org/series/DEXCHUS
2022-09-29,위안화,7.1196,https://fred.stlouisfed.org/series/DEXCHUS
2022-09-30,위안화,7.1135,https://fred.stlouisfed.org/series/DEXCHUS
2022-10-03,위안화,7.1103,https://fred.stlouisfed.org/series/DEXCHUS
2022-10-04,위안화,7.1103,https://fred.stlouisfed.org/series/DEXCHUS
2022-10-05,위안화,7.1103,https://fred.stlouisfed.org/series/DEXCHUS
2022-10-06,위안화,7.1103,https://fred.stlouisfed.org/series/DEXCHUS
2022-10-07,위안화,7.1103,https://fred.stlouisfed.org/series/DEXCHUS
2022-10-11,위안화,7.1639,https://fred.stlouisfed.org/series/DEXCHUS
2022-10-12,위안화,7.172,https://fred.stlouisfed.org/series/DEXCHUS
2022-10-13,위안화,7.17,https://fred.stlouisfed.org/series/DEXCHUS
2022-10-14,위안화,7.1895,https://fred.stlouisfed.org/series/DEXCHUS
2022-10-17,위안화,7.1946,https://fred.stlouisfed.org/series/DEXCHUS
2022-10-18,위안화,7.2001,https://fred.stlouisfed.org/series/DEXCHUS
2022-10-19,위안화,7.228,https://fred.stlouisfed.org/series/DEXCHUS
2022-10-20,위안화,7.2129,https://fred.stlouisfed.org/series/DEXCHUS
2022-10-21,위안화,7.2399,https://fred.stlouisfed.org/series/DEXCHUS
2022-10-24,위안화,7.2629,https://fred.stlouisfed.org/series/DEXCHUS
2022-10-25,위안화,7.2688,https://fred.stlouisfed.org/series/DEXCHUS
2022-10-26,위안화,7.171,https://fred.stlouisfed.org/series/DEXCHUS
2022-10-27,위안화,7.2239,https://fred.stlouisfed.org/series/DEXCHUS
2022-10-28,위안화,7.2499,https://fred.stlouisfed.org/series/DEXCHUS
2022-10-31,위안화,7.3048,https://fred.stlouisfed.org/series/DEXCHUS
2022-11-01,위안화,7.273,https://fred.stlouisfed.org/series/DEXCHUS
2022-11-02,위안화,7.289,https://fred.stlouisfed.org/series/DEXCHUS
2022-11-03,위안화,7.3,https://fred.stlouisfed.org/series/DEXCHUS
2022-11-04,위안화,7.2996,https://fred.stlouisfed.org/series/DEXCHUS
2022-11-07,위안화,7.2266,https://fred.stlouisfed.org/series/DEXCHUS
2022-11-08,위안화,7.2485,https://fred.stlouisfed.org/series/DEXCHUS
2022-11-09,위안화,7.2401,https://fred.stlouisfed.org/series/DEXCHUS
2022-11-10,위안화,7.184,https://fred.stlouisfed.org/series/DEXCHUS
2022-11-14,위안화,7.071,https://fred.stlouisfed.org/series/DEXCHUS
2022-11-15,위안화,7.044,https://fred.stlouisfed.org/series/DEXCHUS
2022-11-16,위안화,7.0964,https://fred.stlouisfed.org/series/DEXCHUS
2022-11-17,위안화,7.1551,https://fred.stlouisfed.org/series/DEXCHUS
2022-11-18,위안화,7.1192,https://fred.stlouisfed.org/series/DEXCHUS
2022-11-21,위안화,7.164,https://fred.stlouisfed.org/series/DEXCHUS
2022-11-22,위안화,7.1388,https://fred.stlouisfed.org/series/DEXCHUS
2022-11-23,위안화,7.158,https://fred.stlouisfed.org/series/DEXCHUS
2022-11-25,위안화,7.1642,https://fred.stlouisfed.org/series/DEXCHUS
2022-11-28,위안화,7.2074,https://fred.stlouisfed.org/series/DEXCHUS
2022-11-29,위안화,7.1568,https://fred.stlouisfed.org/series/DEXCHUS
2022-11-30,위안화,7.0879,https://fred.stlouisfed.org/series/DEXCHUS
2022-12-01,위안화,7.0424,https://fred.stlouisfed.org/series/DEXCHUS
2022-12-02,위안화,7.019,https://fred.stlouisfed.org/series/DEXCHUS
2022-12-05,위안화,6.961,https://fred.stlouisfed.org/series/DEXCHUS
2022-12-06,위안화,6.9935,https://fred.stlouisfed.org/series/DEXCHUS
2022-12-07,위안화,6.9702,https://fred.stlouisfed.org/series/DEXCHUS
2022-12-08,위안화,6.9649,https://fred.stlouisfed.org/series/DEXCHUS
2022-12-09,위안화,6.9559,https://fred.stlouisfed.org/series/DEXCHUS
2022-12-12,위안화,6.9773,https://fred.stlouisfed.org/series/DEXCHUS
2022-12-13,위안화,6.943,https://fred.stlouisfed.org/series/DEXCHUS
2022-12-14,위안화,6.9498,https://fred.stlouisfed.org/series/DEXCHUS
2022-12-15,위안화,6.9716,https://fred.stlouisfed.org/series/DEXCHUS
2022-12-16,위안화,6.9708,https://fred.stlouisfed.org/series/DEXCHUS
2022-12-19,위안화,6.9772,https://fred.stlouisfed.org/series/DEXCHUS
2022-12-20,위안화,6.96,https://fred.stlouisfed.org/series/DEXCHUS
2022-12-21,위안화,6.981,https://fred.stlouisfed.org/series/DEXCHUS
2022-12-22,위안화,6.9829,https://fred.stlouisfed.org/series/DEXCHUS
2022-12-23,위안화,6.988,https://fred.stlouisfed.org/series/DEXCHUS
2022-12-27,위안화,6.96,https://fred.stlouisfed.org/series/DEXCHUS
2022-12-28,위안화,6.9774,https://fred.stlouisfed.org/series/DEXCHUS
2022-12-29,위안화,6.9625,https://fred.stlouisfed.org/series/DEXCHUS
2022-12-30,위안화,6.8972,https://fred.stlouisfed.org/series/DEXCHUS
2023-01-03,위안화,6.9135,https://fred.stlouisfed.org/series/DEXCHUS
2023-01-04,위안화,6.8875,https://fred.stlouisfed.org/series/DEXCHUS
2023-01-05,위안화,6.88,https://fred.stlouisfed.org/series/DEXCHUS
2023-01-06,위안화,6.837,https://fred.stlouisfed.org/series/DEXCHUS
2023-01-09,위안화,6.77,https://fred.stlouisfed.org/series/DEXCHUS
2023-01-10,위안화,6.777,https://fred.stlouisfed.org/series/DEXCHUS
2023-01-11,위안화,6.77,https://fred.stlouisfed.org/series/DEXCHUS
2023-01-12,위안화,6.7365,https://fred.stlouisfed.org/series/DEXCHUS
2023-01-13,위안화,6.701,https://fred.stlouisfed.org/series/DEXCHUS
2023-01-17,위안화,6.7723,https://fred.stlouisfed.org/series/DEXCHUS
2023-01-18,위안화,6.7534,https://fred.stlouisfed.org/series/DEXCHUS
2023-01-19,위안화,6.7738,https://fred.stlouisfed.org/series/DEXCHUS
2023-01-20,위안화,6.7825,https://fred.stlouisfed.org/series/DEXCHUS
2023-01-23,위안화,6.7899,https://fred.stlouisfed.org/series/DEXCHUS
2023-01-24,위안화,6.7899,https://fred.stlouisfed.org/series/DEXCHUS
2023-01-25,위안화,6.7899,https://fred.stlouisfed.org/series/DEXCHUS
2023-01-26,위안화,6.7899,https://fred.stlouisfed.org/series/DEXCHUS
2023-01-27,위안화,6.7899,https://fred.stlouisfed.org/series/DEXCHUS
2023-01-30,위안화,6.7501,https://fred.stlouisfed.org/series/DEXCHUS
2023-01-31,위안화,6.754,https://fred.stlouisfed.org/series/DEXCHUS
2023-02-01,위안화,6.7406,https://fred.stlouisfed.org/series/DEXCHUS
2023-02-02,위안화,6.7266,https://fred.stlouisfed.org/series/DEXCHUS
2023-02-03,위안화,6.7733,https://fred.stlouisfed.org/series/DEXCHUS
2023-02-06,위안화,6.7918,https://fred.stlouisfed.org/series/DEXCHUS
2023-02-07,위안화,6.791,https://fred.stlouisfed.org/series/DEXCHUS
2023-02-08,위안화,6.789,https://fred.stlouisfed.org/series/DEXCHUS
2023-02-09,위안화,6.7782,https://fred.stlouisfed.org/series/DEXCHUS
2023-02-10,위안화,6.8106,https://fred.stlouisfed.org/series/DEXCHUS
2023-02-13,위안화,6.8198,https://fred.stlouisfed.org/series/DEXCHUS
2023-02-14,위안화,6.8255,https://fred.stlouisfed.org/series/DEXCHUS
2023-02-15,위안화,6.851,https://fred.stlouisfed.org/series/DEXCHUS
2023-02-16,위안화,6.859,https://fred.stlouisfed.org/series/DEXCHUS
2023-02-17,위안화,6.8661,https://fred.stlouisfed.org/series/DEXCHUS
2023-02-21,위안화,6.87,https://fred.stlouisfed.org/series/DEXCHUS
2023-02-22,위안화,6.8908,https://fred.stlouisfed.org/series/DEXCHUS
2023-02-23,위안화,6.9075,https://fred.stlouisfed.org/series/DEXCHUS
2023-02-24,위안화,6.9545,https://fred.stlouisfed.org/series/DEXCHUS
2023-02-27,위안화,6.945,https://fred.stlouisfed.org/series/DEXCHUS
2023-02-28,위안화,6.9325,https://fred.stlouisfed.org/series/DEXCHUS
2023-03-01,위안화,6.8656,https://fred.stlouisfed.org/series/DEXCHUS
2023-03-02,위안화,6.9122,https://fred.stlouisfed.org/series/DEXCHUS
2023-03-03,위안화,6.9048,https://fred.stlouisfed.org/series/DEXCHUS
2023-03-06,위안화,6.9295,https://fred.stlouisfed.org/series/DEXCHUS
2023-03-07,위안화,6.9605,https://fred.stlouisfed.org/series/DEXCHUS
2023-03-08,위안화,6.9496,https://fred.stlouisfed.org/series/DEXCHUS
2023-03-09,위안화,6.963,https://fred.stlouisfed.org/series/DEXCHUS
2023-03-10,위안화,6.9025,https://fred.stlouisfed.org/series/DEXCHUS
2023-03-13,위안화,6.8455,https://fred.stlouisfed.org/series/DEXCHUS
2023-03-14,위안화,6.868,https://fred.stlouisfed.org/series/DEXCHUS
2023-03-15,위안화,6.9005,https://fred.stlouisfed.org/series/DEXCHUS
2023-03-16,위안화,6.8965,https://fred.stlouisfed.org/series/DEXCHUS
2023-03-17,위안화,6.887,https://fred.stlouisfed.org/series/DEXCHUS
2023-03-20,위안화,6.877,https://fred.stlouisfed.org/series/DEXCHUS
2023-03-21,위안화,6.883,https://fred.stlouisfed.org/series/DEXCHUS
2023-03-22,위안화,6.8802,https://fred.stlouisfed.org/series/DEXCHUS
2023-03-23,위안화,6.8188,https://fred.stlouisfed.org/series/DEXCHUS
2023-03-24,위안화,6.8675,https://fred.stlouisfed.org/series/DEXCHUS
2023-03-27,위안화,6.8834,https://fred.stlouisfed.org/series/DEXCHUS
2023-03-28,위안화,6.8725,https://fred.stlouisfed.org/series/DEXCHUS
2023-03-29,위안화,6.8862,https://fred.stlouisfed.org/series/DEXCHUS
2023-03-30,위안화,6.87,https://fred.stlouisfed.org/series/DEXCHUS
2023-03-31,위안화,6.8676,https://fred.stlouisfed.org/series/DEXCHUS
2023-04-03,위안화,6.8776,https://fred.stlouisfed.org/series/DEXCHUS
2023-04-04,위안화,6.878,https://fred.stlouisfed.org/series/DEXCHUS
2023-04-05,위안화,6.8781,https://fred.stlouisfed.org/series/DEXCHUS
2023-04-06,위안화,6.875,https://fred.stlouisfed.org/series/DEXCHUS
2023-04-07,위안화,6.875,https://fred.stlouisfed.org/series/DEXCHUS
2023-04-10,위안화,6.8807,https://fred.stlouisfed.org/series/DEXCHUS
2023-04-11,위안화,6.8866,https://fred.stlouisfed.org/series/DEXCHUS
2023-04-12,위안화,6.873,https://fred.stlouisfed.org/series/DEXCHUS
2023-04-13,위안화,6.8677,https://fred.stlouisfed.org/series/DEXCHUS
2023-04-14,위안화,6.869,https://fred.stlouisfed.org/series/DEXCHUS
2023-04-17,위안화,6.8786,https://fred.stlouisfed.org/series/DEXCHUS
2023-04-18,위안화,6.8755,https://fred.stlouisfed.org/series/DEXCHUS
2023-04-19,위안화,6.8851,https://fred.stlouisfed.org/series/DEXCHUS
2023-04-20,위안화,6.8725,https://fred.stlouisfed.org/series/DEXCHUS
2023-04-21,위안화,6.892,https://fred.stlouisfed.org/series/DEXCHUS
2023-04-24,위안화,6.8958,https://fred.stlouisfed.org/series/DEXCHUS
2023-04-25,위안화,6.932,https://fred.stlouisfed.org/series/DEXCHUS
2023-04-26,위안화,6.9261,https://fred.stlouisfed.org/series/DEXCHUS
2023-04-27,위안화,6.922,https://fred.stlouisfed.org/series/DEXCHUS
2023-04-28,위안화,6.911,https://fred.stlouisfed.org/series/DEXCHUS
2023-05-01,위안화,6.9164,https://fred.stlouisfed.org/series/DEXCHUS
2023-05-02,위안화,6.9164,https://fred.stlouisfed.org/series/DEXCHUS
2023-05-03,위안화,6.9164,https://fred.stlouisfed.org/series/DEXCHUS
2023-05-04,위안화,6.9094,https://fred.stlouisfed.org/series/DEXCHUS
2023-05-05,위안화,6.9101,https://fred.stlouisfed.org/series/DEXCHUS
2023-05-08,위안화,6.9125,https://fred.stlouisfed.org/series/DEXCHUS
2023-05-09,위안화,6.9201,https://fred.stlouisfed.org/series/DEXCHUS
2023-05-10,위안화,6.9321,https://fred.stlouisfed.org/series/DEXCHUS
2023-05-11,위안화,6.948,https://fred.stlouisfed.org/series/DEXCHUS
2023-05-12,위안화,6.9575,https://fred.stlouisfed.org/series/DEXCHUS
2023-05-15,위안화,6.952,https://fred.stlouisfed.org/series/DEXCHUS
2023-05-16,위안화,6.9751,https://fred.stlouisfed.org/series/DEXCHUS
2023-05-17,위안화,6.9981,https://fred.stlouisfed.org/series/DEXCHUS
2023-05-18,위안화,7.0355,https://fred.stlouisfed.org/series/DEXCHUS
2023-05-19,위안화,7.006,https://fred.stlouisfed.org/series/DEXCHUS
2023-05-22,위안화,7.0351,https://fred.stlouisfed.org/series/DEXCHUS
2023-05-23,위안화,7.049,https://fred.stlouisfed.org/series/DEXCHUS
2023-05-24,위안화,7.0585,https://fred.stlouisfed.org/series/DEXCHUS
2023-05-25,위안화,7.0775,https://fred.stlouisfed.org/series/DEXCHUS
2023-05-26,위안화,7.063,https://fred.stlouisfed.org/series/DEXCHUS
2023-05-30,위안화,7.0792,https://fred.stlouisfed.org/series/DEXCHUS
2023-05-31,위안화,7.11,https://fred.stlouisfed.org/series/DEXCHUS
2023-06-01,위안화,7.0934,https://fred.stlouisfed.org/series/DEXCHUS
2023-06-02,위안화,7.0827,https://fred.stlouisfed.org/series/DEXCHUS
2023-06-05,위안화,7.105,https://fred.stlouisfed.org/series/DEXCHUS
2023-06-06,위안화,7.119,https://fred.stlouisfed.org/series/DEXCHUS
2023-06-07,위안화,7.1287,https://fred.stlouisfed.org/series/DEXCHUS
2023-06-08,위안화,7.1109,https://fred.stlouisfed.org/series/DEXCHUS
2023-06-09,위안화,7.1273,https://fred.stlouisfed.org/series/DEXCHUS
2023-06-12,위안화,7.1437,https://fred.stlouisfed.org/series/DEXCHUS
2023-06-13,위안화,7.1585,https://fred.stlouisfed.org/series/DEXCHUS
2023-06-14,위안화,7.148,https://fred.stlouisfed.org/series/DEXCHUS
2023-06-15,위안화,7.13,https://fred.stlouisfed.org/series/DEXCHUS
2023-06-16,위안화,7.125,https://fred.stlouisfed.org/series/DEXCHUS
2023-06-20,위안화,7.1811,https://fred.stlouisfed.org/series/DEXCHUS
2023-06-21,위안화,7.1779,https://fred.stlouisfed.org/series/DEXCHUS
2023-06-22,위안화,7.1777,https://fred.stlouisfed.org/series/DEXCHUS
2023-06-23,위안화,7.1777,https://fred.stlouisfed.org/series/DEXCHUS
2023-06-26,위안화,7.2364,https://fred.stlouisfed.org/series/DEXCHUS
2023-06-27,위안화,7.2193,https://fred.stlouisfed.org/series/DEXCHUS
2023-06-28,위안화,7.2436,https://fred.stlouisfed.org/series/DEXCHUS
2023-06-29,위안화,7.2515,https://fred.stlouisfed.org/series/DEXCHUS
2023-06-30,위안화,7.2513,https://fred.stlouisfed.org/series/DEXCHUS
2023-07-03,위안화,7.24,https://fred.stlouisfed.org/series/DEXCHUS
2023-07-05,위안화,7.2465,https://fred.stlouisfed.org/series/DEXCHUS
2023-07-06,위안화,7.25,https://fred.stlouisfed.org/series/DEXCHUS
2023-07-07,위안화,7.2205,https://fred.stlouisfed.org/series/DEXCHUS
2023-07-10,위안화,7.2315,https://fred.stlouisfed.org/series/DEXCHUS
2023-07-11,위안화,7.209,https://fred.stlouisfed.org/series/DEXCHUS
2023-07-12,위안화,7.1656,https://fred.stlouisfed.org/series/DEXCHUS
2023-07-13,위안화,7.15,https://fred.stlouisfed.org/series/DEXCHUS
2023-07-14,위안화,7.1403,https://fred.stlouisfed.org/series/DEXCHUS
2023-07-17,위안화,7.1711,https://fred.stlouisfed.org/series/DEXCHUS
2023-07-18,위안화,7.1786,https://fred.stlouisfed.org/series/DEXCHUS
2023-07-19,위안화,7.226,https://fred.stlouisfed.org/series/DEXCHUS
2023-07-20,위안화,7.1761,https://fred.stlouisfed.org/series/DEXCHUS
2023-07-21,위안화,7.1861,https://fred.stlouisfed.org/series/DEXCHUS
2023-07-24,위안화,7.1855,https://fred.stlouisfed.org/series/DEXCHUS
2023-07-25,위안화,7.134,https://fred.stlouisfed.org/series/DEXCHUS
2023-07-26,위안화,7.1503,https://fred.stlouisfed.org/series/DEXCHUS
2023-07-27,위안화,7.173,https://fred.stlouisfed.org/series/DEXCHUS
2023-07-28,위안화,7.1488,https://fred.stlouisfed.org/series/DEXCHUS
2023-07-31,위안화,7.1426,https://fred.stlouisfed.org/series/DEXCHUS
2023-08-01,위안화,7.1775,https://fred.stlouisfed.org/series/DEXCHUS
2023-08-02,위안화,7.192,https://fred.stlouisfed.org/series/DEXCHUS
2023-08-03,위안화,7.1651,https://fred.stlouisfed.org/series/DEXCHUS
2023-08-04,위안화,7.1709,https://fred.stlouisfed.org/series/DEXCHUS
2023-08-07,위안화,7.1895,https://fred.stlouisfed.org/series/DEXCHUS
2023-08-08,위안화,7.216,https://fred.stlouisfed.org/series/DEXCHUS
2023-08-09,위안화,7.2085,https://fred.stlouisfed.org/series/DEXCHUS
2023-08-10,위안화,7.2165,https://fred.stlouisfed.org/series/DEXCHUS
2023-08-11,위안화,7.2367,https://fred.stlouisfed.org/series/DEXCHUS
2023-08-14,위안화,7.2585,https://fred.stlouisfed.org/series/DEXCHUS
2023-08-15,위안화,7.2817,https://fred.stlouisfed.org/series/DEXCHUS
2023-08-16,위안화,7.2985,https://fred.stlouisfed.org/series/DEXCHUS
2023-08-17,위안화,7.291,https://fred.stlouisfed.org/series/DEXCHUS
2023-08-18,위안화,7.28,https://fred.stlouisfed.org/series/DEXCHUS
2023-08-21,위안화,7.2865,https://fred.stlouisfed.org/series/DEXCHUS
2023-08-22,위안화,7.293,https://fred.stlouisfed.org/series/DEXCHUS
2023-08-23,위안화,7.2771,https://fred.stlouisfed.org/series/DEXCHUS
2023-08-24,위안화,7.2786,https://fred.stlouisfed.org/series/DEXCHUS
2023-08-25,위안화,7.289,https://fred.stlouisfed.org/series/DEXCHUS
2023-08-28,위안화,7.29,https://fred.stlouisfed.org/series/DEXCHUS
2023-08-29,위안화,7.2796,https://fred.stlouisfed.org/series/DEXCHUS
2023-08-30,위안화,7.2839,https://fred.stlouisfed.org/series/DEXCHUS
2023-08-31,위안화,7.2582,https://fred.stlouisfed.org/series/DEXCHUS
2023-09-01,위안화,7.2606,https://fred.stlouisfed.org/series/DEXCHUS
2023-09-05,위안화,7.3018,https://fred.stlouisfed.org/series/DEXCHUS
2023-09-06,위안화,7.316,https://fred.stlouisfed.org/series/DEXCHUS
2023-09-07,위안화,7.3287,https://fred.stlouisfed.org/series/DEXCHUS
2023-09-08,위안화,7.343,https://fred.stlouisfed.org/series/DEXCHUS
2023-09-11,위안화,7.2882,https://fred.stlouisfed.org/series/DEXCHUS
2023-09-12,위안화,7.2911,https://fred.stlouisfed.org/series/DEXCHUS
2023-09-13,위안화,7.27,https://fred.stlouisfed.org/series/DEXCHUS
2023-09-14,위안화,7.277,https://fred.stlouisfed.org/series/DEXCHUS
2023-09-15,위안화,7.2744,https://fred.stlouisfed.org/series/DEXCHUS
2023-09-18,위안화,7.2915,https://fred.stlouisfed.org/series/DEXCHUS
2023-09-19,위안화,7.2964,https://fred.stlouisfed.org/series/DEXCHUS
2023-09-20,위안화,7.287,https://fred.stlouisfed.org/series/DEXCHUS
2023-09-21,위안화,7.3066,https://fred.stlouisfed.org/series/DEXCHUS
2023-09-22,위안화,7.298,https://fred.stlouisfed.org/series/DEXCHUS
2023-09-25,위안화,7.311,https://fred.stlouisfed.org/series/DEXCHUS
2023-09-26,위안화,7.31,https://fred.stlouisfed.org/series/DEXCHUS
2023-09-27,위안화,7.3105,https://fred.stlouisfed.org/series/DEXCHUS
2023-09-28,위안화,7.301,https://fred.stlouisfed.org/series/DEXCHUS
2023-09-29,위안화,7.296,https://fred.stlouisfed.org/series/DEXCHUS
2023-10-02,위안화,7.296,https://fred.stlouisfed.org/series/DEXCHUS
2023-10-03,위안화,7.296,https://fred.stlouisfed.org/series/DEXCHUS
2023-10-04,위안화,7.296,https://fred.stlouisfed.org/series/DEXCHUS
2023-10-05,위안화,7.296,https://fred.stlouisfed.org/series/DEXCHUS
2023-10-06,위안화,7.296,https://fred.stlouisfed.org/series/DEXCHUS
2023-10-10,위안화,7.2948,https://fred.stlouisfed.org/series/DEXCHUS
2023-10-11,위안화,7.2992,https://fred.stlouisfed.org/series/DEXCHUS
2023-10-12,위안화,7.3019,https://fred.stlouisfed.org/series/DEXCHUS
2023-10-13,위안화,7.3049,https://fred.stlouisfed.org/series/DEXCHUS
2023-10-16,위안화,7.3105,https://fred.stlouisfed.org/series/DEXCHUS
2023-10-17,위안화,7.3105,https://fred.stlouisfed.org/series/DEXCHUS
2023-10-18,위안화,7.3161,https://fred.stlouisfed.org/series/DEXCHUS
2023-10-19,위안화,7.3126,https://fred.stlouisfed.org/series/DEXCHUS
2023-10-20,위안화,7.3155,https://fred.stlouisfed.org/series/DEXCHUS
2023-10-23,위안화,7.3158,https://fred.stlouisfed.org/series/DEXCHUS
2023-10-24,위안화,7.309,https://fred.stlouisfed.org/series/DEXCHUS
2023-10-25,위안화,7.3165,https://fred.stlouisfed.org/series/DEXCHUS
2023-10-26,위안화,7.315,https://fred.stlouisfed.org/series/DEXCHUS
2023-10-27,위안화,7.3171,https://fred.stlouisfed.org/series/DEXCHUS
2023-10-30,위안화,7.3133,https://fred.stlouisfed.org/series/DEXCHUS
2023-10-31,위안화,7.3166,https://fred.stlouisfed.org/series/DEXCHUS
2023-11-01,위안화,7.3175,https://fred.stlouisfed.org/series/DEXCHUS
2023-11-02,위안화,7.316,https://fred.stlouisfed.org/series/DEXCHUS
2023-11-03,위안화,7.3005,https://fred.stlouisfed.org/series/DEXCHUS
2023-11-06,위안화,7.2695,https://fred.stlouisfed.org/series/DEXCHUS
2023-11-07,위안화,7.2788,https://fred.stlouisfed.org/series/DEXCHUS
2023-11-08,위안화,7.28,https://fred.stlouisfed.org/series/DEXCHUS
2023-11-09,위안화,7.2835,https://fred.stlouisfed.org/series/DEXCHUS
2023-11-13,위안화,7.289,https://fred.stlouisfed.org/series/DEXCHUS
2023-11-14,위안화,7.253,https://fred.stlouisfed.org/series/DEXCHUS
2023-11-15,위안화,7.2466,https://fred.stlouisfed.org/series/DEXCHUS
2023-11-16,위안화,7.2416,https://fred.stlouisfed.org/series/DEXCHUS
2023-11-17,위안화,7.212,https://fred.stlouisfed.org/series/DEXCHUS
2023-11-20,위안화,7.168,https://fred.stlouisfed.org/series/DEXCHUS
2023-11-21,위안화,7.1352,https://fred.stlouisfed.org/series/DEXCHUS
2023-11-22,위안화,7.155,https://fred.stlouisfed.org/series/DEXCHUS
2023-11-24,위안화,7.1488,https://fred.stlouisfed.org/series/DEXCHUS
2023-11-27,위안화,7.1528,https://fred.stlouisfed.org/series/DEXCHUS
2023-11-28,위안화,7.138,https://fred.stlouisfed.org/series/DEXCHUS
2023-11-29,위안화,7.13,https://fred.stlouisfed.org/series/DEXCHUS
2023-11-30,위안화,7.136,https://fred.stlouisfed.org/series/DEXCHUS
2023-12-01,위안화,7.1386,https://fred.stlouisfed.org/series/DEXCHUS
2023-12-04,위안화,7.1424,https://fred.stlouisfed.org/series/DEXCHUS
2023-12-05,위안화,7.1444,https://fred.stlouisfed.org/series/DEXCHUS
2023-12-06,위안화,7.158,https://fred.stlouisfed.org/series/DEXCHUS
2023-12-07,위안화,7.1515,https://fred.stlouisfed.org/series/DEXCHUS
2023-12-08,위안화,7.1645,https://fred.stlouisfed.org/series/DEXCHUS
2023-12-11,위안화,7.1765,https://fred.stlouisfed.org/series/DEXCHUS
2023-12-12,위안화,7.1755,https://fred.stlouisfed.org/series/DEXCHUS
2023-12-13,위안화,7.1725,https://fred.stlouisfed.org/series/DEXCHUS
2023-12-14,위안화,7.1088,https://fred.stlouisfed.org/series/DEXCHUS
2023-12-15,위안화,7.1179,https://fred.stlouisfed.org/series/DEXCHUS
2023-12-18,위안화,7.1297,https://fred.stlouisfed.org/series/DEXCHUS
2023-12-19,위안화,7.1287,https://fred.stlouisfed.org/series/DEXCHUS
2023-12-20,위안화,7.1355,https://fred.stlouisfed.org/series/DEXCHUS
2023-12-21,위안화,7.1381,https://fred.stlouisfed.org/series/DEXCHUS
2023-12-22,위안화,7.1315,https://fred.stlouisfed.org/series/DEXCHUS
2023-12-26,위안화,7.1432,https://fred.stlouisfed.org/series/DEXCHUS
2023-12-27,위안화,7.1405,https://fred.stlouisfed.org/series/DEXCHUS
2023-12-28,위안화,7.1065,https://fred.stlouisfed.org/series/DEXCHUS
2023-12-29,위안화,7.0999,https://fred.stlouisfed.org/series/DEXCHUS
2024-01-02,위안화,7.1426,https://fred.stlouisfed.org/series/DEXCHUS
2024-01-03,위안화,7.1497,https://fred.stlouisfed.org/series/DEXCHUS
2024-01-04,위안화,7.1589,https://fred.stlouisfed.org/series/DEXCHUS
2024-01-05,위안화,7.145,https://fred.stlouisfed.org/series/DEXCHUS
2024-01-08,위안화,7.154,https://fred.stlouisfed.org/series/DEXCHUS
2024-01-09,위안화,7.1675,https://fred.stlouisfed.org/series/DEXCHUS
2024-01-10,위안화,7.1711,https://fred.stlouisfed.org/series/DEXCHUS
2024-01-11,위안화,7.167,https://fred.stlouisfed.org/series/DEXCHUS
2024-01-12,위안화,7.1665,https://fred.stlouisfed.org/series/DEXCHUS
2024-01-16,위안화,7.1874,https://fred.stlouisfed.org/series/DEXCHUS
2024-01-17,위안화,7.196,https://fred.stlouisfed.org/series/DEXCHUS
2024-01-18,위안화,7.1961,https://fred.stlouisfed.org/series/DEXCHUS
2024-01-19,위안화,7.1931,https://fred.stlouisfed.org/series/DEXCHUS
2024-01-22,위안화,7.192,https://fred.stlouisfed.org/series/DEXCHUS
2024-01-23,위안화,7.172,https://fred.stlouisfed.org/series/DEXCHUS
2024-01-24,위안화,7.158,https://fred.stlouisfed.org/series/DEXCHUS
2024-01-25,위안화,7.169,https://fred.stlouisfed.org/series/DEXCHUS
2024-01-26,위안화,7.1763,https://fred.stlouisfed.org/series/DEXCHUS
2024-01-29,위안화,7.1798,https://fred.stlouisfed.org/series/DEXCHUS
2024-01-30,위안화,7.1755,https://fred.stlouisfed.org/series/DEXCHUS
2024-01-31,위안화,7.1673,https://fred.stlouisfed.org/series/DEXCHUS
2024-02-01,위안화,7.1799,https://fred.stlouisfed.org/series/DEXCHUS
2024-02-02,위안화,7.192,https://fred.stlouisfed.org/series/DEXCHUS
2024-02-05,위안화,7.1982,https://fred.stlouisfed.org/series/DEXCHUS
2024-02-06,위안화,7.1908,https://fred.stlouisfed.org/series/DEXCHUS
2024-02-07,위안화,7.1943,https://fred.stlouisfed.org/series/DEXCHUS
2024-02-08,위안화,7.1965,https://fred.stlouisfed.org/series/DEXCHUS
2024-02-09,위안화,7.1929,https://fred.stlouisfed.org/series/DEXCHUS
2024-02-12,위안화,7.1928,https://fred.stlouisfed.org/series/DEXCHUS
2024-02-13,위안화,7.1928,https://fred.stlouisfed.org/series/DEXCHUS
2024-02-14,위안화,7.1928,https://fred.stlouisfed.org/series/DEXCHUS
2024-02-15,위안화,7.1928,https://fred.stlouisfed.org/series/DEXCHUS
2024-02-16,위안화,7.1928,https://fred.stlouisfed.org/series/DEXCHUS
2024-02-20,위안화,7.1905,https://fred.stlouisfed.org/series/DEXCHUS
2024-02-21,위안화,7.1891,https://fred.stlouisfed.org/series/DEXCHUS
2024-02-22,위안화,7.1944,https://fred.stlouisfed.org/series/DEXCHUS
2024-02-23,위안화,7.197,https://fred.stlouisfed.org/series/DEXCHUS
2024-02-26,위안화,7.1972,https://fred.stlouisfed.org/series/DEXCHUS
2024-02-27,위안화,7.1977,https://fred.stlouisfed.org/series/DEXCHUS
2024-02-28,위안화,7.1976,https://fred.stlouisfed.org/series/DEXCHUS
2024-02-29,위안화,7.1977,https://fred.stlouisfed.org/series/DEXCHUS
2024-03-01,위안화,7.196,https://fred.stlouisfed.org/series/DEXCHUS
2024-03-04,위안화,7.1987,https://fred.stlouisfed.org/series/DEXCHUS
2024-03-05,위안화,7.1965,https://fred.stlouisfed.org/series/DEXCHUS
2024-03-06,위안화,7.1977,https://fred.stlouisfed.org/series/DEXCHUS
2024-03-07,위안화,7.1925,https://fred.stlouisfed.org/series/DEXCHUS
2024-03-08,위안화,7.1855,https://fred.stlouisfed.org/series/DEXCHUS
2024-03-11,위안화,7.182,https://fred.stlouisfed.org/series/DEXCHUS
2024-03-12,위안화,7.1804,https://fred.stlouisfed.org/series/DEXCHUS
2024-03-13,위안화,7.1875,https://fred.stlouisfed.org/series/DEXCHUS
2024-03-14,위안화,7.1932,https://fred.stlouisfed.org/series/DEXCHUS
2024-03-15,위안화,7.1953,https://fred.stlouisfed.org/series/DEXCHUS
2024-03-18,위안화,7.1981,https://fred.stlouisfed.org/series/DEXCHUS
2024-03-19,위안화,7.1991,https://fred.stlouisfed.org/series/DEXCHUS
2024-03-20,위안화,7.1992,https://fred.stlouisfed.org/series/DEXCHUS
2024-03-21,위안화,7.1993,https://fred.stlouisfed.org/series/DEXCHUS
2024-03-22,위안화,7.2289,https://fred.stlouisfed.org/series/DEXCHUS
2024-03-25,위안화,7.2102,https://fred.stlouisfed.org/series/DEXCHUS
2024-03-26,위안화,7.2176,https://fred.stlouisfed.org/series/DEXCHUS
2024-03-27,위안화,7.227,https://fred.stlouisfed.org/series/DEXCHUS
2024-03-28,위안화,7.2262,https://fred.stlouisfed.org/series/DEXCHUS
2024-03-29,위안화,7.2203,https://fred.stlouisfed.org/series/DEXCHUS
2024-04-01,위안화,7.2308,https://fred.stlouisfed.org/series/DEXCHUS
2024-04-02,위안화,7.232,https://fred.stlouisfed.org/series/DEXCHUS
2024-04-03,위안화,7.233,https://fred.stlouisfed.org/series/DEXCHUS
2024-04-04,위안화,7.2339,https://fred.stlouisfed.org/series/DEXCHUS
2024-04-05,위안화,7.2339,https://fred.stlouisfed.org/series/DEXCHUS
2024-04-08,위안화,7.2305,https://fred.stlouisfed.org/series/DEXCHUS
2024-04-09,위안화,7.2316,https://fred.stlouisfed.org/series/DEXCHUS
2024-04-10,위안화,7.2341,https://fred.stlouisfed.org/series/DEXCHUS
2024-04-11,위안화,7.2373,https://fred.stlouisfed.org/series/DEXCHUS
2024-04-12,위안화,7.2374,https://fred.stlouisfed.org/series/DEXCHUS
2024-04-15,위안화,7.2382,https://fred.stlouisfed.org/series/DEXCHUS
2024-04-16,위안화,7.2383,https://fred.stlouisfed.org/series/DEXCHUS
2024-04-17,위안화,7.2389,https://fred.stlouisfed.org/series/DEXCHUS
2024-04-18,위안화,7.2382,https://fred.stlouisfed.org/series/DEXCHUS
2024-04-19,위안화,7.2403,https://fred.stlouisfed.org/series/DEXCHUS
2024-04-22,위안화,7.2403,https://fred.stlouisfed.org/series/DEXCHUS
2024-04-23,위안화,7.2445,https://fred.stlouisfed.org/series/DEXCHUS
2024-04-24,위안화,7.246,https://fred.stlouisfed.org/series/DEXCHUS
2024-04-25,위안화,7.246,https://fred.stlouisfed.org/series/DEXCHUS
2024-04-26,위안화,7.2464,https://fred.stlouisfed.org/series/DEXCHUS
2024-04-29,위안화,7.2318,https://fred.stlouisfed.org/series/DEXCHUS
2024-04-30,위안화,7.2401,https://fred.stlouisfed.org/series/DEXCHUS
2024-05-01,위안화,7.2405,https://fred.stlouisfed.org/series/DEXCHUS
2024-05-02,위안화,7.2405,https://fred.stlouisfed.org/series/DEXCHUS
2024-05-03,위안화,7.2405,https://fred.stlouisfed.org/series/DEXCHUS
2024-05-06,위안화,7.2071,https://fred.stlouisfed.org/series/DEXCHUS
2024-05-07,위안화,7.2185,https://fred.stlouisfed.org/series/DEXCHUS
2024-05-08,위안화,7.2185,https://fred.stlouisfed.org/series/DEXCHUS
2024-05-09,위안화,7.2198,https://fred.stlouisfed.org/series/DEXCHUS
2024-05-10,위안화,7.226,https://fred.stlouisfed.org/series/DEXCHUS
2024-05-13,위안화,7.2325,https://fred.stlouisfed.org/series/DEXCHUS
2024-05-14,위안화,7.2335,https://fred.stlouisfed.org/series/DEXCHUS
2024-05-15,위안화,7.219,https://fred.stlouisfed.org/series/DEXCHUS
2024-05-16,위안화,7.2181,https://fred.stlouisfed.org/series/DEXCHUS
2024-05-17,위안화,7.2233,https://fred.stlouisfed.org/series/DEXCHUS
2024-05-20,위안화,7.2344,https://fred.stlouisfed.org/series/DEXCHUS
2024-05-21,위안화,7.2376,https://fred.stlouisfed.org/series/DEXCHUS
2024-05-22,위안화,7.2405,https://fred.stlouisfed.org/series/DEXCHUS
2024-05-23,위안화,7.2421,https://fred.stlouisfed.org/series/DEXCHUS
2024-05-24,위안화,7.2425,https://fred.stlouisfed.org/series/DEXCHUS
2024-05-28,위안화,7.2451,https://fred.stlouisfed.org/series/DEXCHUS
2024-05-29,위안화,7.2494,https://fred.stlouisfed.org/series/DEXCHUS
2024-05-30,위안화,7.2493,https://fred.stlouisfed.org/series/DEXCHUS
2024-05-31,위안화,7.241,https://fred.stlouisfed.org/series/DEXCHUS
2024-06-03,위안화,7.242,https://fred.stlouisfed.org/series/DEXCHUS
2024-06-04,위안화,7.2393,https://fred.stlouisfed.org/series/DEXCHUS
2024-06-05,위안화,7.2475,https://fred.stlouisfed.org/series/DEXCHUS
2024-06-06,위안화,7.2451,https://fred.stlouisfed.org/series/DEXCHUS
2024-06-07,위안화,7.2466,https://fred.stlouisfed.org/series/DEXCHUS
2024-06-10,위안화,7.2475,https://fred.stlouisfed.org/series/DEXCHUS
2024-06-11,위안화,7.2544,https://fred.stlouisfed.org/series/DEXCHUS
2024-06-12,위안화,7.2544,https://fred.stlouisfed.org/series/DEXCHUS
2024-06-13,위안화,7.2519,https://fred.stlouisfed.org/series/DEXCHUS
2024-06-14,위안화,7.2557,https://fred.stlouisfed.org/series/DEXCHUS
2024-06-17,위안화,7.2561,https://fred.stlouisfed.org/series/DEXCHUS
2024-06-18,위안화,7.2543,https://fred.stlouisfed.org/series/DEXCHUS
2024-06-20,위안화,7.2604,https://fred.stlouisfed.org/series/DEXCHUS
2024-06-21,위안화,7.2609,https://fred.stlouisfed.org/series/DEXCHUS
2024-06-24,위안화,7.2586,https://fred.stlouisfed.org/series/DEXCHUS
2024-06-25,위안화,7.2629,https://fred.stlouisfed.org/series/DEXCHUS
2024-06-26,위안화,7.2666,https://fred.stlouisfed.org/series/DEXCHUS
2024-06-27,위안화,7.2688,https://fred.stlouisfed.org/series/DEXCHUS
2024-06-28,위안화,7.2672,https://fred.stlouisfed.org/series/DEXCHUS
2024-07-01,위안화,7.2683,https://fred.stlouisfed.org/series/DEXCHUS
2024-07-02,위안화,7.2712,https://fred.stlouisfed.org/series/DEXCHUS
2024-07-03,위안화,7.2699,https://fred.stlouisfed.org/series/DEXCHUS
2024-07-05,위안화,7.268,https://fred.stlouisfed.org/series/DEXCHUS
2024-07-08,위안화,7.2683,https://fred.stlouisfed.org/series/DEXCHUS
2024-07-09,위안화,7.2725,https://fred.stlouisfed.org/series/DEXCHUS
2024-07-10,위안화,7.2758,https://fred.stlouisfed.org/series/DEXCHUS
2024-07-11,위안화,7.2573,https://fred.stlouisfed.org/series/DEXCHUS
2024-07-12,위안화,7.2495,https://fred.stlouisfed.org/series/DEXCHUS
2024-07-15,위안화,7.2592,https://fred.stlouisfed.org/series/DEXCHUS
2024-07-16,위안화,7.2685,https://fred.stlouisfed.org/series/DEXCHUS
2024-07-17,위안화,7.2607,https://fred.stlouisfed.org/series/DEXCHUS
2024-07-18,위안화,7.26,https://fred.stlouisfed.org/series/DEXCHUS
2024-07-19,위안화,7.2695,https://fred.stlouisfed.org/series/DEXCHUS
2024-07-22,위안화,7.2736,https://fred.stlouisfed.org/series/DEXCHUS
2024-07-23,위안화,7.2748,https://fred.stlouisfed.org/series/DEXCHUS
2024-07-24,위안화,7.2622,https://fred.stlouisfed.org/series/DEXCHUS
2024-07-25,위안화,7.231,https://fred.stlouisfed.org/series/DEXCHUS
2024-07-26,위안화,7.2502,https://fred.stlouisfed.org/series/DEXCHUS
2024-07-29,위안화,7.2597,https://fred.stlouisfed.org/series/DEXCHUS
2024-07-30,위안화,7.2511,https://fred.stlouisfed.org/series/DEXCHUS
2024-07-31,위안화,7.2193,https://fred.stlouisfed.org/series/DEXCHUS
2024-08-01,위안화,7.2441,https://fred.stlouisfed.org/series/DEXCHUS
2024-08-02,위안화,7.16,https://fred.stlouisfed.org/series/DEXCHUS
2024-08-05,위안화,7.13,https://fred.stlouisfed.org/series/DEXCHUS
2024-08-06,위안화,7.1563,https://fred.stlouisfed.org/series/DEXCHUS
2024-08-07,위안화,7.176,https://fred.stlouisfed.org/series/DEXCHUS
2024-08-08,위안화,7.1747,https://fred.stlouisfed.org/series/DEXCHUS
2024-08-09,위안화,7.166,https://fred.stlouisfed.org/series/DEXCHUS
2024-08-12,위안화,7.1744,https://fred.stlouisfed.org/series/DEXCHUS
2024-08-13,위안화,7.1558,https://fred.stlouisfed.org/series/DEXCHUS
2024-08-14,위안화,7.1382,https://fred.stlouisfed.org/series/DEXCHUS
2024-08-15,위안화,7.1734,https://fred.stlouisfed.org/series/DEXCHUS
2024-08-16,위안화,7.1644,https://fred.stlouisfed.org/series/DEXCHUS
2024-08-19,위안화,7.1393,https://fred.stlouisfed.org/series/DEXCHUS
2024-08-20,위안화,7.132,https://fred.stlouisfed.org/series/DEXCHUS
2024-08-21,위안화,7.1344,https://fred.stlouisfed.org/series/DEXCHUS
2024-08-22,위안화,7.144,https://fred.stlouisfed.org/series/DEXCHUS
2024-08-23,위안화,7.1244,https://fred.stlouisfed.org/series/DEXCHUS
2024-08-26,위안화,7.1212,https://fred.stlouisfed.org/series/DEXCHUS
2024-08-27,위안화,7.1244,https://fred.stlouisfed.org/series/DEXCHUS
2024-08-28,위안화,7.1245,https://fred.stlouisfed.org/series/DEXCHUS
2024-08-29,위안화,7.0972,https://fred.stlouisfed.org/series/DEXCHUS
2024-08-30,위안화,7.09,https://fred.stlouisfed.org/series/DEXCHUS
2024-09-03,위안화,7.1209,https://fred.stlouisfed.org/series/DEXCHUS
2024-09-04,위안화,7.1119,https://fred.stlouisfed.org/series/DEXCHUS
2024-09-05,위안화,7.0921,https://fred.stlouisfed.org/series/DEXCHUS
2024-09-06,위안화,7.0876,https://fred.stlouisfed.org/series/DEXCHUS
2024-09-09,위안화,7.1133,https://fred.stlouisfed.org/series/DEXCHUS
2024-09-10,위안화,7.1205,https://fred.stlouisfed.org/series/DEXCHUS
2024-09-11,위안화,7.1192,https://fred.stlouisfed.org/series/DEXCHUS
2024-09-12,위안화,7.1173,https://fred.stlouisfed.org/series/DEXCHUS
2024-09-13,위안화,7.093,https://fred.stlouisfed.org/series/DEXCHUS
2024-09-16,위안화,7.0958,https://fred.stlouisfed.org/series/DEXCHUS
2024-09-17,위안화,7.0958,https://fred.stlouisfed.org/series/DEXCHUS
2024-09-18,위안화,7.0812,https://fred.stlouisfed.org/series/DEXCHUS
2024-09-19,위안화,7.0675,https://fred.stlouisfed.org/series/DEXCHUS
2024-09-20,위안화,7.0505,https://fred.stlouisfed.org/series/DEXCHUS
2024-09-23,위안화,7.0508,https://fred.stlouisfed.org/series/DEXCHUS
2024-09-24,위안화,7.0318,https://fred.stlouisfed.org/series/DEXCHUS
2024-09-25,위안화,7.0315,https://fred.stlouisfed.org/series/DEXCHUS
2024-09-26,위안화,7.0106,https://fred.stlouisfed.org/series/DEXCHUS
2024-09-27,위안화,7.0111,https://fred.stlouisfed.org/series/DEXCHUS
2024-09-30,위안화,7.0176,https://fred.stlouisfed.org/series/DEXCHUS
2024-10-01,위안화,7.0175,https://fred.stlouisfed.org/series/DEXCHUS
2024-10-02,위안화,7.0175,https://fred.stlouisfed.org/series/DEXCHUS
2024-10-03,위안화,7.0175,https://fred.stlouisfed.org/series/DEXCHUS
2024-10-04,위안화,7.0175,https://fred.stlouisfed.org/series/DEXCHUS
2024-10-07,위안화,7.0175,https://fred.stlouisfed.org/series/DEXCHUS
2024-10-08,위안화,7.0595,https://fred.stlouisfed.org/series/DEXCHUS
2024-10-09,위안화,7.0818,https://fred.stlouisfed.org/series/DEXCHUS
2024-10-10,위안화,7.0794,https://fred.stlouisfed.org/series/DEXCHUS
2024-10-11,위안화,7.0667,https://fred.stlouisfed.org/series/DEXCHUS
2024-10-15,위안화,7.1192,https://fred.stlouisfed.org/series/DEXCHUS
2024-10-16,위안화,7.1192,https://fred.stlouisfed.org/series/DEXCHUS
2024-10-17,위안화,7.1216,https://fred.stlouisfed.org/series/DEXCHUS
2024-10-18,위안화,7.1015,https://fred.stlouisfed.org/series/DEXCHUS
2024-10-21,위안화,7.1189,https://fred.stlouisfed.org/series/DEXCHUS
2024-10-22,위안화,7.123,https://fred.stlouisfed.org/series/DEXCHUS
2024-10-23,위안화,7.1252,https://fred.stlouisfed.org/series/DEXCHUS
2024-10-24,위안화,7.119,https://fred.stlouisfed.org/series/DEXCHUS
2024-10-25,위안화,7.1199,https://fred.stlouisfed.org/series/DEXCHUS
2024-10-28,위안화,7.1254,https://fred.stlouisfed.org/series/DEXCHUS
2024-10-29,위안화,7.1301,https://fred.stlouisfed.org/series/DEXCHUS
2024-10-30,위안화,7.1229,https://fred.stlouisfed.org/series/DEXCHUS
2024-10-31,위안화,7.1178,https://fred.stlouisfed.org/series/DEXCHUS
2024-11-01,위안화,7.1214,https://fred.stlouisfed.org/series/DEXCHUS
2024-11-04,위안화,7.0995,https://fred.stlouisfed.org/series/DEXCHUS
2024-11-05,위안화,7.1047,https://fred.stlouisfed.org/series/DEXCHUS
2024-11-06,위안화,7.1782,https://fred.stlouisfed.org/series/DEXCHUS
2024-11-07,위안화,7.1412,https://fred.stlouisfed.org/series/DEXCHUS
2024-11-08,위안화,7.1785,https://fred.stlouisfed.org/series/DEXCHUS
2024-11-12,위안화,7.232,https://fred.stlouisfed.org/series/DEXCHUS
2024-11-13,위안화,7.2245,https://fred.stlouisfed.org/series/DEXCHUS
2024-11-14,위안화,7.2272,https://fred.stlouisfed.org/series/DEXCHUS
2024-11-15,위안화,7.2288,https://fred.stlouisfed.org/series/DEXCHUS
2024-11-18,위안화,7.2364,https://fred.stlouisfed.org/series/DEXCHUS
2024-11-19,위안화,7.2392,https://fred.stlouisfed.org/series/DEXCHUS
2024-11-20,위안화,7.2459,https://fred.stlouisfed.org/series/DEXCHUS
2024-11-21,위안화,7.2368,https://fred.stlouisfed.org/series/DEXCHUS
2024-11-22,위안화,7.2455,https://fred.stlouisfed.org/series/DEXCHUS
2024-11-25,위안화,7.2395,https://fred.stlouisfed.org/series/DEXCHUS
2024-11-26,위안화,7.252,https://fred.stlouisfed.org/series/DEXCHUS
2024-11-27,위안화,7.2458,https://fred.stlouisfed.org/series/DEXCHUS
2024-11-29,위안화,7.2423,https://fred.stlouisfed.org/series/DEXCHUS
2024-12-02,위안화,7.2714,https://fred.stlouisfed.org/series/DEXCHUS
2024-12-03,위안화,7.2858,https://fred.stlouisfed.org/series/DEXCHUS
2024-12-04,위안화,7.2632,https://fred.stlouisfed.org/series/DEXCHUS
2024-12-05,위안화,7.2558,https://fred.stlouisfed.org/series/DEXCHUS
2024-12-06,위안화,7.27,https://fred.stlouisfed.org/series/DEXCHUS
2024-12-09,위안화,7.2604,https://fred.stlouisfed.org/series/DEXCHUS
2024-12-10,위안화,7.25,https://fred.stlouisfed.org/series/DEXCHUS
2024-12-11,위안화,7.2605,https://fred.stlouisfed.org/series/DEXCHUS
2024-12-12,위안화,7.2685,https://fred.stlouisfed.org/series/DEXCHUS
2024-12-13,위안화,7.2756,https://fred.stlouisfed.org/series/DEXCHUS
2024-12-16,위안화,7.2836,https://fred.stlouisfed.org/series/DEXCHUS
2024-12-17,위안화,7.2846,https://fred.stlouisfed.org/series/DEXCHUS
2024-12-18,위안화,7.2864,https://fred.stlouisfed.org/series/DEXCHUS
2024-12-19,위안화,7.2965,https://fred.stlouisfed.org/series/DEXCHUS
2024-12-20,위안화,7.2953,https://fred.stlouisfed.org/series/DEXCHUS
2024-12-23,위안화,7.2977,https://fred.stlouisfed.org/series/DEXCHUS
2024-12-24,위안화,7.2946,https://fred.stlouisfed.org/series/DEXCHUS
2024-12-26,위안화,7.2981,https://fred.stlouisfed.org/series/DEXCHUS
2024-12-27,위안화,7.298,https://fred.stlouisfed.org/series/DEXCHUS
2024-12-30,위안화,7.2993,https://fred.stlouisfed.org/series/DEXCHUS
2024-12-31,위안화,7.2993,https://fred.stlouisfed.org/series/DEXCHUS
2025-01-02,위안화,7.2994,https://fred.stlouisfed.org/series/DEXCHUS
2025-01-03,위안화,7.3199,https://fred.stlouisfed.org/series/DEXCHUS
2025-01-06,위안화,7.3223,https://fred.stlouisfed.org/series/DEXCHUS
2025-01-07,위안화,7.3264,https://fred.stlouisfed.org/series/DEXCHUS
2025-01-08,위안화,7.3316,https://fred.stlouisfed.org/series/DEXCHUS
2025-01-09,위안화,7.3321,https://fred.stlouisfed.org/series/DEXCHUS
2025-01-10,위안화,7.3326,https://fred.stlouisfed.org/series/DEXCHUS
2025-01-13,위안화,7.3319,https://fred.stlouisfed.org/series/DEXCHUS
2025-01-14,위안화,7.3311,https://fred.stlouisfed.org/series/DEXCHUS
2025-01-15,위안화,7.3304,https://fred.stlouisfed.org/series/DEXCHUS
2025-01-16,위안화,7.3316,https://fred.stlouisfed.org/series/DEXCHUS
2025-01-17,위안화,7.3249,https://fred.stlouisfed.org/series/DEXCHUS
2025-01-21,위안화,7.2712,https://fred.stlouisfed.org/series/DEXCHUS
2025-01-22,위안화,7.2728,https://fred.stlouisfed.org/series/DEXCHUS
2025-01-23,위안화,7.288,https://fred.stlouisfed.org/series/DEXCHUS
2025-01-24,위안화,7.244,https://fred.stlouisfed.org/series/DEXCHUS
2025-01-27,위안화,7.2507,https://fred.stlouisfed.org/series/DEXCHUS
2025-01-28,위안화,7.2422,https://fred.stlouisfed.org/series/DEXCHUS
2025-01-29,위안화,7.2422,https://fred.stlouisfed.org/series/DEXCHUS
2025-01-30,위안화,7.2422,https://fred.stlouisfed.org/series/DEXCHUS
2025-01-31,위안화,7.2422,https://fred.stlouisfed.org/series/DEXCHUS
2025-02-03,위안화,7.2422,https://fred.stlouisfed.org/series/DEXCHUS
2025-02-04,위안화,7.2422,https://fred.stlouisfed.org/series/DEXCHUS
2025-02-05,위안화,7.272,https://fred.stlouisfed.org/series/DEXCHUS
2025-02-06,위안화,7.2883,https://fred.stlouisfed.org/series/DEXCHUS
2025-02-07,위안화,7.2943,https://fred.stlouisfed.org/series/DEXCHUS
2025-02-10,위안화,7.3045,https://fred.stlouisfed.org/series/DEXCHUS
2025-02-11,위안화,7.3072,https://fred.stlouisfed.org/series/DEXCHUS
2025-02-12,위안화,7.3088,https://fred.stlouisfed.org/series/DEXCHUS
2025-02-13,위안화,7.2888,https://fred.stlouisfed.org/series/DEXCHUS
2025-02-14,위안화,7.253,https://fred.stlouisfed.org/series/DEXCHUS
2025-02-18,위안화,7.2786,https://fred.stlouisfed.org/series/DEXCHUS
2025-02-19,위안화,7.2833,https://fred.stlouisfed.org/series/DEXCHUS
2025-02-20,위안화,7.2555,https://fred.stlouisfed.org/series/DEXCHUS
2025-02-21,위안화,7.2501,https://fred.stlouisfed.org/series/DEXCHUS
2025-02-24,위안화,7.2476,https://fred.stlouisfed.org/series/DEXCHUS
2025-02-25,위안화,7.2512,https://fred.stlouisfed.org/series/DEXCHUS
2025-02-26,위안화,7.2595,https://fred.stlouisfed.org/series/DEXCHUS
2025-02-27,위안화,7.2853,https://fred.stlouisfed.org/series/DEXCHUS
2025-02-28,위안화,7.2828,https://fred.stlouisfed.org/series/DEXCHUS
2025-03-03,위안화,7.2843,https://fred.stlouisfed.org/series/DEXCHUS
2025-03-04,위안화,7.2651,https://fred.stlouisfed.org/series/DEXCHUS
2025-03-05,위안화,7.2506,https://fred.stlouisfed.org/series/DEXCHUS
2025-03-06,위안화,7.2468,https://fred.stlouisfed.org/series/DEXCHUS
2025-03-07,위안화,7.234,https://fred.stlouisfed.org/series/DEXCHUS
2025-03-10,위안화,7.2591,https://fred.stlouisfed.org/series/DEXCHUS
2025-03-11,위안화,7.2278,https://fred.stlouisfed.org/series/DEXCHUS
2025-03-12,위안화,7.2372,https://fred.stlouisfed.org/series/DEXCHUS
2025-03-13,위안화,7.2439,https://fred.stlouisfed.org/series/DEXCHUS
2025-03-14,위안화,7.2377,https://fred.stlouisfed.org/series/DEXCHUS
2025-03-17,위안화,7.2327,https://fred.stlouisfed.org/series/DEXCHUS
2025-03-18,위안화,7.2273,https://fred.stlouisfed.org/series/DEXCHUS
2025-03-19,위안화,7.23,https://fred.stlouisfed.org/series/DEXCHUS
2025-03-20,위안화,7.2477,https://fred.stlouisfed.org/series/DEXCHUS
2025-03-21,위안화,7.2486,https://fred.stlouisfed.org/series/DEXCHUS
2025-03-24,위안화,7.2531,https://fred.stlouisfed.org/series/DEXCHUS
2025-03-25,위안화,7.2569,https://fred.stlouisfed.org/series/DEXCHUS
2025-03-26,위안화,7.2675,https://fred.stlouisfed.org/series/DEXCHUS
2025-03-27,위안화,7.2645,https://fred.stlouisfed.org/series/DEXCHUS
2025-03-28,위안화,7.2628,https://fred.stlouisfed.org/series/DEXCHUS
2025-03-31,위안화,7.2567,https://fred.stlouisfed.org/series/DEXCHUS
2025-04-01,위안화,7.2697,https://fred.stlouisfed.org/series/DEXCHUS
2025-04-02,위안화,7.2675,https://fred.stlouisfed.org/series/DEXCHUS
2025-04-03,위안화,7.2813,https://fred.stlouisfed.org/series/DEXCHUS
2025-04-04,위안화,7.2803,https://fred.stlouisfed.org/series/DEXCHUS
2025-04-07,위안화,7.3081,https://fred.stlouisfed.org/series/DEXCHUS
2025-04-08,위안화,7.3388,https://fred.stlouisfed.org/series/DEXCHUS
2025-04-09,위안화,7.3499,https://fred.stlouisfed.org/series/DEXCHUS
2025-04-10,위안화,7.314,https://fred.stlouisfed.org/series/DEXCHUS
2025-04-11,위안화,7.2915,https://fred.stlouisfed.org/series/DEXCHUS
2025-04-14,위안화,7.3119,https://fred.stlouisfed.org/series/DEXCHUS
2025-04-15,위안화,7.315,https://fred.stlouisfed.org/series/DEXCHUS
2025-04-16,위안화,7.3053,https://fred.stlouisfed.org/series/DEXCHUS
2025-04-17,위안화,7.299,https://fred.stlouisfed.org/series/DEXCHUS
2025-04-18,위안화,7.2996,https://fred.stlouisfed.org/series/DEXCHUS
2025-04-21,위안화,7.2914,https://fred.stlouisfed.org/series/DEXCHUS
2025-04-22,위안화,7.3118,https://fred.stlouisfed.org/series/DEXCHUS
2025-04-23,위안화,7.286,https://fred.stlouisfed.org/series/DEXCHUS
2025-04-24,위안화,7.2879,https://fred.stlouisfed.org/series/DEXCHUS
2025-04-25,위안화,7.2864,https://fred.stlouisfed.org/series/DEXCHUS
2025-04-28,위안화,7.2942,https://fred.stlouisfed.org/series/DEXCHUS
2025-04-29,위안화,7.269,https://fred.stlouisfed.org/series/DEXCHUS
2025-04-30,위안화,7.2706,https://fred.stlouisfed.org/series/DEXCHUS
2025-05-01,위안화,7.2706,https://fred.stlouisfed.org/series/DEXCHUS
2025-05-02,위안화,7.2706,https://fred.stlouisfed.org/series/DEXCHUS
2025-05-05,위안화,7.2706,https://fred.stlouisfed.org/series/DEXCHUS
2025-05-06,위안화,7.2164,https://fred.stlouisfed.org/series/DEXCHUS
2025-05-07,위안화,7.225,https://fred.stlouisfed.org/series/DEXCHUS
2025-05-08,위안화,7.234,https://fred.stlouisfed.org/series/DEXCHUS
2025-05-09,위안화,7.2364,https://fred.stlouisfed.org/series/DEXCHUS
2025-05-12,위안화,7.2018,https://fred.stlouisfed.org/series/DEXCHUS
2025-05-13,위안화,7.2057,https://fred.stlouisfed.org/series/DEXCHUS
2025-05-14,위안화,7.208,https://fred.stlouisfed.org/series/DEXCHUS
2025-05-15,위안화,7.2067,https://fred.stlouisfed.org/series/DEXCHUS
2025-05-16,위안화,7.209,https://fred.stlouisfed.org/series/DEXCHUS
2025-05-19,위안화,7.2144,https://fred.stlouisfed.org/series/DEXCHUS
2025-05-20,위안화,7.2194,https://fred.stlouisfed.org/series/DEXCHUS
2025-05-21,위안화,7.2019,https://fred.stlouisfed.org/series/DEXCHUS
2025-05-22,위안화,7.2037,https://fred.stlouisfed.org/series/DEXCHUS
2025-05-23,위안화,7.1798,https://fred.stlouisfed.org/series/DEXCHUS
2025-05-27,위안화,7.195,https://fred.stlouisfed.org/series/DEXCHUS
2025-05-28,위안화,7.1941,https://fred.stlouisfed.org/series/DEXCHUS
2025-05-29,위안화,7.1855,https://fred.stlouisfed.org/series/DEXCHUS
2025-05-30,위안화,7.1991,https://fred.stlouisfed.org/series/DEXCHUS
2025-06-02,위안화,7.1975,https://fred.stlouisfed.org/series/DEXCHUS
2025-06-03,위안화,7.1872,https://fred.stlouisfed.org/series/DEXCHUS
2025-06-04,위안화,7.1844,https://fred.stlouisfed.org/series/DEXCHUS
2025-06-05,위안화,7.175,https://fred.stlouisfed.org/series/DEXCHUS
2025-06-06,위안화,7.1886,https://fred.stlouisfed.org/series/DEXCHUS
2025-06-09,위안화,7.1802,https://fred.stlouisfed.org/series/DEXCHUS
2025-06-10,위안화,7.187,https://fred.stlouisfed.org/series/DEXCHUS
2025-06-11,위안화,7.1928,https://fred.stlouisfed.org/series/DEXCHUS
2025-06-12,위안화,7.1726,https://fred.stlouisfed.org/series/DEXCHUS
2025-06-13,위안화,7.181,https://fred.stlouisfed.org/series/DEXCHUS
2025-06-16,위안화,7.179,https://fred.stlouisfed.org/series/DEXCHUS
2025-06-17,위안화,7.1845,https://fred.stlouisfed.org/series/DEXCHUS
2025-06-18,위안화,7.1888,https://fred.stlouisfed.org/series/DEXCHUS
2025-06-20,위안화,7.1785,https://fred.stlouisfed.org/series/DEXCHUS
2025-06-23,위안화,7.179,https://fred.stlouisfed.org/series/DEXCHUS
2025-06-24,위안화,7.1713,https://fred.stlouisfed.org/series/DEXCHUS
2025-06-25,위안화,7.1764,https://fred.stlouisfed.org/series/DEXCHUS
2025-06-26,위안화,7.1675,https://fred.stlouisfed.org/series/DEXCHUS
2025-06-27,위안화,7.1721,https://fred.stlouisfed.org/series/DEXCHUS
2025-06-30,위안화,7.1636,https://fred.stlouisfed.org/series/DEXCHUS
2025-07-01,위안화,7.1647,https://fred.stlouisfed.org/series/DEXCHUS
2025-07-02,위안화,7.1649,https://fred.stlouisfed.org/series/DEXCHUS
2025-07-03,위안화,7.1684,https://fred.stlouisfed.org/series/DEXCHUS
2025-07-07,위안화,7.1744,https://fred.stlouisfed.org/series/DEXCHUS
2025-07-08,위안화,7.1738,https://fred.stlouisfed.org/series/DEXCHUS
2025-07-09,위안화,7.18,https://fred.stlouisfed.org/series/DEXCHUS
2025-07-10,위안화,7.1748,https://fred.stlouisfed.org/series/DEXCHUS
2025-07-11,위안화,7.1681,https://fred.stlouisfed.org/series/DEXCHUS
2025-07-14,위안화,7.167,https://fred.stlouisfed.org/series/DEXCHUS
2025-07-15,위안화,7.1729,https://fred.stlouisfed.org/series/DEXCHUS
2025-07-16,위안화,7.1791,https://fred.stlouisfed.org/series/DEXCHUS
2025-07-17,위안화,7.1832,https://fred.stlouisfed.org/series/DEXCHUS
2025-07-18,위안화,7.1776,https://fred.stlouisfed.org/series/DEXCHUS
2025-07-21,위안화,7.176,https://fred.stlouisfed.org/series/DEXCHUS
2025-07-22,위안화,7.1748,https://fred.stlouisfed.org/series/DEXCHUS
2025-07-23,위안화,7.1599,https://fred.stlouisfed.org/series/DEXCHUS
2025-07-24,위안화,7.1541,https://fred.stlouisfed.org/series/DEXCHUS
2025-07-25,위안화,7.1679,https://fred.stlouisfed.org/series/DEXCHUS
2025-07-28,위안화,7.1778,https://fred.stlouisfed.org/series/DEXCHUS
2025-07-29,위안화,7.1769,https://fred.stlouisfed.org/series/DEXCHUS
2025-07-30,위안화,7.1934,https://fred.stlouisfed.org/series/DEXCHUS
2025-07-31,위안화,7.2002,https://fred.stlouisfed.org/series/DEXCHUS
2025-08-01,위안화,7.2116,https://fred.stlouisfed.org/series/DEXCHUS
2025-08-04,위안화,7.178,https://fred.stlouisfed.org/series/DEXCHUS
2025-08-05,위안화,7.1835,https://fred.stlouisfed.org/series/DEXCHUS
2025-08-06,위안화,7.1822,https://fred.stlouisfed.org/series/DEXCHUS
2025-08-07,위안화,7.1806,https://fred.stlouisfed.org/series/DEXCHUS
2025-08-08,위안화,7.1839,https://fred.stlouisfed.org/series/DEXCHUS
2025-08-11,위안화,7.1884,https://fred.stlouisfed.org/series/DEXCHUS
2025-08-12,위안화,7.1785,https://fred.stlouisfed.org/series/DEXCHUS
2025-08-13,위안화,7.1744,https://fred.stlouisfed.org/series/DEXCHUS
2025-08-14,위안화,7.1795,https://fred.stlouisfed.org/series/DEXCHUS
2025-08-15,위안화,7.1817,https://fred.stlouisfed.org/series/DEXCHUS
2025-08-18,위안화,7.1847,https://fred.stlouisfed.org/series/DEXCHUS
2025-08-19,위안화,7.1819,https://fred.stlouisfed.org/series/DEXCHUS
2025-08-20,위안화,7.1757,https://fred.stlouisfed.org/series/DEXCHUS
2025-08-21,위안화,7.1793,https://fred.stlouisfed.org/series/DEXCHUS
2025-08-22,위안화,7.1651,https://fred.stlouisfed.org/series/DEXCHUS
2025-08-25,위안화,7.151,https://fred.stlouisfed.org/series/DEXCHUS
2025-08-26,위안화,7.152,https://fred.stlouisfed.org/series/DEXCHUS
2025-08-27,위안화,7.1536,https://fred.stlouisfed.org/series/DEXCHUS
2025-08-28,위안화,7.1306,https://fred.stlouisfed.org/series/DEXCHUS
2025-08-29,위안화,7.1304,https://fred.stlouisfed.org/series/DEXCHUS
2025-09-02,위안화,7.139,https://fred.stlouisfed.org/series/DEXCHUS
2025-09-03,위안화,7.1415,https://fred.stlouisfed.org/series/DEXCHUS
2025-09-04,위안화,7.1414,https://fred.stlouisfed.org/series/DEXCHUS
2025-09-05,위안화,7.1323,https://fred.stlouisfed.org/series/DEXCHUS
2025-09-08,위안화,7.1293,https://fred.stlouisfed.org/series/DEXCHUS
2025-09-09,위안화,7.1209,https://fred.stlouisfed.org/series/DEXCHUS
2025-09-10,위안화,7.1207,https://fred.stlouisfed.org/series/DEXCHUS
2025-09-11,위안화,7.1184,https://fred.stlouisfed.org/series/DEXCHUS
2025-09-12,위안화,7.1242,https://fred.stlouisfed.org/series/DEXCHUS
2025-09-15,위안화,7.1186,https://fred.stlouisfed.org/series/DEXCHUS
2025-09-16,위안화,7.1142,https://fred.stlouisfed.org/series/DEXCHUS
2025-09-17,위안화,7.1033,https://fred.stlouisfed.org/series/DEXCHUS
2025-09-18,위안화,7.1125,https://fred.stlouisfed.org/series/DEXCHUS
2025-09-19,위안화,7.1142,https://fred.stlouisfed.org/series/DEXCHUS
2025-09-22,위안화,7.114,https://fred.stlouisfed.org/series/DEXCHUS
2025-09-23,위안화,7.1116,https://fred.stlouisfed.org/series/DEXCHUS
2025-09-24,위안화,7.1315,https://fred.stlouisfed.org/series/DEXCHUS
2025-09-25,위안화,7.1338,https://fred.stlouisfed.org/series/DEXCHUS
2025-09-26,위안화,7.1328,https://fred.stlouisfed.org/series/DEXCHUS
2025-09-29,위안화,7.1194,https://fred.stlouisfed.org/series/DEXCHUS
2025-09-30,위안화,7.119,https://fred.stlouisfed.org/series/DEXCHUS
2025-10-01,위안화,7.12,https://fred.stlouisfed.org/series/DEXCHUS
2025-10-02,위안화,7.12,https://fred.stlouisfed.org/series/DEXCHUS
2025-10-03,위안화,7.12,https://fred.stlouisfed.org/series/DEXCHUS
2025-10-06,위안화,7.12,https://fred.stlouisfed.org/series/DEXCHUS
2025-10-07,위안화,7.12,https://fred.stlouisfed.org/series/DEXCHUS
2025-10-08,위안화,7.12,https://fred.stlouisfed.org/series/DEXCHUS
2025-10-09,위안화,7.1275,https://fred.stlouisfed.org/series/DEXCHUS
2025-10-10,위안화,7.134,https://fred.stlouisfed.org/series/DEXCHUS
2025-10-14,위안화,7.1384,https://fred.stlouisfed.org/series/DEXCHUS
2025-10-15,위안화,7.1262,https://fred.stlouisfed.org/series/DEXCHUS
2025-10-16,위안화,7.123,https://fred.stlouisfed.org/series/DEXCHUS
2025-10-17,위안화,7.1264,https://fred.stlouisfed.org/series/DEXCHUS
2025-10-20,위안화,7.1195,https://fred.stlouisfed.org/series/DEXCHUS
2025-10-21,위안화,7.1218,https://fred.stlouisfed.org/series/DEXCHUS
2025-10-22,위안화,7.1257,https://fred.stlouisfed.org/series/DEXCHUS
2025-10-23,위안화,7.1221,https://fred.stlouisfed.org/series/DEXCHUS
2025-10-24,위안화,7.1211,https://fred.stlouisfed.org/series/DEXCHUS
2025-10-27,위안화,7.1102,https://fred.stlouisfed.org/series/DEXCHUS
2025-10-28,위안화,7.0988,https://fred.stlouisfed.org/series/DEXCHUS
2025-10-29,위안화,7.098,https://fred.stlouisfed.org/series/DEXCHUS
2025-10-30,위안화,7.1097,https://fred.stlouisfed.org/series/DEXCHUS
2025-10-31,위안화,7.1169,https://fred.stlouisfed.org/series/DEXCHUS
2025-11-03,위안화,7.1222,https://fred.stlouisfed.org/series/DEXCHUS
2025-11-04,위안화,7.1295,https://fred.stlouisfed.org/series/DEXCHUS
2025-11-05,위안화,7.126,https://fred.stlouisfed.org/series/DEXCHUS
2025-11-06,위안화,7.1195,https://fred.stlouisfed.org/series/DEXCHUS
2025-11-07,위안화,7.1219,https://fred.stlouisfed.org/series/DEXCHUS
2025-11-10,위안화,7.1193,https://fred.stlouisfed.org/series/DEXCHUS
2025-11-12,위안화,7.112,https://fred.stlouisfed.org/series/DEXCHUS
2025-11-13,위안화,7.095,https://fred.stlouisfed.org/series/DEXCHUS
2025-11-14,위안화,7.0992,https://fred.stlouisfed.org/series/DEXCHUS
2025-11-17,위안화,7.1075,https://fred.stlouisfed.org/series/DEXCHUS
2025-11-18,위안화,7.1074,https://fred.stlouisfed.org/series/DEXCHUS
2025-11-19,위안화,7.1106,https://fred.stlouisfed.org/series/DEXCHUS
2025-11-20,위안화,7.1098,https://fred.stlouisfed.org/series/DEXCHUS
2025-11-21,위안화,7.1066,https://fred.stlouisfed.org/series/DEXCHUS
2025-11-24,위안화,7.102,https://fred.stlouisfed.org/series/DEXCHUS
2025-11-25,위안화,7.0845,https://fred.stlouisfed.org/series/DEXCHUS
2025-11-26,위안화,7.0758,https://fred.stlouisfed.org/series/DEXCHUS
2025-11-28,위안화,7.0751,https://fred.stlouisfed.org/series/DEXCHUS
2025-12-01,위안화,7.0717,https://fred.stlouisfed.org/series/DEXCHUS
2025-12-02,위안화,7.07,https://fred.stlouisfed.org/series/DEXCHUS
2025-12-03,위안화,7.0636,https://fred.stlouisfed.org/series/DEXCHUS
2025-12-04,위안화,7.0714,https://fred.stlouisfed.org/series/DEXCHUS
2025-12-05,위안화,7.0696,https://fred.stlouisfed.org/series/DEXCHUS
2025-12-08,위안화,7.071,https://fred.stlouisfed.org/series/DEXCHUS
2025-12-09,위안화,7.0633,https://fred.stlouisfed.org/series/DEXCHUS
2025-12-10,위안화,7.064,https://fred.stlouisfed.org/series/DEXCHUS
2025-12-11,위안화,7.0579,https://fred.stlouisfed.org/series/DEXCHUS
2025-12-12,위안화,7.0548,https://fred.stlouisfed.org/series/DEXCHUS
2025-12-15,위안화,7.047,https://fred.stlouisfed.org/series/DEXCHUS
2025-12-16,위안화,7.0417,https://fred.stlouisfed.org/series/DEXCHUS
2025-12-17,위안화,7.0431,https://fred.stlouisfed.org/series/DEXCHUS
2025-12-18,위안화,7.0404,https://fred.stlouisfed.org/series/DEXCHUS
2025-12-19,위안화,7.0409,https://fred.stlouisfed.org/series/DEXCHUS
2025-12-22,위안화,7.0367,https://fred.stlouisfed.org/series/DEXCHUS
2025-12-23,위안화,7.028,https://fred.stlouisfed.org/series/DEXCHUS
2025-12-24,위안화,7.0142,https://fred.stlouisfed.org/series/DEXCHUS
2025-12-26,위안화,7.0063,https://fred.stlouisfed.org/series/DEXCHUS
2025-12-29,위안화,7.0056,https://fred.stlouisfed.org/series/DEXCHUS
2025-12-30,위안화,6.9961,https://fred.stlouisfed.org/series/DEXCHUS
2025-12-31,위안화,6.9931,https://fred.stlouisfed.org/series/DEXCHUS
2026-01-02,위안화,6.9877,https://fred.stlouisfed.org/series/DEXCHUS
2026-01-05,위안화,6.988,https://fred.stlouisfed.org/series/DEXCHUS
2026-01-06,위안화,6.9834,https://fred.stlouisfed.org/series/DEXCHUS
2026-01-07,위안화,6.9965,https://fred.stlouisfed.org/series/DEXCHUS
2026-01-08,위안화,6.9835,https://fred.stlouisfed.org/series/DEXCHUS
2026-01-09,위안화,6.9772,https://fred.stlouisfed.org/series/DEXCHUS
2026-01-12,위안화,6.9731,https://fred.stlouisfed.org/series/DEXCHUS
2026-01-13,위안화,6.9775,https://fred.stlouisfed.org/series/DEXCHUS
2026-01-14,위안화,6.973,https://fred.stlouisfed.org/series/DEXCHUS
2026-01-15,위안화,6.966,https://fred.stlouisfed.org/series/DEXCHUS
2026-01-16,위안화,6.9681,https://fred.stlouisfed.org/series/DEXCHUS
2026-01-20,위안화,6.9599,https://fred.stlouisfed.org/series/DEXCHUS
2026-01-21,위안화,6.9637,https://fred.stlouisfed.org/series/DEXCHUS
2026-01-22,위안화,6.97,https://fred.stlouisfed.org/series/DEXCHUS
2026-01-23,위안화,6.9631,https://fred.stlouisfed.org/series/DEXCHUS
2026-01-26,위안화,6.9542,https://fred.stlouisfed.org/series/DEXCHUS
2026-01-27,위안화,6.9545,https://fred.stlouisfed.org/series/DEXCHUS
2026-01-28,위안화,6.9462,https://fred.stlouisfed.org/series/DEXCHUS
2026-01-29,위안화,6.948,https://fred.stlouisfed.org/series/DEXCHUS
2026-01-30,위안화,6.951,https://fred.stlouisfed.org/series/DEXCHUS
2026-02-02,위안화,6.9463,https://fred.stlouisfed.org/series/DEXCHUS
2026-02-03,위안화,6.9377,https://fred.stlouisfed.org/series/DEXCHUS
2026-02-04,위안화,6.9415,https://fred.stlouisfed.org/series/DEXCHUS
2026-02-05,위안화,6.9378,https://fred.stlouisfed.org/series/DEXCHUS
2026-02-06,위안화,6.9388,https://fred.stlouisfed.org/series/DEXCHUS
2026-02-09,위안화,6.92,https://fred.stlouisfed.org/series/DEXCHUS
2026-02-10,위안화,6.9106,https://fred.stlouisfed.org/series/DEXCHUS
2026-02-11,위안화,6.9125,https://fred.stlouisfed.org/series/DEXCHUS
2026-02-12,위안화,6.901,https://fred.stlouisfed.org/series/DEXCHUS
2026-02-13,위안화,6.908,https://fred.stlouisfed.org/series/DEXCHUS
2026-02-17,위안화,6.9031,https://fred.stlouisfed.org/series/DEXCHUS
2026-02-18,위안화,6.9031,https://fred.stlouisfed.org/series/DEXCHUS
2026-02-19,위안화,6.9031,https://fred.stlouisfed.org/series/DEXCHUS
2026-02-20,위안화,6.9031,https://fred.stlouisfed.org/series/DEXCHUS
2026-02-23,위안화,6.9031,https://fred.stlouisfed.org/series/DEXCHUS
2026-02-24,위안화,6.883,https://fred.stlouisfed.org/series/DEXCHUS
2026-02-25,위안화,6.8692,https://fred.stlouisfed.org/series/DEXCHUS
2026-02-26,위안화,6.8409,https://fred.stlouisfed.org/series/DEXCHUS
2026-02-27,위안화,6.8579,https://fred.stlouisfed.org/series/DEXCHUS
2026-03-02,위안화,6.8821,https://fred.stlouisfed.org/series/DEXCHUS
2026-03-03,위안화,6.8996,https://fred.stlouisfed.org/series/DEXCHUS
2026-03-04,위안화,6.8969,https://fred.stlouisfed.org/series/DEXCHUS
2026-03-05,위안화,6.8912,https://fred.stlouisfed.org/series/DEXCHUS
2026-03-06,위안화,6.8965,https://fred.stlouisfed.org/series/DEXCHUS
2026-03-09,위안화,6.9066,https://fred.stlouisfed.org/series/DEXCHUS
2026-03-10,위안화,6.8766,https://fred.stlouisfed.org/series/DEXCHUS
2026-03-11,위안화,6.8655,https://fred.stlouisfed.org/series/DEXCHUS
2026-03-12,위안화,6.8689,https://fred.stlouisfed.org/series/DEXCHUS
2026-03-13,위안화,6.8961,https://fred.stlouisfed.org/series/DEXCHUS
2026-03-16,위안화,6.8955,https://fred.stlouisfed.org/series/DEXCHUS
2026-03-17,위안화,6.8863,https://fred.stlouisfed.org/series/DEXCHUS
2026-03-18,위안화,6.8726,https://fred.stlouisfed.org/series/DEXCHUS
2026-03-19,위안화,6.8998,https://fred.stlouisfed.org/series/DEXCHUS
2026-03-20,위안화,6.8857,https://fred.stlouisfed.org/series/DEXCHUS
2026-03-23,위안화,6.8807,https://fred.stlouisfed.org/series/DEXCHUS
2026-03-24,위안화,6.8918,https://fred.stlouisfed.org/series/DEXCHUS
2026-03-25,위안화,6.9011,https://fred.stlouisfed.org/series/DEXCHUS
2026-03-26,위안화,6.9107,https://fred.stlouisfed.org/series/DEXCHUS
2026-03-27,위안화,6.9116,https://fred.stlouisfed.org/series/DEXCHUS
2026-03-30,위안화,6.9119,https://fred.stlouisfed.org/series/DEXCHUS
2026-03-31,위안화,6.898,https://fred.stlouisfed.org/series/DEXCHUS
2026-04-01,위안화,6.872,https://fred.stlouisfed.org/series/DEXCHUS
2026-04-02,위안화,6.8856,https://fred.stlouisfed.org/series/DEXCHUS
2026-04-03,위안화,6.8824,https://fred.stlouisfed.org/series/DEXCHUS
2026-04-06,위안화,6.8778,https://fred.stlouisfed.org/series/DEXCHUS
2026-04-07,위안화,6.8567,https://fred.stlouisfed.org/series/DEXCHUS
2026-04-08,위안화,6.8287,https://fred.stlouisfed.org/series/DEXCHUS
2026-04-09,위안화,6.8314,https://fred.stlouisfed.org/series/DEXCHUS
2026-04-10,위안화,6.8278,https://fred.stlouisfed.org/series/DEXCHUS
2026-04-13,위안화,6.8303,https://fred.stlouisfed.org/series/DEXCHUS
2026-04-14,위안화,6.8157,https://fred.stlouisfed.org/series/DEXCHUS
2026-04-15,위안화,6.818,https://fred.stlouisfed.org/series/DEXCHUS
2026-04-16,위안화,6.8208,https://fred.stlouisfed.org/series/DEXCHUS
2026-04-17,위안화,6.817,https://fred.stlouisfed.org/series/DEXCHUS
2026-04-20,위안화,6.8172,https://fred.stlouisfed.org/series/DEXCHUS
2026-04-21,위안화,6.8208,https://fred.stlouisfed.org/series/DEXCHUS
2026-04-22,위안화,6.8275,https://fred.stlouisfed.org/series/DEXCHUS
2026-04-23,위안화,6.826,https://fred.stlouisfed.org/series/DEXCHUS
2026-04-24,위안화,6.8359,https://fred.stlouisfed.org/series/DEXCHUS
2026-04-27,위안화,6.8228,https://fred.stlouisfed.org/series/DEXCHUS
2026-04-28,위안화,6.8374,https://fred.stlouisfed.org/series/DEXCHUS
2026-04-29,위안화,6.8375,https://fred.stlouisfed.org/series/DEXCHUS
2026-04-30,위안화,6.8273,https://fred.stlouisfed.org/series/DEXCHUS
2026-05-01,위안화,6.8276,https://fred.stlouisfed.org/series/DEXCHUS
2026-05-04,위안화,6.83,https://fred.stlouisfed.org/series/DEXCHUS
2026-05-05,위안화,6.8276,https://fred.stlouisfed.org/series/DEXCHUS
2026-05-06,위안화,6.811,https://fred.stlouisfed.org/series/DEXCHUS
2026-05-07,위안화,6.8014,https://fred.stlouisfed.org/series/DEXCHUS
2026-05-08,위안화,6.8005,https://fred.stlouisfed.org/series/DEXCHUS
2026-05-11,위안화,6.7948,https://fred.stlouisfed.org/series/DEXCHUS
2026-05-12,위안화,6.792,https://fred.stlouisfed.org/series/DEXCHUS
2026-05-13,위안화,6.7908,https://fred.stlouisfed.org/series/DEXCHUS
2026-05-14,위안화,6.7851,https://fred.stlouisfed.org/series/DEXCHUS
2026-05-15,위안화,6.8092,https://fred.stlouisfed.org/series/DEXCHUS
2026-05-18,위안화,6.8,https://fred.stlouisfed.org/series/DEXCHUS
2026-05-19,위안화,6.8145,https://fred.stlouisfed.org/series/DEXCHUS
2026-05-20,위안화,6.8005,https://fred.stlouisfed.org/series/DEXCHUS
2026-05-21,위안화,6.8025,https://fred.stlouisfed.org/series/DEXCHUS
2026-05-22,위안화,6.7945,https://fred.stlouisfed.org/series/DEXCHUS
2026-05-26,위안화,6.786,https://fred.stlouisfed.org/series/DEXCHUS
2026-05-27,위안화,6.7788,https://fred.stlouisfed.org/series/DEXCHUS
2026-05-28,위안화,6.7796,https://fred.stlouisfed.org/series/DEXCHUS
2026-05-29,위안화,6.7662,https://fred.stlouisfed.org/series/DEXCHUS
2026-06-01,위안화,6.765,https://fred.stlouisfed.org/series/DEXCHUS
2026-06-02,위안화,6.7622,https://fred.stlouisfed.org/series/DEXCHUS
2026-06-03,위안화,6.7692,https://fred.stlouisfed.org/series/DEXCHUS
2026-06-04,위안화,6.7735,https://fred.stlouisfed.org/series/DEXCHUS
2026-06-05,위안화,6.7655,https://fred.stlouisfed.org/series/DEXCHUS
2026-06-08,위안화,6.7832,https://fred.stlouisfed.org/series/DEXCHUS
2026-06-09,위안화,6.7722,https://fred.stlouisfed.org/series/DEXCHUS
2026-06-10,위안화,6.7745,https://fred.stlouisfed.org/series/DEXCHUS
2026-06-11,위안화,6.7756,https://fred.stlouisfed.org/series/DEXCHUS
2026-06-12,위안화,6.7626,https://fred.stlouisfed.org/series/DEXCHUS
2026-06-15,위안화,6.757,https://fred.stlouisfed.org/series/DEXCHUS
2026-06-16,위안화,6.7562,https://fred.stlouisfed.org/series/DEXCHUS
2026-06-17,위안화,6.7577,https://fred.stlouisfed.org/series/DEXCHUS
2026-06-18,위안화,6.7686,https://fred.stlouisfed.org/series/DEXCHUS
2026-06-22,위안화,6.7745,https://fred.stlouisfed.org/series/DEXCHUS
2026-06-23,위안화,6.79,https://fred.stlouisfed.org/series/DEXCHUS
2026-06-24,위안화,6.8106,https://fred.stlouisfed.org/series/DEXCHUS
2026-06-25,위안화,6.7976,https://fred.stlouisfed.org/series/DEXCHUS
2026-06-26,위안화,6.798,https://fred.stlouisfed.org/series/DEXCHUS
2026-06-29,위안화,6.7936,https://fred.stlouisfed.org/series/DEXCHUS
2026-06-30,위안화,6.7851,https://fred.stlouisfed.org/series/DEXCHUS
2026-07-01,위안화,6.7942,https://fred.stlouisfed.org/series/DEXCHUS
2026-07-02,위안화,6.7886,https://fred.stlouisfed.org/series/DEXCHUS
2026-07-06,위안화,6.7958,https://fred.stlouisfed.org/series/DEXCHUS
2026-07-07,위안화,6.7934,https://fred.stlouisfed.org/series/DEXCHUS
2026-07-08,위안화,6.8025,https://fred.stlouisfed.org/series/DEXCHUS
2026-07-09,위안화,6.7921,https://fred.stlouisfed.org/series/DEXCHUS
2026-07-10,위안화,6.7766,https://fred.stlouisfed.org/series/DEXCHUS
2026-07-13,위안화,6.7795,https://fred.stlouisfed.org/series/DEXCHUS
2026-07-14,위안화,6.77,https://fred.stlouisfed.org/series/DEXCHUS
2026-07-15,위안화,6.7682,https://fred.stlouisfed.org/series/DEXCHUS
2026-07-16,위안화,6.7726,https://fred.stlouisfed.org/series/DEXCHUS
2026-07-17,위안화,6.776,https://fred.stlouisfed.org/series/DEXCHUS
2026-07-20,위안화,6.7668,https://fred.stlouisfed.org/series/DEXCHUS
2026-07-21,위안화,6.7656,https://fred.stlouisfed.org/series/DEXCHUS
2026-07-22,위안화,6.7725,https://fred.stlouisfed.org/series/DEXCHUS
2026-07-23,위안화,6.7701,https://fred.stlouisfed.org/series/DEXCHUS
2026-07-24,위안화,6.7719,https://fred.stlouisfed.org/series/DEXCHUS
2026-07-27,위안화,6.7657,https://fred.stlouisfed.org/series/DEXCHUS
2026-07-28,위안화,6.771,https://fred.stlouisfed.org/series/DEXCHUS
2026-07-29,위안화,6.7661,https://fred.stlouisfed.org/series/DEXCHUS
2026-07-30,위안화,6.755,https://fred.stlouisfed.org/series/DEXCHUS
2026-07-31,위안화,6.7509,https://fred.stlouisfed.org/series/DEXCHUS
2026-08-03,위안화,6.7563,https://fred.stlouisfed.org/series/DEXCHUS
2026-08-04,위안화,6.7532,https://fred.stlouisfed.org/series/DEXCHUS
2026-08-05,위안화,6.7483,https://fred.stlouisfed.org/series/DEXCHUS
2026-08-06,위안화,6.7488,https://fred.stlouisfed.org/series/DEXCHUS
2026-08-07,위안화,6.7474,https://fred.stlouisfed.org/series/DEXCHUS
2026-08-10,위안화,6.7452,https://fred.stlouisfed.org/series/DEXCHUS
2026-08-11,위안화,6.745,https://fred.stlouisfed.org/series/DEXCHUS
2026-08-12,위안화,6.7433,https://fred.stlouisfed.org/series/DEXCHUS
2026-08-13,위안화,6.7428,https://fred.stlouisfed.org/series/DEXCHUS
2026-08-14,위안화,6.7412,https://fred.stlouisfed.org/series/DEXCHUS
2026-08-17,위안화,6.7399,https://fred.stlouisfed.org/series/DEXCHUS
2026-08-18,위안화,6.743,https://fred.stlouisfed.org/series/DEXCHUS
2026-08-19,위안화,6.7295,https://fred.stlouisfed.org/series/DEXCHUS
2026-08-20,위안화,6.7225,https://fred.stlouisfed.org/series/DEXCHUS
2026-08-21,위안화,6.721,https://fred.stlouisfed.org/series/DEXCHUS
2026-08-24,위안화,6.7219,https://fred.stlouisfed.org/series/DEXCHUS
2026-08-25,위안화,6.7203,https://fred.stlouisfed.org/series/DEXCHUS
2026-08-26,위안화,6.7225,https://fred.stlouisfed.org/series/DEXCHUS
2026-08-27,위안화,6.7198,https://fred.stlouisfed.org/series/DEXCHUS
2026-08-28,위안화,6.726,https://fred.stlouisfed.org/series/DEXCHUS
2026-08-31,위안화,6.7197,https://fred.stlouisfed.org/series/DEXCHUS
2026-09-01,위안화,6.7202,https://fred.stlouisfed.org/series/DEXCHUS
2026-09-02,위안화,6.719,https://fred.stlouisfed.org/series/DEXCHUS
2026-09-03,위안화,6.7181,https://fred.stlouisfed.org/series/DEXCHUS
2026-09-04,위안화,6.7108,https://fred.stlouisfed.org/series/DEXCHUS
2026-09-08,위안화,6.7105,https://fred.stlouisfed.org/series/DEXCHUS
2026-09-09,위안화,6.7059,https://fred.stlouisfed.org/series/DEXCHUS
2026-09-10,위안화,6.7061,https://fred.stlouisfed.org/series/DEXCHUS
2026-09-11,위안화,6.708,https://fred.stlouisfed.org/series/DEXCHUS
2026-09-14,위안화,6.7082,https://fred.stlouisfed.org/series/DEXCHUS
2026-09-15,위안화,6.7112,https://fred.stlouisfed.org/series/DEXCHUS
2026-09-16,위안화,6.706,https://fred.stlouisfed.org/series/DEXCHUS
2026-09-17,위안화,6.7074,https://fred.stlouisfed.org/series/DEXCHUS
2026-09-18,위안화,6.6975,https://fred.stlouisfed.org/series/DEXCHUS
2021-09-01,한국수출액,57672.9,https://ecos.bok.or.kr
2021-10-01,한국수출액,56065.2,https://ecos.bok.or.kr
2021-11-01,한국수출액,59313.0,https://ecos.bok.or.kr
2021-12-01,한국수출액,61837.6,https://ecos.bok.or.kr
2022-01-01,한국수출액,56626.9,https://ecos.bok.or.kr
2022-02-01,한국수출액,54886.2,https://ecos.bok.or.kr
2022-03-01,한국수출액,65933.2,https://ecos.bok.or.kr
2022-04-01,한국수출액,59783.8,https://ecos.bok.or.kr
2022-05-01,한국수출액,62611.6,https://ecos.bok.or.kr
2022-06-01,한국수출액,60299.0,https://ecos.bok.or.kr
2022-07-01,한국수출액,59295.6,https://ecos.bok.or.kr
2022-08-01,한국수출액,57615.0,https://ecos.bok.or.kr
2022-09-01,한국수출액,58020.1,https://ecos.bok.or.kr
2022-10-01,한국수출액,53859.4,https://ecos.bok.or.kr
2022-11-01,한국수출액,52722.5,https://ecos.bok.or.kr
2022-12-01,한국수출액,56101.8,https://ecos.bok.or.kr
2023-01-01,한국수출액,47793.3,https://ecos.bok.or.kr
2023-02-01,한국수출액,50287.2,https://ecos.bok.or.kr
2023-03-01,한국수출액,56194.1,https://ecos.bok.or.kr
2023-04-01,한국수출액,48862.3,https://ecos.bok.or.kr
2023-05-01,한국수출액,52202.2,https://ecos.bok.or.kr
2023-06-01,한국수출액,54049.9,https://ecos.bok.or.kr
2023-07-01,한국수출액,50329.0,https://ecos.bok.or.kr
2023-08-01,한국수출액,53613.8,https://ecos.bok.or.kr
2023-09-01,한국수출액,56536.6,https://ecos.bok.or.kr
2023-10-01,한국수출액,56533.7,https://ecos.bok.or.kr
2023-11-01,한국수출액,56305.2,https://ecos.bok.or.kr
2023-12-01,한국수출액,59409.9,https://ecos.bok.or.kr
2024-01-01,한국수출액,55460.9,https://ecos.bok.or.kr
2024-02-01,한국수출액,52616.4,https://ecos.bok.or.kr
2024-03-01,한국수출액,59188.0,https://ecos.bok.or.kr
2024-04-01,한국수출액,58196.3,https://ecos.bok.or.kr
2024-05-01,한국수출액,59709.7,https://ecos.bok.or.kr
2024-06-01,한국수출액,59928.3,https://ecos.bok.or.kr
2024-07-01,한국수출액,59241.0,https://ecos.bok.or.kr
2024-08-01,한국수출액,58252.9,https://ecos.bok.or.kr
2024-09-01,한국수출액,62008.6,https://ecos.bok.or.kr
2024-10-01,한국수출액,58962.7,https://ecos.bok.or.kr
2024-11-01,한국수출액,57036.4,https://ecos.bok.or.kr
2024-12-01,한국수출액,63373.6,https://ecos.bok.or.kr
2025-01-01,한국수출액,50408.8,https://ecos.bok.or.kr
2025-02-01,한국수출액,54186.3,https://ecos.bok.or.kr
2025-03-01,한국수출액,60129.5,https://ecos.bok.or.kr
2025-04-01,한국수출액,58613.4,https://ecos.bok.or.kr
2025-05-01,한국수출액,57928.1,https://ecos.bok.or.kr
2025-06-01,한국수출액,60921.7,https://ecos.bok.or.kr
2025-07-01,한국수출액,60755.8,https://ecos.bok.or.kr
2025-08-01,한국수출액,57546.6,https://ecos.bok.or.kr
2025-09-01,한국수출액,67954.0,https://ecos.bok.or.kr
2025-10-01,한국수출액,56725.6,https://ecos.bok.or.kr
2025-11-01,한국수출액,62118.4,https://ecos.bok.or.kr
2025-12-01,한국수출액,71654.3,https://ecos.bok.or.kr
2026-01-01,한국수출액,65511.3,https://ecos.bok.or.kr
2026-02-01,한국수출액,70366.6,https://ecos.bok.or.kr
2026-03-01,한국수출액,94900.7,https://ecos.bok.or.kr
2026-04-01,한국수출액,90586.8,https://ecos.bok.or.kr
2026-05-01,한국수출액,94342.2,https://ecos.bok.or.kr
2026-06-01,한국수출액,112371.0,https://ecos.bok.or.kr
2026-07-01,한국수출액,100450.0,https://ecos.bok.or.kr
